customer_number,first_name,last_name,date_of_birth,nationality_id,residence_country_id,occupation,annual_income,source_of_funds,pep_flag,customer_risk_level,customer_status
NSB000001,Christian,Anderson,1956-01-02,13,7,Financial Analyst,54120.23,BUSINESS,False,LOW,ACTIVE
NSB000002,Tonya,Rasmussen,1988-10-11,15,11,Doctor,98896.97,PENSION,False,HIGH,ACTIVE
NSB000003,Jamie,Watson,2002-10-19,9,9,Software Engineer,56739.86,SAVINGS,False,MEDIUM,ACTIVE
NSB000004,Tracy,Johnson,1969-05-11,10,4,Architect,44160.4,INHERITANCE,False,MEDIUM,ACTIVE
NSB000005,Julie,Hendrix,1943-11-24,16,14,Engineer,114975.69,INHERITANCE,False,LOW,ACTIVE
NSB000006,Dustin,Torres,1968-05-17,2,1,Marketing Manager,70736.78,PENSION,False,CRITICAL,ACTIVE
NSB000007,Mary,Schwartz,1974-03-29,6,15,Financial Analyst,76635.91,PENSION,False,MEDIUM,ACTIVE
NSB000008,Jason,Reed,1963-06-16,20,16,Teacher,38499.54,SALARY,False,LOW,INACTIVE
NSB000009,Jamie,Williams,1953-05-17,18,7,Doctor,135535.46,PENSION,False,MEDIUM,ACTIVE
NSB000010,Brandon,Taylor,1980-01-05,15,9,Doctor,145868.12,INHERITANCE,False,MEDIUM,ACTIVE
NSB000011,Gregory,Roberson,1971-03-23,19,2,Architect,46049.27,INHERITANCE,False,LOW,ACTIVE
NSB000012,Phyllis,Powell,1962-04-19,7,10,Financial Analyst,114414.81,PENSION,False,MEDIUM,ACTIVE
NSB000013,Susan,Allen,1999-11-21,20,17,Doctor,135007.6,PENSION,False,LOW,ACTIVE
NSB000014,Nancy,Lewis,2004-02-01,6,10,Architect,79548.88,SALARY,False,MEDIUM,ACTIVE
NSB000015,Travis,Jackson,1967-05-14,2,3,Accountant,71994.89,BUSINESS,False,MEDIUM,INACTIVE
NSB000016,Shane,Wagner,1983-09-02,16,1,Data Analyst,81970.52,SALARY,False,LOW,ACTIVE
NSB000017,Tommy,Mathews,1994-04-25,11,15,Sales Manager,51873.55,SAVINGS,False,LOW,ACTIVE
NSB000018,Brenda,Boyer,1986-12-04,8,10,Nurse,61839.52,INHERITANCE,False,MEDIUM,BLOCKED
NSB000019,Cassandra,Proctor,1980-09-01,7,11,Business Owner,214607.83,SAVINGS,False,MEDIUM,ACTIVE
NSB000020,Angela,Estrada,1958-07-01,5,11,Student,33188.03,BUSINESS,False,HIGH,CLOSED
NSB000021,Steven,Conner,1983-06-23,20,11,Teacher,53801.7,INHERITANCE,False,LOW,ACTIVE
NSB000022,Andrew,Parker,1941-09-13,12,1,Engineer,95547.63,PENSION,False,LOW,ACTIVE
NSB000023,Matthew,Fox,1941-05-11,2,9,Data Analyst,98383.95,INHERITANCE,False,LOW,ACTIVE
NSB000024,Jaime,Richardson,2006-03-18,11,1,Consultant,118047.79,SALARY,False,LOW,ACTIVE
NSB000025,Mario,Johnson,1949-01-05,16,8,Lawyer,157132.04,INHERITANCE,False,LOW,ACTIVE
NSB000026,Kristina,Hernandez,1944-03-08,20,16,Doctor,175550.43,INVESTMENTS,False,HIGH,ACTIVE
NSB000027,Teresa,Randolph,2002-04-18,11,15,Lawyer,129124.69,INHERITANCE,False,MEDIUM,ACTIVE
NSB000028,Kevin,Herring,1941-12-26,5,8,Student,29261.38,INHERITANCE,False,LOW,ACTIVE
NSB000029,Douglas,Lewis,1989-10-14,4,1,Software Engineer,116294.55,PENSION,False,MEDIUM,ACTIVE
NSB000030,Christopher,Smith,1997-11-22,7,4,Business Owner,194124.47,SAVINGS,False,LOW,ACTIVE
NSB000031,Cassandra,Young,1977-10-16,8,5,Consultant,53642.91,INHERITANCE,False,LOW,ACTIVE
NSB000032,Michael,Ross,1981-05-01,17,18,Student,28687.1,PENSION,False,LOW,ACTIVE
NSB000033,Jenna,Henry,1966-04-21,12,9,Student,24985.52,SAVINGS,False,LOW,ACTIVE
NSB000034,Jeremy,Donaldson,1959-07-26,4,1,Business Owner,86855.59,SAVINGS,False,LOW,ACTIVE
NSB000035,John,Murphy,1952-04-08,7,14,Software Engineer,76024.49,SALARY,False,LOW,ACTIVE
NSB000036,Julie,Collins,1996-10-02,2,4,Accountant,57173.87,INVESTMENTS,False,LOW,ACTIVE
NSB000037,Monica,Clements,1980-09-03,20,1,Architect,62973.92,PENSION,False,LOW,CLOSED
NSB000038,Elizabeth,Gates,1973-03-07,2,14,Marketing Manager,101348.47,PENSION,False,MEDIUM,ACTIVE
NSB000039,Jacqueline,Young,1985-12-15,16,15,Doctor,221448.3,INVESTMENTS,False,MEDIUM,ACTIVE
NSB000040,Kari,Thomas,1976-06-19,11,1,Architect,82571.04,SAVINGS,False,MEDIUM,ACTIVE
NSB000041,Parker,Wilson,1958-05-01,16,6,Business Owner,159081.67,SALARY,False,LOW,ACTIVE
NSB000042,Sonia,Webster,2006-02-16,7,9,Data Analyst,70709.43,SALARY,False,LOW,ACTIVE
NSB000043,Justin,Johnson,1953-08-27,17,13,Marketing Manager,118983.16,SAVINGS,False,LOW,ACTIVE
NSB000044,Mark,Robinson,1949-12-08,3,12,Software Engineer,115426.8,INHERITANCE,False,LOW,ACTIVE
NSB000045,Mary,Kramer,1975-09-23,5,6,Sales Manager,105580.91,PENSION,False,MEDIUM,INACTIVE
NSB000046,Kathryn,Edwards,1990-05-07,17,2,Student,27110.15,INVESTMENTS,False,LOW,ACTIVE
NSB000047,Brent,Mccullough,1982-03-19,17,10,Architect,97305.15,INVESTMENTS,False,LOW,ACTIVE
NSB000048,Carl,Taylor,1970-11-14,4,19,Accountant,75570.28,BUSINESS,False,LOW,ACTIVE
NSB000049,Elizabeth,Lucas,1999-09-06,19,19,Nurse,47204.85,SALARY,False,LOW,CLOSED
NSB000050,Robert,Mckinney,1996-03-17,4,19,Teacher,64480.61,BUSINESS,False,HIGH,ACTIVE
NSB000051,Adam,Lane,1986-02-15,14,18,Nurse,39758.17,INHERITANCE,False,LOW,ACTIVE
NSB000052,Jessica,Rosario,1998-05-11,1,6,Teacher,31991.31,INHERITANCE,False,LOW,ACTIVE
NSB000053,Catherine,Porter,1954-09-04,2,20,Business Owner,206074.58,PENSION,False,HIGH,ACTIVE
NSB000054,Melanie,Duran,1967-01-31,5,7,Software Engineer,51517.12,INVESTMENTS,False,HIGH,ACTIVE
NSB000055,Diane,Mahoney,1949-10-19,12,4,Accountant,49828.89,INHERITANCE,False,LOW,ACTIVE
NSB000056,Robert,Coleman,1967-07-01,13,5,Teacher,41640.33,INVESTMENTS,False,LOW,ACTIVE
NSB000057,Michelle,Cooper,1983-09-23,18,8,Sales Manager,85605.85,INHERITANCE,False,LOW,ACTIVE
NSB000058,Deborah,Howell,1970-09-11,12,3,Teacher,40490.34,PENSION,False,MEDIUM,ACTIVE
NSB000059,Morgan,Edwards,2003-02-21,15,4,Marketing Manager,50219.25,INVESTMENTS,False,LOW,CLOSED
NSB000060,Shirley,Faulkner,1991-12-04,6,1,Accountant,85852.3,SAVINGS,False,LOW,ACTIVE
NSB000061,Jon,Pace,1953-06-23,1,13,Data Analyst,43269.56,SALARY,False,MEDIUM,ACTIVE
NSB000062,Wesley,Anderson,1959-09-27,5,3,Doctor,214574.64,PENSION,False,HIGH,ACTIVE
NSB000063,James,Johnson,1981-10-26,14,1,Data Analyst,72196.77,SALARY,False,MEDIUM,ACTIVE
NSB000064,Kenneth,Miller,1990-08-02,15,17,Student,23253.53,BUSINESS,False,LOW,CLOSED
NSB000065,Vincent,Poole,1974-01-25,14,11,Accountant,77156.39,BUSINESS,False,MEDIUM,ACTIVE
NSB000066,Gail,Potter,1976-09-04,20,7,Engineer,70416.65,PENSION,False,MEDIUM,ACTIVE
NSB000067,Mark,Houston,1960-08-12,15,15,Doctor,158199.22,BUSINESS,False,HIGH,ACTIVE
NSB000068,Tyler,Proctor,1978-04-16,8,10,Accountant,89602.45,SAVINGS,False,LOW,ACTIVE
NSB000069,Erika,Lee,1987-03-17,12,19,Doctor,188102.37,BUSINESS,False,LOW,ACTIVE
NSB000070,Kathleen,Hill,1985-07-17,7,16,Data Analyst,59987.7,SALARY,False,LOW,ACTIVE
NSB000071,Nicole,White,1950-08-10,6,10,Engineer,115658.59,PENSION,False,MEDIUM,ACTIVE
NSB000072,Susan,Martinez,1955-01-24,14,9,Consultant,112425.63,INVESTMENTS,False,LOW,BLOCKED
NSB000073,Samantha,Case,1978-01-04,4,18,Business Owner,144520.67,PENSION,False,MEDIUM,ACTIVE
NSB000074,Whitney,Palmer,1958-02-14,14,14,Financial Analyst,69496.3,INHERITANCE,False,LOW,ACTIVE
NSB000075,Amanda,Anderson,1995-06-16,10,19,Software Engineer,75200.9,SALARY,False,LOW,ACTIVE
NSB000076,Jason,Wood,1974-03-08,9,2,Data Analyst,50503.3,INVESTMENTS,False,LOW,ACTIVE
NSB000077,Cody,Crawford,1999-11-08,17,17,Architect,83532.71,INVESTMENTS,False,CRITICAL,ACTIVE
NSB000078,Bryan,Moore,1986-04-01,6,17,Marketing Manager,119985.31,INVESTMENTS,False,HIGH,ACTIVE
NSB000079,Connie,Martinez,1997-05-06,7,15,Sales Manager,47392.23,PENSION,False,LOW,ACTIVE
NSB000080,Theresa,Thomas,1987-09-01,5,17,Accountant,46986.95,SAVINGS,False,LOW,ACTIVE
NSB000081,Vincent,Williams,1978-08-11,10,15,Consultant,147206.41,SALARY,False,MEDIUM,ACTIVE
NSB000082,Regina,Fleming,1983-03-05,2,14,Teacher,43011.37,INHERITANCE,False,LOW,ACTIVE
NSB000083,Yolanda,Scott,1986-02-17,8,4,Doctor,177427.25,SAVINGS,False,HIGH,ACTIVE
NSB000084,Michael,Johnson,1955-04-23,5,19,Architect,96950.98,BUSINESS,False,MEDIUM,ACTIVE
NSB000085,Tammy,Hansen,1941-07-15,2,2,Doctor,124430.47,SAVINGS,False,LOW,ACTIVE
NSB000086,Joshua,Davidson,1955-10-07,13,20,Consultant,133398.51,SAVINGS,False,LOW,ACTIVE
NSB000087,Christopher,Stephens,1969-12-18,17,19,Doctor,116703.92,BUSINESS,False,CRITICAL,ACTIVE
NSB000088,Michele,Smith,1996-07-01,10,7,Data Analyst,76743.72,INHERITANCE,False,LOW,ACTIVE
NSB000089,Steven,Schultz,1968-10-07,19,11,Engineer,75484.48,SAVINGS,False,LOW,ACTIVE
NSB000090,Connie,Wolfe,1959-09-15,15,3,Consultant,129079.25,SALARY,False,HIGH,ACTIVE
NSB000091,Christina,Hoffman,1948-06-25,2,6,Financial Analyst,101836.09,INHERITANCE,False,LOW,ACTIVE
NSB000092,Lawrence,Buchanan,1959-03-02,12,5,Doctor,163098.48,BUSINESS,False,MEDIUM,ACTIVE
NSB000093,Michael,Garza,1977-09-18,3,3,Nurse,52411.93,SAVINGS,False,LOW,ACTIVE
NSB000094,Joseph,Johnson,2000-06-28,6,3,Data Analyst,74980.82,PENSION,True,MEDIUM,ACTIVE
NSB000095,Daniel,Contreras,1959-05-10,20,17,Architect,95192.44,INHERITANCE,False,LOW,ACTIVE
NSB000096,Leonard,Charles,1961-02-07,13,7,Engineer,82187.38,SAVINGS,False,LOW,ACTIVE
NSB000097,Robyn,Johnson,1978-05-16,16,6,Software Engineer,55579.34,INVESTMENTS,False,LOW,ACTIVE
NSB000098,Peter,Hart,1957-08-09,12,20,Architect,87906.48,INHERITANCE,False,LOW,ACTIVE
NSB000099,Anthony,James,1943-03-11,9,5,Software Engineer,98259.13,PENSION,False,LOW,ACTIVE
NSB000100,Jessica,Webb,1961-07-03,10,2,Data Analyst,40937.13,BUSINESS,False,HIGH,ACTIVE
NSB000101,Chad,Smith,1958-02-03,5,17,Student,25446.89,BUSINESS,False,MEDIUM,ACTIVE
NSB000102,Julian,Taylor,1988-12-10,6,7,Sales Manager,53700.3,SALARY,True,MEDIUM,ACTIVE
NSB000103,Isaac,Hall,1977-08-28,17,3,Data Analyst,80997.22,SAVINGS,False,MEDIUM,ACTIVE
NSB000104,Austin,Sharp,1986-03-12,8,20,Lawyer,104953.69,BUSINESS,False,LOW,ACTIVE
NSB000105,Steven,Reeves,1947-12-17,20,19,Business Owner,218517.08,INHERITANCE,False,LOW,ACTIVE
NSB000106,Mary,Holmes,1999-11-07,3,4,Sales Manager,127986.36,INVESTMENTS,False,CRITICAL,ACTIVE
NSB000107,Patricia,Wilkinson,1989-07-26,15,11,Data Analyst,55926.18,PENSION,False,MEDIUM,ACTIVE
NSB000108,Katelyn,Parsons,1964-12-22,9,17,Student,30315.61,INHERITANCE,False,LOW,ACTIVE
NSB000109,Taylor,Lowe,1989-03-03,9,8,Data Analyst,90238.05,INHERITANCE,False,HIGH,ACTIVE
NSB000110,Jeremy,Walsh,1945-02-24,19,1,Financial Analyst,67256.82,BUSINESS,False,MEDIUM,ACTIVE
NSB000111,Erin,Huff,1990-04-23,6,5,Software Engineer,47574.08,SAVINGS,False,MEDIUM,ACTIVE
NSB000112,Kelli,Jones,1957-12-23,12,6,Consultant,52301.79,PENSION,False,LOW,BLOCKED
NSB000113,Michele,Woods,1943-03-23,13,18,Financial Analyst,105128.92,INVESTMENTS,False,LOW,ACTIVE
NSB000114,Adam,Adams,1943-09-13,20,10,Doctor,103047.91,SAVINGS,False,LOW,CLOSED
NSB000115,Melissa,Rodriguez,2002-01-30,2,7,Consultant,95955.46,PENSION,False,CRITICAL,ACTIVE
NSB000116,Jacob,Costa,1941-01-06,3,18,Financial Analyst,60294.46,SAVINGS,False,MEDIUM,ACTIVE
NSB000117,Mark,Boyd,1985-03-12,8,6,Nurse,59905.57,BUSINESS,False,HIGH,ACTIVE
NSB000118,Jessica,Morgan,1971-01-16,19,20,Consultant,119779.98,BUSINESS,False,MEDIUM,ACTIVE
NSB000119,Dale,Hicks,1947-12-12,12,1,Teacher,43819.82,INVESTMENTS,False,MEDIUM,ACTIVE
NSB000120,Michael,Moore,2004-04-17,14,13,Engineer,48074.85,SALARY,False,HIGH,ACTIVE
NSB000121,David,Gomez,1958-02-26,5,19,Teacher,62125.09,INHERITANCE,False,LOW,CLOSED
NSB000122,Jasmine,Green,1943-12-31,15,1,Accountant,70485.67,PENSION,False,LOW,ACTIVE
NSB000123,Robert,Copeland,1959-07-15,13,2,Marketing Manager,87436.59,PENSION,False,MEDIUM,ACTIVE
NSB000124,William,Taylor,1988-06-02,8,7,Lawyer,144977.41,PENSION,False,HIGH,ACTIVE
NSB000125,Michael,Norton,1958-10-29,1,2,Data Analyst,86382.03,INVESTMENTS,False,LOW,INACTIVE
NSB000126,Charles,Melton,1949-05-09,20,8,Engineer,115922.86,BUSINESS,False,MEDIUM,ACTIVE
NSB000127,Barbara,Matthews,1954-12-14,1,2,Architect,42430.78,INHERITANCE,False,MEDIUM,ACTIVE
NSB000128,Shelley,Banks,1994-12-24,12,13,Accountant,79142.01,SAVINGS,False,LOW,ACTIVE
NSB000129,David,Arnold,1944-06-13,2,11,Teacher,30453.27,INHERITANCE,False,MEDIUM,ACTIVE
NSB000130,Sean,Freeman,1948-05-08,14,10,Doctor,162553.85,SALARY,False,MEDIUM,ACTIVE
NSB000131,Brenda,Lane,1977-10-29,18,14,Financial Analyst,81319.63,BUSINESS,False,MEDIUM,ACTIVE
NSB000132,James,Esparza,1968-04-22,16,16,Business Owner,126158.51,BUSINESS,False,MEDIUM,ACTIVE
NSB000133,Mario,Benson,1949-11-27,18,4,Student,34284.66,INVESTMENTS,True,CRITICAL,ACTIVE
NSB000134,Mark,Burnett,1946-09-16,6,5,Sales Manager,110212.44,PENSION,False,LOW,ACTIVE
NSB000135,Gerald,Rosales,1976-09-30,3,15,Data Analyst,64760.31,SAVINGS,False,MEDIUM,ACTIVE
NSB000136,Lydia,Morales,1984-04-07,15,19,Consultant,50449.13,PENSION,False,LOW,ACTIVE
NSB000137,Jack,Gibbs,1968-03-07,3,1,Nurse,60975.72,INHERITANCE,False,MEDIUM,ACTIVE
NSB000138,Barbara,Bennett,1972-07-24,10,19,Lawyer,171809.6,PENSION,False,LOW,ACTIVE
NSB000139,Sharon,Brooks,1943-06-22,13,9,Engineer,92692.04,SALARY,False,MEDIUM,ACTIVE
NSB000140,Mary,Jones,2003-07-21,2,1,Nurse,32593.34,INVESTMENTS,False,MEDIUM,ACTIVE
NSB000141,William,Brown,1996-04-09,15,8,Software Engineer,56048.17,INHERITANCE,False,HIGH,ACTIVE
NSB000142,Julie,Drake,1960-10-15,17,3,Doctor,139299.53,SAVINGS,False,LOW,ACTIVE
NSB000143,Michelle,Hernandez,1998-08-27,3,5,Lawyer,53321.84,SALARY,False,MEDIUM,ACTIVE
NSB000144,Mike,Gill,1949-12-30,3,13,Student,12717.52,INVESTMENTS,False,HIGH,ACTIVE
NSB000145,Tammy,Bryan,1994-01-11,18,7,Financial Analyst,90242.51,BUSINESS,False,HIGH,ACTIVE
NSB000146,Mackenzie,Wright,1983-04-09,19,9,Lawyer,130024.09,INVESTMENTS,False,MEDIUM,ACTIVE
NSB000147,Patrick,Flores,1996-01-07,20,14,Architect,48209.81,PENSION,False,HIGH,CLOSED
NSB000148,Stephen,Munoz,1995-09-13,1,4,Nurse,43055.04,SAVINGS,False,HIGH,ACTIVE
NSB000149,Christopher,Hammond,1958-03-28,13,9,Accountant,46567.19,SALARY,False,LOW,ACTIVE
NSB000150,Randy,Young,1965-10-11,15,7,Data Analyst,50859.24,BUSINESS,False,LOW,INACTIVE
NSB000151,Austin,Matthews,1958-10-20,15,17,Teacher,64422.76,SALARY,False,LOW,ACTIVE
NSB000152,Suzanne,Baker,1999-01-21,10,2,Software Engineer,101783.85,INVESTMENTS,False,CRITICAL,ACTIVE
NSB000153,Amanda,Sullivan,1998-10-01,4,2,Accountant,85015.54,BUSINESS,False,LOW,BLOCKED
NSB000154,William,Duncan,1999-08-27,2,11,Consultant,52992.92,BUSINESS,False,MEDIUM,INACTIVE
NSB000155,Angela,Mccarty,1957-03-13,20,10,Financial Analyst,108817.63,SAVINGS,False,MEDIUM,ACTIVE
NSB000156,Kaitlin,Vang,2006-03-02,12,2,Teacher,63277.96,SAVINGS,True,MEDIUM,ACTIVE
NSB000157,Tyler,Jones,1999-10-09,3,8,Lawyer,123922.09,PENSION,False,LOW,ACTIVE
NSB000158,Laurie,Clark,1952-10-23,11,9,Lawyer,52371.78,INVESTMENTS,False,MEDIUM,ACTIVE
NSB000159,Nicole,Lewis,1989-03-02,13,8,Financial Analyst,63744.05,INVESTMENTS,False,LOW,ACTIVE
NSB000160,Jill,Sanchez,1945-02-21,7,12,Consultant,142452.01,SAVINGS,False,LOW,ACTIVE
NSB000161,Michael,Cole,1950-07-14,16,10,Nurse,40075.58,INHERITANCE,False,MEDIUM,ACTIVE
NSB000162,Vincent,Montgomery,1971-11-23,10,14,Consultant,118591.8,INHERITANCE,False,LOW,ACTIVE
NSB000163,Wayne,Mason,1958-11-01,19,20,Sales Manager,98741.88,PENSION,False,MEDIUM,ACTIVE
NSB000164,Julie,Valdez,2002-10-18,7,19,Data Analyst,87680.27,PENSION,False,LOW,ACTIVE
NSB000165,Joseph,Lewis,1957-10-10,5,3,Business Owner,159004.59,SAVINGS,False,LOW,ACTIVE
NSB000166,Tracy,Garcia,1997-08-30,3,5,Accountant,42321.22,SALARY,False,LOW,ACTIVE
NSB000167,Amy,Ford,2000-11-03,7,19,Lawyer,127378.29,INHERITANCE,False,MEDIUM,ACTIVE
NSB000168,Travis,Davis,1983-12-23,4,4,Nurse,39431.52,BUSINESS,False,MEDIUM,ACTIVE
NSB000169,Jessica,Gonzalez,1952-04-04,2,7,Teacher,32785.73,PENSION,False,LOW,ACTIVE
NSB000170,Jessica,Smith,1977-01-22,4,7,Doctor,115859.76,PENSION,False,HIGH,ACTIVE
NSB000171,Jasmin,Clark,1965-06-27,2,17,Teacher,55421.27,SAVINGS,False,LOW,ACTIVE
NSB000172,Christie,Soto,1955-04-15,15,17,Data Analyst,61239.97,INVESTMENTS,False,LOW,ACTIVE
NSB000173,Andrea,Moore,1944-09-22,7,1,Business Owner,215305.13,SAVINGS,False,LOW,ACTIVE
NSB000174,Christina,Walsh,1963-10-06,8,20,Accountant,38060.6,INHERITANCE,False,LOW,ACTIVE
NSB000175,Lauren,Hardy,1993-01-02,10,3,Teacher,45675.62,SALARY,False,LOW,ACTIVE
NSB000176,Joshua,Anderson,1959-03-21,15,12,Software Engineer,49047.31,SALARY,False,LOW,ACTIVE
NSB000177,John,Stanley,1958-04-25,15,12,Marketing Manager,115664.1,SALARY,False,LOW,ACTIVE
NSB000178,Joseph,Robertson,1982-07-09,20,5,Teacher,49687.84,PENSION,False,LOW,ACTIVE
NSB000179,Kimberly,Herrera,1993-12-27,11,15,Marketing Manager,112618.85,BUSINESS,False,LOW,ACTIVE
NSB000180,Anthony,Ramirez,1961-03-06,7,17,Consultant,100781.16,SALARY,False,LOW,ACTIVE
NSB000181,Nathaniel,Estrada,2002-01-11,5,11,Teacher,45125.4,SAVINGS,False,LOW,ACTIVE
NSB000182,Charles,Riggs,1953-12-28,17,2,Architect,57689.8,PENSION,False,LOW,ACTIVE
NSB000183,Bryan,Peters,1994-11-04,1,18,Business Owner,131159.4,INVESTMENTS,False,LOW,ACTIVE
NSB000184,Brittany,Black,2001-10-18,18,14,Sales Manager,104853.38,SALARY,False,LOW,ACTIVE
NSB000185,Christopher,Delgado,1987-04-21,12,7,Financial Analyst,80322.18,SALARY,False,LOW,INACTIVE
NSB000186,Amanda,Bullock,1944-12-28,15,15,Business Owner,183933.32,SALARY,False,LOW,BLOCKED
NSB000187,Colleen,Davis,1945-09-23,17,7,Data Analyst,44027.74,PENSION,False,LOW,ACTIVE
NSB000188,Madison,Roman,1943-02-11,3,10,Consultant,136589.12,SAVINGS,False,LOW,ACTIVE
NSB000189,Donald,Hernandez,1948-02-06,8,7,Accountant,76142.54,PENSION,False,LOW,ACTIVE
NSB000190,Tina,Cooper,1957-02-06,16,16,Consultant,95491.19,SALARY,False,LOW,ACTIVE
NSB000191,Matthew,Collins,1977-06-26,4,9,Sales Manager,129100.11,INVESTMENTS,False,LOW,ACTIVE
NSB000192,Jeremy,Bender,1959-01-15,6,9,Accountant,36185.17,PENSION,False,MEDIUM,ACTIVE
NSB000193,Melvin,Cox,1990-02-23,14,3,Financial Analyst,75584.21,INVESTMENTS,False,LOW,ACTIVE
NSB000194,Phyllis,Rogers,1976-10-09,16,14,Doctor,136865.06,BUSINESS,False,LOW,ACTIVE
NSB000195,Jessica,Esparza,1981-02-20,6,4,Consultant,134341.44,BUSINESS,False,MEDIUM,ACTIVE
NSB000196,John,Hamilton,1972-12-19,8,19,Nurse,42516.09,INHERITANCE,False,MEDIUM,ACTIVE
NSB000197,Heather,Bullock,1994-02-20,4,8,Financial Analyst,68087.33,BUSINESS,False,LOW,ACTIVE
NSB000198,Daniel,Browning,1964-03-27,13,17,Doctor,116496.19,SALARY,False,HIGH,ACTIVE
NSB000199,Elizabeth,Cortez,1997-11-22,6,15,Accountant,61669.89,SALARY,False,HIGH,ACTIVE
NSB000200,Michael,Stokes,1957-06-20,1,17,Marketing Manager,60923.07,PENSION,False,HIGH,ACTIVE
NSB000201,Kevin,Flores,1948-10-24,1,5,Teacher,53185.51,INVESTMENTS,False,MEDIUM,ACTIVE
NSB000202,Michael,Garza,1957-10-26,8,7,Sales Manager,81500.15,BUSINESS,False,MEDIUM,ACTIVE
NSB000203,Stephanie,Flores,1982-08-09,12,11,Data Analyst,70364.92,SAVINGS,False,LOW,ACTIVE
NSB000204,Steven,Murphy,1972-06-07,6,18,Architect,50968.26,INHERITANCE,False,LOW,ACTIVE
NSB000205,Rachel,Carter,1998-11-19,18,4,Consultant,109605.15,SALARY,False,LOW,ACTIVE
NSB000206,Jordan,Benson,1999-04-18,3,2,Doctor,209992.16,SALARY,False,LOW,ACTIVE
NSB000207,Barbara,Coleman,1963-08-13,4,13,Sales Manager,43134.88,PENSION,False,LOW,ACTIVE
NSB000208,Jennifer,Wade,1971-06-29,9,11,Financial Analyst,105663.5,SALARY,False,MEDIUM,ACTIVE
NSB000209,Dustin,Zimmerman,1993-08-31,6,6,Consultant,143389.87,SALARY,False,LOW,ACTIVE
NSB000210,Alexander,Thomas,1988-03-09,4,3,Architect,49224.27,INHERITANCE,False,LOW,ACTIVE
NSB000211,James,Carter,2003-10-03,11,3,Business Owner,209331.59,PENSION,False,MEDIUM,ACTIVE
NSB000212,Casey,Buck,1974-07-27,16,8,Software Engineer,82065.68,INVESTMENTS,False,LOW,ACTIVE
NSB000213,Lisa,Flores,1967-09-07,9,12,Student,15686.2,INHERITANCE,False,LOW,ACTIVE
NSB000214,Kathryn,Ellis,1963-11-30,5,1,Sales Manager,123821.32,SALARY,False,LOW,ACTIVE
NSB000215,Danielle,Anderson,1960-04-20,16,11,Consultant,45612.48,PENSION,False,LOW,ACTIVE
NSB000216,Kristen,Mcfarland,1982-05-07,2,4,Nurse,62628.79,INVESTMENTS,False,LOW,ACTIVE
NSB000217,Laura,Montoya,1972-11-02,15,16,Accountant,55165.41,INHERITANCE,False,LOW,ACTIVE
NSB000218,Charles,Vargas,2005-12-28,8,17,Nurse,64176.45,INHERITANCE,False,LOW,ACTIVE
NSB000219,Kayla,James,1953-11-24,16,13,Financial Analyst,55401.42,INHERITANCE,False,HIGH,INACTIVE
NSB000220,Kenneth,Anderson,1942-01-24,11,6,Business Owner,180221.24,SALARY,False,LOW,ACTIVE
NSB000221,Cheryl,Ross,1952-06-02,3,13,Marketing Manager,59694.1,PENSION,False,LOW,ACTIVE
NSB000222,Rebecca,Martin,1971-03-24,3,7,Accountant,37100.55,PENSION,False,LOW,ACTIVE
NSB000223,Christian,Miller,1945-12-11,15,14,Teacher,62075.75,PENSION,False,LOW,ACTIVE
NSB000224,Richard,Steele,1958-08-22,3,14,Sales Manager,97580.6,SALARY,False,LOW,ACTIVE
NSB000225,John,Brown,1990-08-19,3,18,Student,25823.78,SAVINGS,False,LOW,CLOSED
NSB000226,Christina,Williams,1999-01-25,18,14,Teacher,68764.9,SAVINGS,False,MEDIUM,ACTIVE
NSB000227,Carol,Long,1966-04-18,11,14,Marketing Manager,80554.82,BUSINESS,False,LOW,ACTIVE
NSB000228,Brittany,Thompson,1967-12-30,11,9,Doctor,182618.4,INHERITANCE,False,LOW,ACTIVE
NSB000229,Barbara,Bishop,1952-06-04,9,4,Student,31770.59,INHERITANCE,False,LOW,ACTIVE
NSB000230,Daniel,Burnett,2003-06-08,16,9,Software Engineer,116763.33,INVESTMENTS,False,LOW,ACTIVE
NSB000231,Jessica,Davis,1965-10-13,13,6,Sales Manager,127214.61,PENSION,False,LOW,ACTIVE
NSB000232,Kelly,Gallagher,1943-01-28,10,12,Sales Manager,57151.11,PENSION,False,LOW,ACTIVE
NSB000233,Nicholas,Moore,1980-03-16,18,17,Business Owner,87808.36,INHERITANCE,False,MEDIUM,ACTIVE
NSB000234,John,Stuart,1961-06-26,1,10,Student,30352.73,INHERITANCE,False,HIGH,ACTIVE
NSB000235,Todd,Cole,1971-02-25,14,10,Nurse,40041.5,PENSION,False,LOW,ACTIVE
NSB000236,Selena,Burch,1999-05-20,10,5,Architect,76099.29,INHERITANCE,False,LOW,ACTIVE
NSB000237,Richard,Austin,1948-01-12,4,18,Architect,46324.76,SAVINGS,False,LOW,ACTIVE
NSB000238,Joshua,Knight,1998-08-07,18,14,Teacher,47094.32,INVESTMENTS,False,LOW,ACTIVE
NSB000239,Anthony,Huerta,1971-10-08,16,1,Marketing Manager,65663.63,INHERITANCE,False,MEDIUM,BLOCKED
NSB000240,Michelle,Austin,2006-04-12,4,2,Lawyer,152370.11,SAVINGS,False,MEDIUM,ACTIVE
NSB000241,Roy,Underwood,1942-05-08,18,15,Consultant,91333.39,INVESTMENTS,False,LOW,ACTIVE
NSB000242,Benjamin,Hoffman,2005-10-13,14,4,Lawyer,72717.36,INHERITANCE,False,LOW,ACTIVE
NSB000243,Kim,Williams,1964-02-19,14,5,Data Analyst,70422.33,INHERITANCE,False,MEDIUM,ACTIVE
NSB000244,Elizabeth,Robinson,1952-10-29,8,16,Consultant,106620.11,INHERITANCE,False,MEDIUM,BLOCKED
NSB000245,Christina,Griffin,1984-04-26,7,6,Data Analyst,47105.24,BUSINESS,False,MEDIUM,ACTIVE
NSB000246,James,Smith,1969-02-21,19,16,Financial Analyst,80352.77,SAVINGS,True,CRITICAL,ACTIVE
NSB000247,Jessica,Johnson,1957-12-04,10,11,Accountant,55189.73,BUSINESS,False,LOW,ACTIVE
NSB000248,Deborah,Stafford,1962-06-28,8,16,Software Engineer,93304.34,SAVINGS,False,HIGH,ACTIVE
NSB000249,Nicholas,Torres,1943-05-02,20,12,Software Engineer,83685.74,SALARY,False,LOW,ACTIVE
NSB000250,Erin,Glover,1944-12-13,17,3,Engineer,61936.74,BUSINESS,False,HIGH,INACTIVE
NSB000251,Joseph,Decker,1946-08-28,8,16,Architect,45468.94,INVESTMENTS,False,LOW,ACTIVE
NSB000252,Sean,Price,1941-11-03,10,1,Software Engineer,87056.51,INVESTMENTS,False,LOW,ACTIVE
NSB000253,Richard,Moreno,1987-01-07,1,7,Consultant,145629.41,SALARY,False,LOW,DECEASED
NSB000254,Gregory,Garza,1963-01-02,18,7,Sales Manager,69549.77,SAVINGS,False,CRITICAL,ACTIVE
NSB000255,Brian,Taylor,1969-02-04,18,7,Nurse,31987.0,PENSION,False,LOW,ACTIVE
NSB000256,Brandon,Mccarthy,1979-06-24,10,3,Teacher,41832.93,INVESTMENTS,False,LOW,ACTIVE
NSB000257,Lance,Henderson,1983-11-21,9,3,Data Analyst,40036.3,PENSION,False,MEDIUM,ACTIVE
NSB000258,Carmen,Sanchez,1946-05-22,17,19,Architect,92997.93,INVESTMENTS,False,LOW,ACTIVE
NSB000259,Donna,Morales,1999-04-01,18,13,Software Engineer,66216.2,INVESTMENTS,False,LOW,ACTIVE
NSB000260,Anne,Gutierrez,1959-11-25,3,14,Consultant,64219.92,SAVINGS,False,LOW,ACTIVE
NSB000261,Chase,Wilson,1967-03-27,9,5,Engineer,51121.07,INVESTMENTS,False,MEDIUM,ACTIVE
NSB000262,Aaron,Romero,1946-11-27,5,5,Teacher,60641.22,PENSION,False,LOW,ACTIVE
NSB000263,Nicholas,Payne,1975-11-08,16,3,Sales Manager,119629.19,INHERITANCE,False,MEDIUM,ACTIVE
NSB000264,Alexandria,Rollins,1996-03-27,1,18,Doctor,172760.31,SALARY,False,LOW,ACTIVE
NSB000265,Jason,Riley,1973-01-26,15,14,Teacher,57477.41,BUSINESS,False,LOW,ACTIVE
NSB000266,Carrie,Bryant,1961-04-12,11,8,Student,11177.53,INHERITANCE,True,MEDIUM,BLOCKED
NSB000267,Karen,Wade,1958-09-01,14,18,Lawyer,78641.09,INHERITANCE,False,MEDIUM,ACTIVE
NSB000268,Maria,Chang,2003-03-23,12,4,Accountant,41332.45,PENSION,False,LOW,ACTIVE
NSB000269,Maurice,Frederick,1991-05-28,8,4,Student,16222.13,SALARY,False,MEDIUM,ACTIVE
NSB000270,Sean,Charles,1975-03-18,5,20,Data Analyst,56742.34,BUSINESS,False,MEDIUM,ACTIVE
NSB000271,Amber,Clay,1960-03-06,11,13,Engineer,69538.77,INHERITANCE,False,LOW,ACTIVE
NSB000272,Maria,Grant,1960-04-19,7,4,Consultant,122732.66,SAVINGS,False,LOW,ACTIVE
NSB000273,Joy,Campos,1948-05-03,16,11,Accountant,40216.46,PENSION,False,LOW,ACTIVE
NSB000274,Brianna,Bond,1971-09-17,7,12,Software Engineer,112197.85,INHERITANCE,False,MEDIUM,ACTIVE
NSB000275,Haley,Davis,1966-05-17,15,6,Financial Analyst,114738.09,SALARY,False,LOW,ACTIVE
NSB000276,Lisa,Hansen,2006-08-15,18,20,Business Owner,72418.92,BUSINESS,False,LOW,ACTIVE
NSB000277,Darren,Bauer,1956-02-11,6,17,Consultant,72938.93,SAVINGS,False,HIGH,ACTIVE
NSB000278,Rickey,Harris,1964-05-25,19,2,Financial Analyst,93075.96,INVESTMENTS,False,LOW,ACTIVE
NSB000279,Tammy,Nguyen,1960-02-07,15,7,Sales Manager,43496.46,SAVINGS,False,LOW,ACTIVE
NSB000280,Michael,Williams,1998-02-20,11,2,Data Analyst,83831.42,INVESTMENTS,False,LOW,ACTIVE
NSB000281,William,Ortiz,1964-01-08,16,4,Lawyer,118147.14,SAVINGS,False,LOW,ACTIVE
NSB000282,Nicole,Hernandez,1949-02-16,15,10,Accountant,89484.48,SALARY,False,MEDIUM,ACTIVE
NSB000283,Ashley,Shepard,1981-01-03,13,17,Doctor,137916.96,INHERITANCE,False,LOW,INACTIVE
NSB000284,Shawn,Morris,1992-06-10,12,11,Consultant,99429.08,SALARY,False,LOW,ACTIVE
NSB000285,Steven,Cummings,1997-05-21,8,4,Architect,79730.81,INHERITANCE,False,LOW,ACTIVE
NSB000286,Rebecca,Collins,1955-08-18,3,9,Architect,66013.22,BUSINESS,False,LOW,ACTIVE
NSB000287,Jennifer,Smith,1951-10-11,5,10,Business Owner,108273.85,SALARY,False,HIGH,ACTIVE
NSB000288,Brittany,Skinner,2002-01-24,20,15,Sales Manager,70610.98,BUSINESS,False,MEDIUM,ACTIVE
NSB000289,Madeline,Lopez,1995-04-03,18,12,Lawyer,158634.67,SALARY,False,LOW,ACTIVE
NSB000290,Tonya,Gomez,1964-05-15,20,6,Engineer,81954.41,BUSINESS,False,MEDIUM,ACTIVE
NSB000291,Anthony,Jones,1950-04-19,13,1,Sales Manager,119286.14,INVESTMENTS,False,MEDIUM,ACTIVE
NSB000292,Dustin,Scott,1999-12-15,7,14,Software Engineer,55944.86,BUSINESS,False,LOW,ACTIVE
NSB000293,Ralph,Sawyer,1981-12-08,16,10,Nurse,48862.89,INHERITANCE,False,MEDIUM,ACTIVE
NSB000294,Julie,Kerr,1992-08-01,1,9,Software Engineer,82749.02,BUSINESS,False,LOW,ACTIVE
NSB000295,Rachel,Pena,1997-01-02,12,4,Engineer,61711.41,INVESTMENTS,False,LOW,ACTIVE
NSB000296,Christina,Allen,2005-01-29,1,9,Business Owner,137848.27,INHERITANCE,False,LOW,ACTIVE
NSB000297,Gabriela,Smith,1956-09-12,11,7,Software Engineer,118316.82,SALARY,False,MEDIUM,ACTIVE
NSB000298,Melissa,Reeves,1944-05-10,8,2,Teacher,41775.89,PENSION,False,MEDIUM,ACTIVE
NSB000299,Tonya,Johnston,1974-10-21,1,20,Doctor,103232.97,SALARY,False,LOW,ACTIVE
NSB000300,William,Jefferson,1948-05-11,16,5,Nurse,65224.45,INHERITANCE,False,LOW,ACTIVE
NSB000301,Jason,Adams,2006-05-23,11,1,Lawyer,154131.22,PENSION,False,LOW,ACTIVE
NSB000302,Natalie,Fox,1996-09-03,2,13,Lawyer,89451.21,SAVINGS,False,LOW,ACTIVE
NSB000303,Ann,Barnes,1991-04-28,9,3,Business Owner,206308.13,INVESTMENTS,False,LOW,ACTIVE
NSB000304,Clayton,Dean,1996-12-21,8,4,Student,6247.66,INVESTMENTS,False,LOW,CLOSED
NSB000305,Maria,Wheeler,1977-07-01,16,6,Nurse,33504.35,INVESTMENTS,False,LOW,ACTIVE
NSB000306,George,Garrett,1986-03-01,6,14,Lawyer,94816.2,SAVINGS,False,MEDIUM,ACTIVE
NSB000307,Jason,Edwards,1969-04-11,17,6,Student,17370.74,BUSINESS,False,LOW,ACTIVE
NSB000308,Ashley,Estes,1972-03-01,9,2,Architect,72374.49,BUSINESS,False,LOW,ACTIVE
NSB000309,Matthew,Bailey,1980-01-30,15,9,Marketing Manager,52122.03,PENSION,False,LOW,ACTIVE
NSB000310,Keith,Dixon,1985-01-30,9,11,Data Analyst,69014.76,INVESTMENTS,False,LOW,ACTIVE
NSB000311,Linda,Moore,1950-06-04,8,10,Software Engineer,47017.02,SAVINGS,False,HIGH,ACTIVE
NSB000312,Michael,Campos,1982-02-20,7,4,Doctor,65394.15,INHERITANCE,False,LOW,ACTIVE
NSB000313,Cassandra,Bray,1947-08-10,5,10,Teacher,66019.47,SAVINGS,False,MEDIUM,ACTIVE
NSB000314,Olivia,Cooper,1982-06-18,3,10,Financial Analyst,105851.69,INHERITANCE,False,MEDIUM,ACTIVE
NSB000315,Lisa,Underwood,1953-01-30,19,19,Student,13189.94,SAVINGS,False,LOW,ACTIVE
NSB000316,Janet,Sanders,1979-10-15,11,9,Lawyer,113597.12,BUSINESS,False,LOW,ACTIVE
NSB000317,Shannon,Robinson,1999-11-27,4,13,Sales Manager,127236.86,SALARY,False,HIGH,ACTIVE
NSB000318,Darin,Reed,1981-05-19,18,10,Sales Manager,120121.6,INVESTMENTS,False,LOW,ACTIVE
NSB000319,Mary,Nelson,1975-09-11,8,16,Teacher,48018.02,INVESTMENTS,False,LOW,ACTIVE
NSB000320,Jason,Garrison,1962-12-12,18,18,Financial Analyst,109573.84,PENSION,False,LOW,ACTIVE
NSB000321,Patrick,Johnson,1970-07-20,5,4,Teacher,63508.61,INHERITANCE,False,HIGH,ACTIVE
NSB000322,Kevin,Bryant,1993-02-16,17,16,Lawyer,78363.74,INHERITANCE,False,LOW,ACTIVE
NSB000323,Michael,Molina,1997-08-20,20,13,Software Engineer,116125.46,PENSION,False,LOW,ACTIVE
NSB000324,Michael,Peters,1960-08-06,1,8,Doctor,171741.18,SAVINGS,False,MEDIUM,ACTIVE
NSB000325,Diana,Bush,2004-10-18,4,15,Financial Analyst,69778.31,PENSION,False,LOW,ACTIVE
NSB000326,Melissa,Herrera,1942-04-10,4,19,Business Owner,284822.17,INHERITANCE,False,LOW,ACTIVE
NSB000327,William,Woodward,1944-12-02,14,15,Doctor,166840.64,INVESTMENTS,False,MEDIUM,ACTIVE
NSB000328,Kevin,Perry,1953-09-07,13,18,Business Owner,79568.35,SAVINGS,False,LOW,ACTIVE
NSB000329,Allison,Wood,1988-07-29,16,1,Doctor,93262.24,BUSINESS,False,LOW,ACTIVE
NSB000330,Stephen,Gonzalez,1948-07-25,4,19,Engineer,112747.46,INHERITANCE,False,HIGH,ACTIVE
NSB000331,Randall,Faulkner,1988-01-01,12,12,Software Engineer,87330.44,SAVINGS,False,LOW,ACTIVE
NSB000332,Amanda,Murray,1986-10-04,3,1,Nurse,49437.78,BUSINESS,False,HIGH,ACTIVE
NSB000333,Sandra,Myers,1961-08-19,10,10,Financial Analyst,111947.72,BUSINESS,False,HIGH,ACTIVE
NSB000334,Michelle,Gray,1978-10-22,16,19,Engineer,107328.99,PENSION,False,LOW,ACTIVE
NSB000335,Noah,Jones,1965-01-19,3,13,Consultant,58215.49,SAVINGS,False,MEDIUM,ACTIVE
NSB000336,Kimberly,Torres,1958-01-05,12,8,Architect,50135.06,PENSION,False,LOW,ACTIVE
NSB000337,Charles,Adams,1975-08-06,19,5,Engineer,50133.03,SALARY,False,MEDIUM,ACTIVE
NSB000338,Rebecca,Sanders,1997-06-13,17,4,Software Engineer,50727.27,PENSION,False,LOW,ACTIVE
NSB000339,Amanda,Hughes,1958-07-21,19,8,Sales Manager,93486.18,INHERITANCE,False,LOW,ACTIVE
NSB000340,Wesley,Mayer,1978-02-02,15,15,Engineer,66628.19,SALARY,False,LOW,ACTIVE
NSB000341,Charles,Gordon,1987-09-05,8,4,Lawyer,118099.39,PENSION,False,MEDIUM,ACTIVE
NSB000342,Sheryl,Shelton,1990-09-04,13,5,Architect,44216.24,BUSINESS,False,LOW,ACTIVE
NSB000343,Joy,Henderson,1944-12-18,16,2,Sales Manager,81496.7,SALARY,False,LOW,ACTIVE
NSB000344,Jason,Long,1979-01-07,13,18,Financial Analyst,106042.18,SAVINGS,False,LOW,ACTIVE
NSB000345,Denise,Evans,1982-11-06,1,3,Data Analyst,86293.41,INHERITANCE,False,LOW,ACTIVE
NSB000346,Tammy,Harding,1944-02-15,8,19,Student,22809.53,PENSION,False,LOW,ACTIVE
NSB000347,Erin,Aguirre,1982-11-13,2,16,Consultant,147426.9,INHERITANCE,False,MEDIUM,ACTIVE
NSB000348,Jonathan,Myers,1946-08-06,13,18,Data Analyst,93282.97,INHERITANCE,False,HIGH,ACTIVE
NSB000349,Amber,Woods,1983-12-12,8,7,Accountant,54558.09,BUSINESS,False,LOW,ACTIVE
NSB000350,Tammy,Russell,1957-07-22,7,12,Teacher,34778.04,SAVINGS,False,LOW,ACTIVE
NSB000351,Terri,Craig,1954-04-06,8,12,Nurse,61871.92,INHERITANCE,False,LOW,ACTIVE
NSB000352,Pamela,Payne,1962-11-02,2,20,Sales Manager,124763.87,INVESTMENTS,True,CRITICAL,ACTIVE
NSB000353,Daniel,Thomas,1945-07-29,14,12,Teacher,62567.44,INHERITANCE,False,MEDIUM,ACTIVE
NSB000354,Jill,Smith,1962-07-26,17,2,Financial Analyst,110793.5,SALARY,False,LOW,ACTIVE
NSB000355,Pamela,Miller,1973-09-24,2,4,Data Analyst,69926.48,SAVINGS,True,CRITICAL,ACTIVE
NSB000356,Cody,Murphy,1942-05-12,18,19,Architect,86550.3,BUSINESS,False,LOW,ACTIVE
NSB000357,Matthew,Johnson,1993-03-10,12,10,Sales Manager,98064.39,SAVINGS,False,LOW,ACTIVE
NSB000358,Alyssa,Cortez,1965-11-07,19,13,Student,28643.49,PENSION,False,MEDIUM,ACTIVE
NSB000359,Tina,Davis,1988-08-04,18,16,Sales Manager,70758.42,SALARY,False,LOW,ACTIVE
NSB000360,Jeffrey,Wilson,1963-12-11,1,14,Consultant,64381.68,BUSINESS,False,MEDIUM,ACTIVE
NSB000361,Laura,Anderson,1954-07-15,5,13,Marketing Manager,52306.47,INHERITANCE,False,CRITICAL,ACTIVE
NSB000362,Edward,Smith,1960-11-28,4,14,Student,26734.71,SAVINGS,False,MEDIUM,ACTIVE
NSB000363,Miranda,Bailey,1959-10-26,13,10,Doctor,121683.86,INHERITANCE,False,MEDIUM,ACTIVE
NSB000364,Olivia,Solis,1949-09-19,1,19,Nurse,56689.15,BUSINESS,False,LOW,ACTIVE
NSB000365,David,White,1991-08-28,4,6,Student,21327.02,INVESTMENTS,False,MEDIUM,ACTIVE
NSB000366,Jennifer,Peterson,1980-01-14,10,14,Software Engineer,52642.94,SALARY,False,LOW,ACTIVE
NSB000367,Aimee,Gallagher,1966-10-30,10,8,Student,24683.03,SAVINGS,False,MEDIUM,ACTIVE
NSB000368,Michael,Hill,1943-09-27,11,18,Engineer,78102.94,BUSINESS,False,LOW,ACTIVE
NSB000369,Keith,Miller,1977-01-28,5,18,Marketing Manager,61977.97,INHERITANCE,False,HIGH,ACTIVE
NSB000370,Kenneth,Little,1994-07-18,16,12,Student,11091.41,INVESTMENTS,False,LOW,ACTIVE
NSB000371,Dean,Gonzalez,1997-03-28,12,9,Engineer,75048.91,INHERITANCE,False,MEDIUM,BLOCKED
NSB000372,Jennifer,Jones,2000-04-17,17,18,Student,8316.3,INHERITANCE,False,CRITICAL,ACTIVE
NSB000373,Tyler,Hill,1980-01-29,4,8,Engineer,114860.22,INHERITANCE,False,LOW,ACTIVE
NSB000374,Kimberly,Riley,1975-05-07,3,10,Student,22100.11,INHERITANCE,False,LOW,ACTIVE
NSB000375,Jacqueline,Gill,1983-06-26,5,6,Financial Analyst,74172.82,INVESTMENTS,False,HIGH,ACTIVE
NSB000376,Brittany,Jones,1948-03-21,14,19,Doctor,219525.18,SALARY,False,MEDIUM,ACTIVE
NSB000377,Thomas,Martinez,1997-02-13,12,5,Architect,85925.14,SALARY,False,LOW,ACTIVE
NSB000378,Tiffany,Carlson,1969-05-23,12,6,Engineer,118571.77,BUSINESS,False,LOW,ACTIVE
NSB000379,Cynthia,Thomas,1967-07-31,12,7,Nurse,58672.78,SALARY,False,MEDIUM,ACTIVE
NSB000380,Kimberly,Armstrong,1967-08-27,5,20,Marketing Manager,80720.44,BUSINESS,False,HIGH,ACTIVE
NSB000381,Jennifer,Watkins,1966-01-16,5,17,Marketing Manager,93272.53,INHERITANCE,False,MEDIUM,BLOCKED
NSB000382,Jill,Wilson,1966-12-24,17,2,Marketing Manager,93077.19,SAVINGS,False,HIGH,ACTIVE
NSB000383,Heidi,Riley,1998-05-12,4,2,Consultant,137387.71,BUSINESS,False,LOW,ACTIVE
NSB000384,Tamara,Banks,1949-12-16,19,16,Doctor,81823.28,SAVINGS,False,LOW,CLOSED
NSB000385,Donald,Hamilton,1992-11-19,14,15,Business Owner,227499.65,SALARY,False,LOW,BLOCKED
NSB000386,Ricky,Rogers,1965-09-24,4,16,Architect,80097.18,SALARY,True,LOW,ACTIVE
NSB000387,Steven,Schneider,1944-09-07,12,11,Accountant,50915.12,SALARY,False,MEDIUM,ACTIVE
NSB000388,John,Sellers,1958-09-19,6,8,Data Analyst,49165.49,SAVINGS,False,MEDIUM,ACTIVE
NSB000389,Lindsay,West,1958-06-29,3,14,Marketing Manager,76174.45,BUSINESS,False,LOW,ACTIVE
NSB000390,Nicole,Gross,2001-06-27,4,18,Financial Analyst,55953.97,BUSINESS,False,LOW,ACTIVE
NSB000391,Henry,Molina,1951-12-12,2,4,Doctor,155321.83,BUSINESS,False,LOW,CLOSED
NSB000392,Sandra,Gilbert,1989-11-21,8,9,Nurse,36592.62,PENSION,False,MEDIUM,ACTIVE
NSB000393,Kaylee,Jenkins,1983-05-03,14,17,Sales Manager,102465.26,BUSINESS,False,MEDIUM,DECEASED
NSB000394,Joyce,Parker,1972-03-19,9,16,Business Owner,216364.81,INHERITANCE,False,MEDIUM,ACTIVE
NSB000395,Hailey,Riley,1944-02-16,4,5,Lawyer,55004.11,INVESTMENTS,False,LOW,ACTIVE
NSB000396,Joshua,Simon,1983-12-04,20,11,Sales Manager,47511.11,INHERITANCE,False,LOW,ACTIVE
NSB000397,Karen,Adams,2001-12-10,20,6,Accountant,54573.57,PENSION,False,HIGH,ACTIVE
NSB000398,Caleb,Sullivan,1996-07-19,15,5,Financial Analyst,119312.12,SAVINGS,False,LOW,ACTIVE
NSB000399,Savannah,Kelley,1941-02-27,10,20,Architect,46783.74,BUSINESS,False,MEDIUM,ACTIVE
NSB000400,Matthew,Boone,1968-10-29,2,18,Architect,76963.46,PENSION,False,LOW,BLOCKED
NSB000401,Chad,Stanton,1982-12-27,19,11,Teacher,42178.59,PENSION,False,LOW,ACTIVE
NSB000402,Roberto,Moreno,1979-12-15,16,2,Architect,41065.89,SAVINGS,False,LOW,DECEASED
NSB000403,Alexis,Hancock,1990-02-17,2,9,Business Owner,161961.01,BUSINESS,False,LOW,ACTIVE
NSB000404,Leah,Warner,1943-10-13,18,7,Business Owner,226652.03,INVESTMENTS,False,LOW,ACTIVE
NSB000405,Joshua,House,1971-12-29,12,6,Architect,80065.61,INVESTMENTS,False,MEDIUM,DECEASED
NSB000406,Thomas,Pierce,1992-12-17,13,10,Engineer,49734.59,BUSINESS,False,LOW,ACTIVE
NSB000407,Kenneth,Watkins,1985-06-20,1,18,Data Analyst,47121.55,PENSION,False,LOW,ACTIVE
NSB000408,Alyssa,Horton,1970-04-18,11,14,Accountant,61316.33,SAVINGS,False,LOW,ACTIVE
NSB000409,Randy,Holt,1957-05-28,1,16,Consultant,66169.39,BUSINESS,False,LOW,ACTIVE
NSB000410,Amanda,Mcdaniel,2003-04-04,6,11,Doctor,234950.95,SAVINGS,False,MEDIUM,ACTIVE
NSB000411,Daniel,Bradley,1964-12-17,19,12,Engineer,108369.84,BUSINESS,False,LOW,ACTIVE
NSB000412,James,Rogers,1981-04-05,20,16,Engineer,112169.5,PENSION,False,LOW,ACTIVE
NSB000413,Paul,Briggs,1950-04-03,11,7,Accountant,57806.99,INVESTMENTS,False,MEDIUM,ACTIVE
NSB000414,Anna,Dickerson,1998-02-19,19,14,Architect,53989.23,INHERITANCE,False,MEDIUM,ACTIVE
NSB000415,Brenda,Christian,1983-07-22,2,9,Engineer,71375.67,INHERITANCE,False,LOW,ACTIVE
NSB000416,James,Jensen,2002-05-23,17,19,Financial Analyst,98711.07,SALARY,False,MEDIUM,ACTIVE
NSB000417,William,Daniels,2006-09-05,15,8,Financial Analyst,75997.47,BUSINESS,False,MEDIUM,ACTIVE
NSB000418,Kristin,Ryan,1961-01-14,19,19,Marketing Manager,54986.86,PENSION,False,MEDIUM,ACTIVE
NSB000419,Mike,Grant,1977-05-06,6,14,Accountant,86335.62,SAVINGS,False,MEDIUM,ACTIVE
NSB000420,Leslie,Brewer,2006-03-03,10,17,Accountant,62554.4,SAVINGS,False,LOW,ACTIVE
NSB000421,Jennifer,Jones,1961-12-13,12,18,Lawyer,55607.6,INVESTMENTS,False,MEDIUM,ACTIVE
NSB000422,Mario,Jones,1965-01-03,6,15,Consultant,48552.58,INVESTMENTS,False,MEDIUM,ACTIVE
NSB000423,Dennis,Jones,1965-07-29,8,18,Architect,53641.34,SAVINGS,False,LOW,ACTIVE
NSB000424,Bradley,Hale,1961-12-15,9,13,Teacher,49059.34,INHERITANCE,False,MEDIUM,ACTIVE
NSB000425,Cathy,Warner,2004-09-04,9,16,Engineer,101144.4,BUSINESS,True,HIGH,INACTIVE
NSB000426,Michael,Ho,1990-10-31,14,10,Software Engineer,61699.8,INHERITANCE,False,LOW,ACTIVE
NSB000427,Stephanie,Collins,1942-02-28,8,8,Business Owner,283237.08,INHERITANCE,False,HIGH,ACTIVE
NSB000428,Mary,Howard,1942-08-05,7,6,Teacher,63779.67,SAVINGS,False,LOW,ACTIVE
NSB000429,Jeff,Watkins,1992-06-04,1,11,Marketing Manager,107274.57,BUSINESS,False,LOW,ACTIVE
NSB000430,William,Adams,2005-07-07,7,6,Business Owner,123604.4,INHERITANCE,False,MEDIUM,ACTIVE
NSB000431,Benjamin,Stephens,1947-05-10,11,1,Data Analyst,59335.55,SALARY,False,LOW,ACTIVE
NSB000432,Kathleen,Sullivan,1954-08-22,5,9,Lawyer,116044.69,PENSION,False,LOW,ACTIVE
NSB000433,Mandy,Gregory,1980-05-05,13,17,Lawyer,91555.41,SALARY,False,LOW,ACTIVE
NSB000434,Mathew,Nelson,1946-07-20,1,2,Architect,42651.85,INVESTMENTS,False,LOW,ACTIVE
NSB000435,Vincent,Moss,1995-03-25,8,13,Doctor,180998.31,INVESTMENTS,False,LOW,ACTIVE
NSB000436,Bethany,Jones,1942-09-29,15,9,Financial Analyst,87675.54,INHERITANCE,False,LOW,ACTIVE
NSB000437,Mason,Hayes,1951-04-22,18,8,Lawyer,66749.25,BUSINESS,False,MEDIUM,ACTIVE
NSB000438,Brandon,Cooper,1970-07-13,13,8,Student,32432.4,BUSINESS,False,MEDIUM,ACTIVE
NSB000439,Courtney,Price,1971-02-20,12,13,Doctor,161028.87,SALARY,False,LOW,ACTIVE
NSB000440,Heather,Young,1984-12-11,3,13,Data Analyst,48846.92,BUSINESS,False,LOW,INACTIVE
NSB000441,Sue,Washington,1974-06-25,9,12,Sales Manager,93587.61,SAVINGS,False,HIGH,ACTIVE
NSB000442,Laurie,Roberts,1968-01-30,9,6,Teacher,64246.95,SAVINGS,False,LOW,ACTIVE
NSB000443,Marcus,Gomez,1988-04-09,4,11,Software Engineer,60989.18,PENSION,False,HIGH,ACTIVE
NSB000444,Brian,French,2000-06-08,20,19,Student,32999.47,PENSION,False,MEDIUM,ACTIVE
NSB000445,Matthew,Howard,1986-01-30,19,8,Financial Analyst,111902.56,INVESTMENTS,False,MEDIUM,ACTIVE
NSB000446,Jonathan,Hines,1955-11-04,12,2,Architect,83962.26,PENSION,False,MEDIUM,ACTIVE
NSB000447,Samantha,Fuller,1979-12-02,7,3,Consultant,73741.52,SAVINGS,False,LOW,ACTIVE
NSB000448,Julia,Edwards,1994-12-16,13,4,Financial Analyst,56997.83,PENSION,False,LOW,ACTIVE
NSB000449,Joel,Ingram,1964-10-17,20,2,Business Owner,244318.0,SALARY,False,LOW,ACTIVE
NSB000450,Tyler,Conrad,1982-05-31,13,14,Nurse,49395.06,INHERITANCE,False,LOW,ACTIVE
NSB000451,Alexandra,Harris,1947-09-20,8,15,Consultant,108540.02,INHERITANCE,False,LOW,ACTIVE
NSB000452,Michelle,Warren,1949-03-16,6,3,Student,7032.23,BUSINESS,False,MEDIUM,ACTIVE
NSB000453,Donald,Powell,1957-07-24,20,18,Data Analyst,71046.06,SAVINGS,False,LOW,ACTIVE
NSB000454,Arthur,Johnson,1958-05-29,18,7,Software Engineer,46883.5,SAVINGS,False,LOW,ACTIVE
NSB000455,Keith,Perez,1972-06-12,11,5,Student,31230.11,PENSION,False,MEDIUM,ACTIVE
NSB000456,Shannon,Mills,1942-02-01,14,5,Teacher,64737.57,SALARY,False,LOW,ACTIVE
NSB000457,John,Henson,1960-04-19,14,6,Marketing Manager,58203.74,BUSINESS,False,LOW,ACTIVE
NSB000458,Rebecca,Allen,1962-10-31,4,6,Architect,92561.28,INVESTMENTS,False,LOW,CLOSED
NSB000459,Jennifer,Friedman,1994-02-02,8,2,Lawyer,89866.27,INHERITANCE,False,LOW,ACTIVE
NSB000460,Isaac,Davis,1978-08-24,17,5,Data Analyst,49140.52,BUSINESS,False,LOW,ACTIVE
NSB000461,Jacqueline,Wright,1964-02-10,5,2,Lawyer,122082.06,PENSION,False,CRITICAL,ACTIVE
NSB000462,Savannah,Hahn,1962-05-06,18,13,Student,29894.08,INVESTMENTS,False,LOW,ACTIVE
NSB000463,Sean,Webster,1981-02-08,12,20,Architect,81742.59,SALARY,False,MEDIUM,ACTIVE
NSB000464,Teresa,Scott,2004-01-23,1,9,Business Owner,107814.6,SALARY,False,LOW,ACTIVE
NSB000465,Sarah,Meyer,1992-08-25,4,16,Sales Manager,94668.31,INVESTMENTS,False,MEDIUM,ACTIVE
NSB000466,Jennifer,Bush,1982-11-26,9,10,Doctor,82062.54,SAVINGS,False,LOW,ACTIVE
NSB000467,Jonathan,Schmidt,1998-03-30,17,14,Lawyer,126711.56,SAVINGS,False,LOW,ACTIVE
NSB000468,Chelsea,Pittman,1983-11-22,17,20,Doctor,207814.26,SALARY,False,LOW,ACTIVE
NSB000469,David,Garrison,1984-03-06,18,17,Consultant,89448.76,INVESTMENTS,False,MEDIUM,ACTIVE
NSB000470,Ryan,Esparza,1967-12-25,15,7,Nurse,53001.06,PENSION,False,LOW,ACTIVE
NSB000471,Jeremy,Wilson,1964-03-05,16,12,Consultant,69945.1,SAVINGS,False,LOW,ACTIVE
NSB000472,Kyle,Johnson,1993-07-19,17,3,Lawyer,146297.92,BUSINESS,False,LOW,ACTIVE
NSB000473,Jeffery,Callahan,1942-10-03,1,18,Financial Analyst,102698.18,INHERITANCE,False,MEDIUM,CLOSED
NSB000474,George,Nelson,1972-03-14,16,13,Architect,72884.2,SAVINGS,False,LOW,ACTIVE
NSB000475,Tiffany,Ferrell,1953-12-06,13,19,Nurse,67983.56,INVESTMENTS,False,LOW,CLOSED
NSB000476,Regina,Adams,2001-08-02,5,18,Student,19357.41,BUSINESS,False,LOW,ACTIVE
NSB000477,Benjamin,Davis,1954-03-25,3,2,Student,30252.51,BUSINESS,False,MEDIUM,ACTIVE
NSB000478,Gregg,Santiago,1952-07-31,17,12,Data Analyst,67557.57,INHERITANCE,False,LOW,ACTIVE
NSB000479,Madison,Bennett,1991-09-23,4,7,Engineer,60583.29,INVESTMENTS,False,LOW,ACTIVE
NSB000480,Carrie,Thompson,1954-04-23,1,2,Marketing Manager,106541.75,INVESTMENTS,False,MEDIUM,ACTIVE
NSB000481,David,Parker,1961-12-30,10,18,Nurse,44055.1,SALARY,False,LOW,ACTIVE
NSB000482,Megan,Villarreal,1971-08-22,13,15,Architect,48247.35,BUSINESS,False,LOW,ACTIVE
NSB000483,Jennifer,Garcia,1970-06-10,11,8,Financial Analyst,103551.59,BUSINESS,False,HIGH,ACTIVE
NSB000484,Timothy,Hanson,1949-02-12,11,6,Financial Analyst,76455.52,SAVINGS,False,LOW,ACTIVE
NSB000485,Kimberly,Cantrell,2000-03-20,7,18,Consultant,110336.88,PENSION,False,LOW,ACTIVE
NSB000486,Garrett,Thompson,1940-09-23,1,1,Marketing Manager,58678.0,INVESTMENTS,False,LOW,ACTIVE
NSB000487,Christopher,Johnson,1955-09-08,11,15,Consultant,115609.14,SAVINGS,False,LOW,ACTIVE
NSB000488,April,Doyle,1947-07-22,4,1,Doctor,98092.38,PENSION,False,MEDIUM,ACTIVE
NSB000489,Larry,Allen,1959-07-28,5,6,Data Analyst,56848.7,INHERITANCE,False,MEDIUM,ACTIVE
NSB000490,Steven,Mahoney,2006-03-25,4,15,Consultant,74058.76,PENSION,False,LOW,ACTIVE
NSB000491,Julia,Spencer,1945-11-05,8,5,Engineer,85888.48,BUSINESS,False,HIGH,ACTIVE
NSB000492,Desiree,Daniels,1970-10-06,14,4,Accountant,42415.36,INHERITANCE,False,MEDIUM,ACTIVE
NSB000493,Kevin,Martin,1990-01-08,17,16,Data Analyst,41616.86,INVESTMENTS,False,MEDIUM,ACTIVE
NSB000494,Jennifer,Lewis,1961-06-19,20,3,Lawyer,151976.11,PENSION,False,LOW,ACTIVE
NSB000495,Donna,Sandoval,1962-04-29,15,7,Nurse,42927.14,BUSINESS,False,LOW,CLOSED
NSB000496,Meredith,Harper,1953-06-14,1,16,Sales Manager,124761.21,SAVINGS,False,MEDIUM,ACTIVE
NSB000497,Lisa,Mills,1990-08-27,8,10,Teacher,69911.77,PENSION,False,MEDIUM,CLOSED
NSB000498,Jillian,Yang,1965-03-20,4,3,Business Owner,147536.58,INHERITANCE,False,MEDIUM,ACTIVE
NSB000499,Lauren,Gregory,2001-06-10,20,7,Nurse,63760.47,BUSINESS,False,LOW,ACTIVE
NSB000500,Robert,Hernandez,1969-05-08,8,3,Architect,43435.52,INVESTMENTS,False,LOW,ACTIVE
NSB000501,Alyssa,Vargas,1982-09-11,19,4,Sales Manager,101894.44,SALARY,False,MEDIUM,ACTIVE
NSB000502,Kenneth,White,1981-03-26,16,12,Doctor,103252.25,PENSION,False,LOW,ACTIVE
NSB000503,Edward,Sampson,1979-08-19,7,7,Lawyer,142742.35,INVESTMENTS,False,LOW,ACTIVE
NSB000504,Wesley,Wilson,1970-01-29,4,7,Architect,76859.8,SAVINGS,False,MEDIUM,ACTIVE
NSB000505,Amanda,Romero,1989-10-13,2,6,Sales Manager,111859.71,INHERITANCE,False,HIGH,ACTIVE
NSB000506,Christina,Mcgee,1991-09-11,4,9,Financial Analyst,62402.96,BUSINESS,False,LOW,ACTIVE
NSB000507,Rachel,Fields,1988-06-03,1,4,Financial Analyst,80163.86,SAVINGS,False,LOW,ACTIVE
NSB000508,Mark,Phillips,1948-08-11,6,16,Accountant,81131.58,INHERITANCE,False,CRITICAL,CLOSED
NSB000509,Shane,Martin,1981-02-11,2,1,Lawyer,103850.62,INVESTMENTS,False,LOW,BLOCKED
NSB000510,Rachel,Greene,1945-07-01,2,12,Nurse,36381.68,SAVINGS,False,MEDIUM,ACTIVE
NSB000511,Crystal,Key,1980-09-28,10,20,Teacher,64684.43,INVESTMENTS,False,LOW,ACTIVE
NSB000512,Jeffrey,Bowen,1944-06-27,8,4,Doctor,194173.19,PENSION,False,LOW,ACTIVE
NSB000513,Jeremy,Waller,1992-10-01,19,19,Software Engineer,57828.26,SALARY,False,LOW,ACTIVE
NSB000514,Anna,Castaneda,2004-10-11,12,3,Software Engineer,115894.62,PENSION,False,MEDIUM,DECEASED
NSB000515,Robin,Diaz,1974-08-24,12,9,Software Engineer,58573.02,INHERITANCE,False,MEDIUM,ACTIVE
NSB000516,Jessica,Johnson,1974-06-29,13,16,Nurse,47021.48,SAVINGS,False,HIGH,ACTIVE
NSB000517,Sheryl,Parker,1991-08-31,16,7,Engineer,57531.61,PENSION,False,HIGH,ACTIVE
NSB000518,Ian,Woodward,1944-09-16,11,18,Accountant,85818.45,SAVINGS,False,LOW,ACTIVE
NSB000519,Margaret,Marks,1965-05-17,13,19,Accountant,70841.92,SALARY,False,MEDIUM,INACTIVE
NSB000520,Amy,Simmons,1956-01-24,5,15,Nurse,43295.77,PENSION,False,LOW,ACTIVE
NSB000521,Joseph,Davis,1955-07-29,5,3,Business Owner,114932.61,SALARY,False,LOW,ACTIVE
NSB000522,Logan,Gray,1963-09-13,17,14,Business Owner,175834.08,SAVINGS,False,LOW,ACTIVE
NSB000523,Misty,Delacruz,1945-09-14,3,3,Nurse,41398.54,SALARY,False,MEDIUM,ACTIVE
NSB000524,Jose,Wood,1963-03-15,3,13,Nurse,37064.52,INHERITANCE,False,LOW,ACTIVE
NSB000525,Patrick,Castaneda,1953-01-24,17,5,Software Engineer,91441.02,INHERITANCE,False,MEDIUM,INACTIVE
NSB000526,Stephen,White,1984-06-07,6,10,Business Owner,36348.54,SALARY,False,LOW,ACTIVE
NSB000527,Bryan,Watson,1969-03-15,10,17,Lawyer,130047.97,PENSION,False,LOW,ACTIVE
NSB000528,Michaela,Miller,1970-06-26,16,9,Marketing Manager,72923.45,SAVINGS,False,LOW,ACTIVE
NSB000529,Brooke,Bowman,1971-03-23,11,19,Doctor,231746.97,SALARY,True,MEDIUM,ACTIVE
NSB000530,Wayne,Nguyen,1973-09-25,20,15,Teacher,65380.97,BUSINESS,True,CRITICAL,ACTIVE
NSB000531,Abigail,Nielsen,2005-03-11,4,19,Financial Analyst,112342.51,SAVINGS,False,HIGH,ACTIVE
NSB000532,Jacqueline,Stanley,1961-02-19,18,2,Teacher,37590.52,BUSINESS,False,LOW,ACTIVE
NSB000533,John,Ballard,1963-01-08,16,13,Marketing Manager,61459.02,PENSION,False,LOW,ACTIVE
NSB000534,Leroy,Bullock,1953-12-01,16,8,Student,9745.37,SAVINGS,False,HIGH,ACTIVE
NSB000535,Sarah,Lynch,1981-03-17,18,2,Accountant,50702.69,BUSINESS,False,HIGH,DECEASED
NSB000536,Kristy,Nelson,2002-09-18,17,10,Consultant,143452.24,INHERITANCE,False,LOW,ACTIVE
NSB000537,Tara,Phillips,1962-03-11,17,14,Architect,85040.63,SALARY,False,LOW,ACTIVE
NSB000538,Toni,Lee,1981-07-29,11,10,Lawyer,65796.17,SALARY,False,MEDIUM,ACTIVE
NSB000539,Theresa,Ray,1977-05-11,11,20,Architect,54365.98,PENSION,False,LOW,ACTIVE
NSB000540,Tony,King,1958-07-02,10,15,Accountant,54921.69,SALARY,False,LOW,ACTIVE
NSB000541,Melissa,Cooper,1976-11-14,9,7,Engineer,72100.57,INVESTMENTS,False,MEDIUM,ACTIVE
NSB000542,Ashley,Wilson,2004-09-22,18,7,Data Analyst,40328.72,SALARY,False,MEDIUM,ACTIVE
NSB000543,Joseph,Cook,1997-05-26,3,14,Teacher,38238.17,INVESTMENTS,False,MEDIUM,ACTIVE
NSB000544,Joseph,Watson,1957-10-09,15,14,Data Analyst,84985.01,SALARY,False,LOW,ACTIVE
NSB000545,Dawn,Villarreal,1976-09-22,6,5,Data Analyst,53707.3,INVESTMENTS,False,LOW,ACTIVE
NSB000546,Cynthia,Sanford,1962-10-30,12,15,Consultant,77297.79,INHERITANCE,False,HIGH,BLOCKED
NSB000547,Karen,Molina,1961-03-24,5,4,Lawyer,101208.25,PENSION,False,MEDIUM,ACTIVE
NSB000548,Patricia,Neal,2002-01-09,8,17,Teacher,50671.35,PENSION,False,LOW,ACTIVE
NSB000549,Jeffrey,Nicholson,1948-11-11,11,16,Business Owner,239290.15,SALARY,False,LOW,ACTIVE
NSB000550,Kimberly,Padilla,1984-08-23,11,3,Financial Analyst,106044.96,INVESTMENTS,False,MEDIUM,ACTIVE
NSB000551,Rebecca,Smith,1960-07-31,16,14,Business Owner,271368.33,SAVINGS,False,MEDIUM,ACTIVE
NSB000552,Steven,Sanders,1952-04-11,9,11,Software Engineer,69570.72,PENSION,False,MEDIUM,ACTIVE
NSB000553,Amanda,Rivera,1997-01-17,20,10,Lawyer,140916.73,SAVINGS,False,LOW,ACTIVE
NSB000554,John,Bryan,1960-01-27,11,1,Nurse,45652.12,PENSION,False,MEDIUM,ACTIVE
NSB000555,Jacob,Harrison,1970-10-01,11,2,Lawyer,141247.04,SAVINGS,False,LOW,BLOCKED
NSB000556,Samantha,Garcia,1946-04-12,11,13,Sales Manager,79711.67,INVESTMENTS,False,LOW,ACTIVE
NSB000557,Cynthia,Wheeler,1974-04-02,12,2,Doctor,246920.49,PENSION,False,LOW,ACTIVE
NSB000558,Barbara,Gardner,1947-11-06,4,10,Architect,85512.02,SAVINGS,False,LOW,ACTIVE
NSB000559,Ruth,Shah,1949-10-02,7,14,Architect,93921.24,SALARY,False,LOW,ACTIVE
NSB000560,Shannon,James,1995-10-09,10,19,Engineer,119109.44,PENSION,False,MEDIUM,ACTIVE
NSB000561,Rachel,Bennett,1970-10-11,7,2,Doctor,126273.74,INHERITANCE,False,LOW,ACTIVE
NSB000562,Christine,Cochran,1954-02-09,20,19,Student,26260.97,SAVINGS,False,LOW,ACTIVE
NSB000563,Gabriel,Robertson,1948-09-25,8,14,Business Owner,219279.96,SALARY,False,LOW,CLOSED
NSB000564,Brittany,Sanders,1980-04-21,13,4,Marketing Manager,48684.92,SAVINGS,False,LOW,ACTIVE
NSB000565,Matthew,Rivera,1966-07-11,4,13,Doctor,124532.48,SAVINGS,False,HIGH,ACTIVE
NSB000566,Hannah,Chandler,1949-06-17,6,16,Sales Manager,55927.93,BUSINESS,False,LOW,ACTIVE
NSB000567,William,Foster,1979-05-20,19,15,Data Analyst,70206.73,SAVINGS,False,MEDIUM,ACTIVE
NSB000568,Isaac,Romero,1957-09-07,11,3,Marketing Manager,91945.05,PENSION,False,MEDIUM,ACTIVE
NSB000569,Sean,Mitchell,1989-01-05,19,5,Engineer,89531.4,INHERITANCE,False,MEDIUM,ACTIVE
NSB000570,Katherine,Fry,1959-05-28,7,16,Student,15536.65,INHERITANCE,False,LOW,ACTIVE
NSB000571,Kenneth,Sullivan,1942-07-04,8,18,Business Owner,95852.3,INHERITANCE,False,MEDIUM,ACTIVE
NSB000572,Justin,Brown,1990-12-14,18,6,Marketing Manager,45092.18,BUSINESS,False,LOW,ACTIVE
NSB000573,Stephanie,Mason,1946-11-11,17,2,Nurse,35970.48,BUSINESS,False,MEDIUM,ACTIVE
NSB000574,Rebecca,Floyd,1950-10-14,20,7,Marketing Manager,90435.62,BUSINESS,False,LOW,ACTIVE
NSB000575,Denise,Woods,1993-05-30,12,20,Student,19382.41,INVESTMENTS,False,LOW,ACTIVE
NSB000576,Elizabeth,Ramirez,1985-11-01,18,6,Sales Manager,118368.73,INVESTMENTS,False,MEDIUM,CLOSED
NSB000577,Autumn,Henderson,1992-03-26,13,5,Consultant,56353.55,INVESTMENTS,False,LOW,ACTIVE
NSB000578,Joshua,Douglas,1963-12-16,12,20,Student,27013.92,PENSION,False,LOW,ACTIVE
NSB000579,Melissa,Davis,1961-08-31,10,15,Student,23184.53,SALARY,False,MEDIUM,ACTIVE
NSB000580,Karen,Brooks,1964-12-26,3,16,Teacher,66475.51,BUSINESS,False,HIGH,ACTIVE
NSB000581,Cassandra,Middleton,2004-10-12,7,14,Sales Manager,62559.64,SALARY,False,LOW,ACTIVE
NSB000582,Jeffrey,Medina,1951-09-26,9,9,Teacher,51899.33,SALARY,False,LOW,ACTIVE
NSB000583,Donna,Morris,1975-09-18,15,4,Software Engineer,100310.77,SAVINGS,False,LOW,ACTIVE
NSB000584,Anthony,Hill,1981-02-22,16,15,Engineer,90461.87,SAVINGS,False,LOW,ACTIVE
NSB000585,Dominique,Johnson,1940-12-18,17,20,Accountant,68530.54,BUSINESS,False,LOW,ACTIVE
NSB000586,Eric,Smith,1987-12-03,15,18,Nurse,58776.41,BUSINESS,False,LOW,ACTIVE
NSB000587,Jennifer,Jimenez,1982-09-13,3,18,Nurse,58449.72,SAVINGS,False,MEDIUM,ACTIVE
NSB000588,Evelyn,Sims,1970-01-13,9,16,Sales Manager,54502.84,PENSION,False,LOW,ACTIVE
NSB000589,Shannon,Williams,1987-03-21,5,8,Marketing Manager,69724.21,PENSION,False,MEDIUM,ACTIVE
NSB000590,Jillian,Klein,2006-07-30,3,18,Data Analyst,71641.86,BUSINESS,False,LOW,ACTIVE
NSB000591,Connor,White,2000-04-13,3,5,Student,14737.06,SAVINGS,False,MEDIUM,ACTIVE
NSB000592,Alexander,Adams,1952-10-02,14,16,Lawyer,143100.47,SAVINGS,False,LOW,ACTIVE
NSB000593,Gregory,Wood,1988-11-17,14,3,Engineer,94728.62,INHERITANCE,False,MEDIUM,DECEASED
NSB000594,Mary,Medina,1987-06-30,11,20,Software Engineer,47831.31,INHERITANCE,False,MEDIUM,ACTIVE
NSB000595,Jeffrey,Reyes,1963-03-22,11,13,Software Engineer,48771.78,BUSINESS,False,LOW,ACTIVE
NSB000596,Robert,Huang,1971-01-19,8,1,Business Owner,192065.97,SAVINGS,False,LOW,ACTIVE
NSB000597,Benjamin,Freeman,1954-01-12,1,20,Student,27149.44,PENSION,False,MEDIUM,ACTIVE
NSB000598,Angela,Patterson,1991-09-29,6,12,Marketing Manager,74227.03,SAVINGS,False,MEDIUM,ACTIVE
NSB000599,Christina,Chen,2004-09-15,6,2,Marketing Manager,113547.97,INVESTMENTS,False,LOW,ACTIVE
NSB000600,Alexa,Hickman,1958-03-01,8,16,Consultant,100337.36,BUSINESS,True,HIGH,ACTIVE
NSB000601,Yolanda,Gross,1988-12-04,10,10,Financial Analyst,115735.62,SALARY,False,LOW,ACTIVE
NSB000602,Debra,Lewis,1964-08-18,9,5,Architect,83536.44,PENSION,False,LOW,ACTIVE
NSB000603,Lynn,Garcia,1991-02-21,13,17,Marketing Manager,71129.15,INVESTMENTS,False,LOW,ACTIVE
NSB000604,Daniel,Thomas,1967-03-09,4,11,Student,8847.24,SAVINGS,False,LOW,ACTIVE
NSB000605,Tyler,Rowe,1990-03-10,8,15,Accountant,39042.59,SALARY,False,MEDIUM,BLOCKED
NSB000606,Joanna,French,1998-02-10,3,16,Financial Analyst,57440.25,PENSION,False,MEDIUM,ACTIVE
NSB000607,David,Smith,1993-02-08,5,11,Sales Manager,122630.83,INHERITANCE,False,CRITICAL,ACTIVE
NSB000608,Teresa,Dixon,1945-08-16,5,9,Marketing Manager,110582.15,INHERITANCE,False,LOW,ACTIVE
NSB000609,Lori,Cooley,1971-05-04,16,18,Business Owner,165059.17,INVESTMENTS,False,MEDIUM,ACTIVE
NSB000610,Gary,Gomez,1992-08-20,3,10,Nurse,68818.09,BUSINESS,False,MEDIUM,ACTIVE
NSB000611,James,Rice,1976-04-13,20,12,Marketing Manager,76004.24,PENSION,False,MEDIUM,ACTIVE
NSB000612,Caitlin,Rodriguez,1964-08-21,17,16,Financial Analyst,59545.16,SALARY,False,LOW,ACTIVE
NSB000613,April,Sanchez,1999-10-06,9,13,Consultant,74313.69,PENSION,False,HIGH,ACTIVE
NSB000614,Donna,Jarvis,2005-01-06,5,11,Nurse,38196.23,BUSINESS,False,LOW,ACTIVE
NSB000615,Arthur,Perez,1962-02-27,18,1,Software Engineer,65117.4,INHERITANCE,False,MEDIUM,BLOCKED
NSB000616,Emily,Arnold,2004-09-25,9,7,Student,21046.88,SAVINGS,False,LOW,CLOSED
NSB000617,Timothy,Norris,2000-02-16,13,18,Nurse,44004.64,SALARY,False,LOW,ACTIVE
NSB000618,James,Schultz,1961-11-16,3,20,Data Analyst,56996.49,BUSINESS,False,LOW,ACTIVE
NSB000619,Brianna,Riley,1945-10-06,17,20,Data Analyst,66573.13,PENSION,False,MEDIUM,ACTIVE
NSB000620,Kelly,Guzman,1947-06-09,4,2,Data Analyst,40053.02,PENSION,False,LOW,ACTIVE
NSB000621,Tiffany,Moore,1971-12-21,2,13,Architect,94493.18,INHERITANCE,False,LOW,ACTIVE
NSB000622,Scott,Jimenez,1950-07-06,14,7,Sales Manager,123017.92,SALARY,False,LOW,ACTIVE
NSB000623,Amy,Rodriguez,1975-01-21,3,7,Business Owner,282570.3,INVESTMENTS,False,LOW,ACTIVE
NSB000624,Kathleen,Cochran,1954-12-23,7,14,Business Owner,100444.19,SALARY,False,MEDIUM,ACTIVE
NSB000625,Timothy,Hall,1998-06-16,13,15,Consultant,78865.89,BUSINESS,False,MEDIUM,ACTIVE
NSB000626,Jennifer,Edwards,1951-06-24,10,1,Software Engineer,116024.38,PENSION,False,MEDIUM,ACTIVE
NSB000627,Molly,Mendez,1972-10-04,18,4,Accountant,53820.95,SALARY,False,LOW,ACTIVE
NSB000628,Mark,Horton,1944-05-05,17,8,Business Owner,150944.64,SAVINGS,False,LOW,ACTIVE
NSB000629,Amy,Hess,1973-05-03,18,19,Sales Manager,107090.82,INVESTMENTS,False,LOW,ACTIVE
NSB000630,Hannah,Davies,1943-08-22,18,7,Nurse,40278.07,SALARY,False,HIGH,ACTIVE
NSB000631,Jennifer,Davis,2002-08-31,4,12,Consultant,147345.37,INVESTMENTS,False,LOW,ACTIVE
NSB000632,Michael,Webster,1969-12-30,14,4,Engineer,92854.36,INVESTMENTS,False,LOW,ACTIVE
NSB000633,Raymond,Jackson,1942-05-18,2,2,Engineer,47719.67,PENSION,False,MEDIUM,ACTIVE
NSB000634,Christine,Whitaker,1963-07-14,6,9,Financial Analyst,61114.91,PENSION,False,LOW,ACTIVE
NSB000635,Emily,Williams,1955-10-05,17,1,Software Engineer,97001.74,INVESTMENTS,False,CRITICAL,ACTIVE
NSB000636,Gregory,Barber,2006-05-18,17,13,Accountant,84327.03,SALARY,False,LOW,ACTIVE
NSB000637,Julie,Patterson,1978-04-24,13,13,Sales Manager,61443.95,PENSION,False,LOW,ACTIVE
NSB000638,Jason,Sherman,1981-01-05,18,7,Data Analyst,93023.36,SAVINGS,False,LOW,ACTIVE
NSB000639,James,Jones,1949-02-14,3,8,Financial Analyst,68066.72,PENSION,False,MEDIUM,ACTIVE
NSB000640,Kevin,Garcia,1981-05-13,5,16,Accountant,67096.37,PENSION,False,LOW,DECEASED
NSB000641,Steven,Suarez,1999-08-09,13,18,Accountant,37844.74,BUSINESS,False,LOW,ACTIVE
NSB000642,Derek,Banks,1962-09-01,18,10,Consultant,114844.02,SALARY,False,CRITICAL,ACTIVE
NSB000643,Melvin,Weaver,1989-07-27,13,10,Consultant,126941.04,BUSINESS,False,MEDIUM,ACTIVE
NSB000644,Ashley,Sims,1963-09-03,18,3,Doctor,120285.34,INHERITANCE,False,HIGH,ACTIVE
NSB000645,Morgan,Miller,1981-11-28,11,3,Nurse,51865.92,SAVINGS,False,LOW,CLOSED
NSB000646,Janice,Zhang,1964-06-28,9,13,Teacher,30503.65,INHERITANCE,False,MEDIUM,ACTIVE
NSB000647,Lauren,Hodge,1980-02-20,9,1,Sales Manager,100873.85,SAVINGS,False,MEDIUM,ACTIVE
NSB000648,Taylor,Keith,1969-03-30,9,14,Engineer,85303.53,SAVINGS,False,MEDIUM,ACTIVE
NSB000649,Daniel,Hale,1955-10-18,19,19,Architect,51812.77,SAVINGS,False,LOW,ACTIVE
NSB000650,Angela,Hogan,1973-08-31,10,19,Accountant,60128.9,SAVINGS,False,LOW,ACTIVE
NSB000651,Steven,Aguirre,1969-11-15,10,11,Consultant,62282.42,INHERITANCE,False,HIGH,ACTIVE
NSB000652,Susan,Wilkinson,1951-11-04,2,16,Software Engineer,118219.95,INHERITANCE,False,LOW,ACTIVE
NSB000653,Glenn,Young,1997-02-10,17,11,Sales Manager,63883.46,INVESTMENTS,False,LOW,ACTIVE
NSB000654,Angela,Mitchell,1969-06-10,12,20,Consultant,66589.5,SALARY,False,LOW,ACTIVE
NSB000655,Lisa,Collins,1960-06-09,1,5,Doctor,85413.7,SAVINGS,False,HIGH,ACTIVE
NSB000656,Victoria,Smith,1948-09-25,10,5,Student,30878.58,SALARY,False,MEDIUM,ACTIVE
NSB000657,Suzanne,Johnson,1962-10-03,9,9,Financial Analyst,117115.92,INVESTMENTS,True,HIGH,ACTIVE
NSB000658,Jeffrey,Sullivan,1980-01-25,16,11,Business Owner,62958.93,PENSION,False,LOW,ACTIVE
NSB000659,Lance,Jenkins,1944-02-12,3,5,Doctor,187962.56,PENSION,False,LOW,ACTIVE
NSB000660,Deborah,Ross,1952-04-09,14,13,Lawyer,155800.2,INHERITANCE,False,MEDIUM,ACTIVE
NSB000661,Aaron,Jones,1972-05-09,13,3,Engineer,56943.56,PENSION,False,LOW,ACTIVE
NSB000662,Jeremy,Steele,2006-08-22,12,12,Student,7175.1,INHERITANCE,False,LOW,ACTIVE
NSB000663,Michael,Jones,1942-07-12,14,13,Software Engineer,55939.11,PENSION,False,LOW,ACTIVE
NSB000664,Vincent,Johnson,1963-03-06,14,1,Sales Manager,63685.65,BUSINESS,False,MEDIUM,ACTIVE
NSB000665,Beverly,Alexander,1954-09-29,3,14,Consultant,78710.73,INHERITANCE,False,LOW,ACTIVE
NSB000666,Jacob,Holmes,1949-09-04,7,19,Nurse,31611.4,PENSION,False,LOW,ACTIVE
NSB000667,Lori,Savage,1959-12-25,9,5,Student,20404.13,PENSION,False,MEDIUM,INACTIVE
NSB000668,Katelyn,Harper,1940-09-14,4,15,Nurse,54659.32,INVESTMENTS,True,HIGH,ACTIVE
NSB000669,Jessica,Hobbs,1979-08-08,16,7,Nurse,39968.17,BUSINESS,False,MEDIUM,ACTIVE
NSB000670,Connie,Sanchez,1987-04-22,13,17,Architect,50168.47,INVESTMENTS,False,LOW,ACTIVE
NSB000671,David,Dickerson,1950-03-08,14,12,Engineer,93450.97,BUSINESS,False,MEDIUM,ACTIVE
NSB000672,Heather,Huber,2005-07-14,4,6,Architect,84617.95,SAVINGS,False,LOW,INACTIVE
NSB000673,Margaret,Davis,1953-05-12,9,15,Financial Analyst,66927.28,SALARY,False,LOW,ACTIVE
NSB000674,Don,Smith,1979-10-08,20,13,Doctor,233265.14,BUSINESS,False,LOW,ACTIVE
NSB000675,Joseph,Martin,1984-02-13,6,1,Engineer,119796.39,BUSINESS,False,MEDIUM,ACTIVE
NSB000676,Kayla,Dawson,1952-06-23,9,12,Teacher,61503.77,SALARY,False,LOW,ACTIVE
NSB000677,Dorothy,Johnson,1947-05-16,19,19,Sales Manager,100660.98,INHERITANCE,False,MEDIUM,ACTIVE
NSB000678,Heather,Young,1972-08-12,4,15,Software Engineer,105402.03,INHERITANCE,False,MEDIUM,ACTIVE
NSB000679,Shelley,Tran,1980-10-11,10,12,Teacher,30235.49,SAVINGS,False,MEDIUM,ACTIVE
NSB000680,Ronald,Adams,2002-06-10,11,17,Data Analyst,72509.55,INVESTMENTS,False,LOW,ACTIVE
NSB000681,Joanna,Lowe,1994-05-27,12,9,Marketing Manager,64626.95,SAVINGS,False,MEDIUM,ACTIVE
NSB000682,Chris,Mueller,1984-01-28,12,19,Financial Analyst,99564.72,PENSION,False,LOW,ACTIVE
NSB000683,Andrea,Gordon,1977-11-07,10,3,Doctor,139757.03,BUSINESS,False,MEDIUM,ACTIVE
NSB000684,Robert,Freeman,1942-07-14,20,8,Doctor,102723.82,BUSINESS,False,LOW,ACTIVE
NSB000685,Tim,Turner,1995-05-01,18,9,Lawyer,89921.24,SALARY,False,LOW,ACTIVE
NSB000686,Ana,Anderson,1955-11-16,8,13,Consultant,127604.99,PENSION,False,LOW,ACTIVE
NSB000687,Joshua,Lee,1997-08-22,19,9,Financial Analyst,68447.34,INHERITANCE,False,LOW,ACTIVE
NSB000688,Angela,Rodriguez,2001-08-15,18,8,Lawyer,163826.46,INVESTMENTS,False,LOW,ACTIVE
NSB000689,Mark,Proctor,1947-12-17,17,16,Data Analyst,84025.64,INVESTMENTS,False,LOW,ACTIVE
NSB000690,Lisa,Long,1961-01-08,4,15,Engineer,85689.68,INVESTMENTS,False,HIGH,INACTIVE
NSB000691,Patrick,Keller,1956-06-07,19,1,Software Engineer,48024.33,BUSINESS,False,LOW,ACTIVE
NSB000692,Crystal,Davis,1967-09-03,5,6,Marketing Manager,55412.87,BUSINESS,False,CRITICAL,ACTIVE
NSB000693,Angela,Griffin,1987-10-24,15,10,Software Engineer,69869.08,SALARY,False,LOW,ACTIVE
NSB000694,Stephen,Kirby,1978-08-11,18,13,Marketing Manager,52947.81,PENSION,False,LOW,ACTIVE
NSB000695,Tracy,Robertson,1977-02-20,2,5,Architect,66073.58,INHERITANCE,False,LOW,ACTIVE
NSB000696,Andrew,Ward,1941-06-05,18,17,Teacher,57715.59,SALARY,False,HIGH,ACTIVE
NSB000697,Pam,Webb,1964-11-04,10,16,Architect,98066.48,SAVINGS,False,MEDIUM,ACTIVE
NSB000698,Ashley,Parker,1975-07-07,6,14,Lawyer,91395.55,SAVINGS,False,MEDIUM,ACTIVE
NSB000699,Todd,Patel,1997-04-06,16,11,Engineer,69013.69,INHERITANCE,False,LOW,ACTIVE
NSB000700,Charles,House,2006-01-23,5,20,Business Owner,72343.2,SALARY,False,HIGH,ACTIVE
NSB000701,Barbara,Bennett,1964-03-17,5,12,Architect,89103.05,INVESTMENTS,False,LOW,ACTIVE
NSB000702,Kenneth,Perkins,1947-04-10,6,3,Sales Manager,122127.09,SALARY,False,LOW,ACTIVE
NSB000703,Zachary,Harper,1995-05-13,12,8,Marketing Manager,70930.37,INVESTMENTS,False,LOW,ACTIVE
NSB000704,Christopher,Duffy,1969-11-25,10,1,Consultant,61539.27,SAVINGS,False,LOW,ACTIVE
NSB000705,Caitlin,Miller,1969-01-02,12,1,Accountant,67012.99,SALARY,False,MEDIUM,ACTIVE
NSB000706,Reginald,Cantu,1977-07-31,4,4,Accountant,39101.84,INVESTMENTS,False,MEDIUM,ACTIVE
NSB000707,Lindsey,Juarez,1976-09-06,18,17,Teacher,62549.67,PENSION,False,MEDIUM,ACTIVE
NSB000708,Michael,Morales,1945-06-27,15,20,Marketing Manager,76048.95,BUSINESS,False,LOW,ACTIVE
NSB000709,Barbara,Ramirez,1989-01-02,12,19,Architect,73089.59,SALARY,False,MEDIUM,ACTIVE
NSB000710,Jessica,Mcmahon,1961-07-28,19,15,Financial Analyst,104150.98,SALARY,False,MEDIUM,ACTIVE
NSB000711,Shannon,Green,1965-03-31,16,15,Teacher,41630.15,PENSION,False,LOW,ACTIVE
NSB000712,Edward,Martinez,1972-06-27,11,9,Accountant,82154.22,INHERITANCE,False,LOW,ACTIVE
NSB000713,Breanna,Sharp,1948-01-30,9,1,Architect,90028.94,INHERITANCE,False,MEDIUM,ACTIVE
NSB000714,Charles,Garcia,1965-04-21,8,6,Accountant,40027.22,SAVINGS,False,MEDIUM,ACTIVE
NSB000715,James,Beck,1992-05-27,19,14,Doctor,153358.03,SALARY,False,MEDIUM,ACTIVE
NSB000716,Anthony,Zimmerman,1963-05-15,1,13,Doctor,101535.94,BUSINESS,False,LOW,ACTIVE
NSB000717,Sarah,Weber,1962-09-24,11,13,Sales Manager,58125.39,SAVINGS,False,LOW,ACTIVE
NSB000718,Jessica,Price,1992-09-28,10,8,Consultant,55429.28,INVESTMENTS,False,LOW,ACTIVE
NSB000719,Megan,Larson,1962-04-06,12,12,Engineer,96572.16,SAVINGS,False,MEDIUM,ACTIVE
NSB000720,Ryan,Kerr,1971-02-20,6,8,Software Engineer,71760.03,INHERITANCE,False,MEDIUM,ACTIVE
NSB000721,Dawn,Khan,1995-08-05,14,20,Business Owner,140852.55,INVESTMENTS,False,LOW,ACTIVE
NSB000722,Jim,Chapman,1971-08-01,9,7,Data Analyst,71435.07,SAVINGS,False,LOW,ACTIVE
NSB000723,Brian,Moore,1993-05-17,15,16,Business Owner,134024.0,BUSINESS,False,LOW,ACTIVE
NSB000724,Jamie,Schultz,1947-11-07,5,6,Engineer,93477.43,INHERITANCE,False,HIGH,INACTIVE
NSB000725,Tracy,Patterson,2005-09-26,14,3,Financial Analyst,50966.35,SALARY,False,LOW,ACTIVE
NSB000726,Lori,Gay,1952-05-06,1,9,Consultant,80066.76,SALARY,False,LOW,ACTIVE
NSB000727,Richard,Acosta,1989-07-23,10,1,Business Owner,189781.27,SAVINGS,False,HIGH,ACTIVE
NSB000728,Mary,Franklin,1941-12-20,17,4,Consultant,127550.14,SAVINGS,False,MEDIUM,ACTIVE
NSB000729,Matthew,Wright,1993-06-14,8,17,Consultant,143118.78,SAVINGS,False,LOW,ACTIVE
NSB000730,Shirley,Nicholson,1974-08-07,11,2,Sales Manager,57253.47,INVESTMENTS,False,LOW,ACTIVE
NSB000731,Angela,Jones,1943-03-02,18,6,Engineer,92909.88,SALARY,False,MEDIUM,ACTIVE
NSB000732,Jessica,Kirk,2006-04-18,18,16,Sales Manager,64245.08,PENSION,False,LOW,ACTIVE
NSB000733,Karen,Avery,2004-09-20,17,1,Sales Manager,91554.43,INHERITANCE,False,HIGH,ACTIVE
NSB000734,Eric,Nichols,1997-03-20,12,17,Sales Manager,93709.06,SALARY,False,LOW,ACTIVE
NSB000735,Brittany,Williams,1995-10-09,5,1,Accountant,42647.42,BUSINESS,False,LOW,ACTIVE
NSB000736,Karen,Turner,1954-11-08,1,6,Teacher,60967.65,INVESTMENTS,False,HIGH,ACTIVE
NSB000737,Amanda,Fuentes,1993-03-18,6,17,Doctor,239397.0,SAVINGS,False,MEDIUM,ACTIVE
NSB000738,James,Camacho,1954-12-17,16,15,Doctor,89108.91,BUSINESS,False,LOW,ACTIVE
NSB000739,Jessica,Smith,1961-08-18,17,8,Marketing Manager,93479.23,INVESTMENTS,False,LOW,ACTIVE
NSB000740,Angelica,Mills,1956-09-29,8,12,Sales Manager,95747.73,BUSINESS,False,LOW,ACTIVE
NSB000741,Gina,Chambers,1984-11-22,10,1,Marketing Manager,106686.68,INHERITANCE,False,LOW,CLOSED
NSB000742,Jonathan,Phillips,2005-12-12,11,9,Marketing Manager,72363.77,INVESTMENTS,False,LOW,CLOSED
NSB000743,Christine,Butler,1981-04-16,6,16,Student,13298.78,SAVINGS,False,MEDIUM,ACTIVE
NSB000744,Ashley,Martinez,1971-06-03,14,19,Data Analyst,52303.3,PENSION,False,LOW,ACTIVE
NSB000745,Meredith,Hall,1950-10-08,19,7,Student,30389.21,SAVINGS,False,LOW,ACTIVE
NSB000746,Rhonda,Key,1943-08-13,20,6,Architect,53345.52,PENSION,False,MEDIUM,ACTIVE
NSB000747,Kathryn,Marshall,1945-07-10,12,13,Software Engineer,77099.62,PENSION,False,LOW,ACTIVE
NSB000748,Jeanette,Lee,1951-01-05,5,5,Accountant,84958.26,INHERITANCE,False,LOW,ACTIVE
NSB000749,David,Morgan,1953-12-25,15,15,Business Owner,192339.16,INHERITANCE,False,CRITICAL,ACTIVE
NSB000750,Debra,Whitehead,1984-03-07,19,9,Sales Manager,91285.52,INHERITANCE,False,LOW,BLOCKED
NSB000751,Jessica,Watson,1984-01-09,5,2,Teacher,37695.16,SAVINGS,False,MEDIUM,ACTIVE
NSB000752,Debra,Johnson,1953-08-25,2,15,Consultant,64109.05,INVESTMENTS,False,LOW,ACTIVE
NSB000753,Tracy,Rios,1992-01-28,19,17,Lawyer,94628.74,BUSINESS,False,LOW,ACTIVE
NSB000754,Carlos,Nelson,2004-06-10,6,10,Sales Manager,59021.65,INVESTMENTS,False,LOW,ACTIVE
NSB000755,Tracy,Hernandez,1993-02-13,3,18,Nurse,35266.49,PENSION,False,LOW,ACTIVE
NSB000756,Ashley,Mckinney,1996-09-14,4,17,Accountant,59107.55,INHERITANCE,False,MEDIUM,ACTIVE
NSB000757,Alexis,Ford,1962-02-23,2,5,Data Analyst,93829.61,BUSINESS,False,LOW,ACTIVE
NSB000758,Jacob,Simmons,1988-11-06,16,16,Engineer,70140.15,INVESTMENTS,False,LOW,ACTIVE
NSB000759,Valerie,Gutierrez,1983-06-15,17,17,Business Owner,262321.19,PENSION,False,LOW,ACTIVE
NSB000760,Joan,Sullivan,2002-07-02,19,9,Architect,88796.59,SALARY,False,LOW,ACTIVE
NSB000761,Dennis,Mendez,1951-12-06,20,18,Marketing Manager,117208.09,SALARY,False,LOW,ACTIVE
NSB000762,Scott,Thompson,1992-11-04,19,7,Nurse,56365.73,PENSION,False,HIGH,ACTIVE
NSB000763,Juan,Vazquez,1980-07-22,4,8,Teacher,31305.42,BUSINESS,False,MEDIUM,ACTIVE
NSB000764,Jason,Hampton,1984-11-23,5,17,Engineer,109679.64,INVESTMENTS,False,LOW,ACTIVE
NSB000765,Randy,Skinner,2003-04-08,8,13,Business Owner,194753.04,PENSION,False,MEDIUM,ACTIVE
NSB000766,Dana,Mooney,1985-04-16,13,8,Software Engineer,117390.82,BUSINESS,False,HIGH,ACTIVE
NSB000767,Thomas,Saunders,1971-02-17,2,4,Data Analyst,57393.7,PENSION,False,LOW,ACTIVE
NSB000768,Chelsea,Anderson,1997-12-31,8,5,Engineer,86339.69,SAVINGS,False,LOW,ACTIVE
NSB000769,Luis,Douglas,1967-12-25,16,4,Teacher,47777.23,PENSION,False,LOW,ACTIVE
NSB000770,Meghan,Williams,1994-04-16,18,12,Nurse,49876.24,BUSINESS,True,HIGH,ACTIVE
NSB000771,Kevin,Knight,1944-09-08,5,15,Teacher,40146.15,INHERITANCE,False,MEDIUM,ACTIVE
NSB000772,Caitlyn,Jones,1993-09-16,15,3,Data Analyst,74854.32,PENSION,False,MEDIUM,ACTIVE
NSB000773,Scott,Perry,1944-09-15,1,7,Engineer,53456.68,BUSINESS,False,LOW,ACTIVE
NSB000774,Veronica,Krause,2006-06-16,9,11,Consultant,72930.15,SAVINGS,False,LOW,ACTIVE
NSB000775,Herbert,Hernandez,1972-07-03,9,13,Lawyer,56289.04,BUSINESS,False,LOW,ACTIVE
NSB000776,Susan,Alvarado,1979-11-13,3,10,Marketing Manager,63993.12,INVESTMENTS,False,MEDIUM,ACTIVE
NSB000777,Deborah,Conner,1960-02-12,8,6,Engineer,101728.59,SALARY,False,LOW,ACTIVE
NSB000778,Yvonne,Mcdaniel,1983-11-14,6,9,Business Owner,88125.43,SAVINGS,True,CRITICAL,ACTIVE
NSB000779,Heather,Miller,1963-06-21,7,11,Data Analyst,50793.61,BUSINESS,False,MEDIUM,BLOCKED
NSB000780,Kathleen,Boyle,2005-01-09,3,11,Data Analyst,90815.99,BUSINESS,False,LOW,ACTIVE
NSB000781,John,Ramsey,1943-12-09,14,4,Accountant,89590.8,INVESTMENTS,False,LOW,ACTIVE
NSB000782,Raymond,Moore,1946-03-13,12,4,Financial Analyst,109780.73,INHERITANCE,False,LOW,ACTIVE
NSB000783,Karen,Flores,1988-08-10,14,15,Teacher,54292.66,INHERITANCE,False,MEDIUM,ACTIVE
NSB000784,Steven,Palmer,1946-05-25,12,18,Architect,46981.93,INHERITANCE,False,MEDIUM,ACTIVE
NSB000785,Nicole,Stafford,1948-11-01,9,8,Sales Manager,43019.66,BUSINESS,False,LOW,ACTIVE
NSB000786,Nicholas,Sloan,1989-12-06,19,14,Software Engineer,65705.09,PENSION,False,HIGH,ACTIVE
NSB000787,Daniel,Gonzalez,2000-09-17,14,4,Accountant,45718.39,PENSION,False,LOW,ACTIVE
NSB000788,Jay,Baxter,1953-10-26,7,8,Doctor,139068.76,SAVINGS,False,LOW,ACTIVE
NSB000789,Oscar,Poole,1964-08-15,3,13,Lawyer,140497.58,BUSINESS,False,MEDIUM,ACTIVE
NSB000790,Brittany,Jones,1994-01-17,2,3,Accountant,55867.19,INHERITANCE,False,HIGH,ACTIVE
NSB000791,Matthew,Ray,2001-04-24,3,9,Accountant,64211.73,INVESTMENTS,False,LOW,ACTIVE
NSB000792,Caleb,Morrison,1956-02-18,4,9,Consultant,67083.79,PENSION,False,MEDIUM,ACTIVE
NSB000793,Stephen,Michael,1995-08-16,17,19,Nurse,55172.84,BUSINESS,False,LOW,ACTIVE
NSB000794,Julie,Robinson,1988-10-09,4,6,Engineer,115879.05,SAVINGS,True,MEDIUM,ACTIVE
NSB000795,Veronica,Garcia,1954-12-13,17,4,Data Analyst,75453.4,SALARY,False,LOW,ACTIVE
NSB000796,Angela,York,1966-09-08,7,16,Consultant,93629.34,BUSINESS,False,LOW,ACTIVE
NSB000797,Erica,Schroeder,1987-10-09,3,8,Architect,56295.86,PENSION,False,LOW,ACTIVE
NSB000798,Kaitlyn,Garcia,1982-05-15,11,1,Doctor,76686.17,INHERITANCE,False,LOW,ACTIVE
NSB000799,Kristy,Hull,1967-04-24,11,20,Engineer,115085.32,SAVINGS,False,MEDIUM,ACTIVE
NSB000800,Douglas,Ibarra,1991-09-14,15,18,Marketing Manager,108556.25,SALARY,False,LOW,ACTIVE
NSB000801,Wendy,Mcclure,1970-11-23,10,3,Student,12822.86,INHERITANCE,False,LOW,ACTIVE
NSB000802,Martin,Hines,1981-10-26,11,15,Accountant,63793.94,SALARY,False,HIGH,ACTIVE
NSB000803,Philip,Henderson,1978-02-19,11,3,Student,13084.55,BUSINESS,False,LOW,ACTIVE
NSB000804,Julia,Blevins,1997-06-15,2,11,Sales Manager,80171.81,INHERITANCE,False,LOW,ACTIVE
NSB000805,Elizabeth,Deleon,1981-11-29,19,13,Data Analyst,93417.21,INVESTMENTS,False,MEDIUM,ACTIVE
NSB000806,Mary,Jacobs,1984-10-29,10,16,Engineer,77025.33,BUSINESS,False,MEDIUM,ACTIVE
NSB000807,Elizabeth,Mendoza,1954-10-25,16,17,Engineer,51095.15,BUSINESS,False,LOW,ACTIVE
NSB000808,Brian,Hubbard,1958-02-18,8,7,Data Analyst,82793.57,INVESTMENTS,False,LOW,ACTIVE
NSB000809,Bryan,Love,1988-06-24,19,12,Nurse,57599.58,BUSINESS,False,LOW,ACTIVE
NSB000810,Scott,Casey,1980-01-21,7,5,Student,17321.17,SALARY,False,MEDIUM,ACTIVE
NSB000811,Bonnie,Dunn,1991-05-03,10,6,Accountant,66845.68,BUSINESS,False,LOW,ACTIVE
NSB000812,Valerie,Atkins,1950-04-25,13,18,Student,25776.35,INHERITANCE,False,MEDIUM,ACTIVE
NSB000813,Victor,Moore,1948-10-15,14,5,Marketing Manager,78475.67,PENSION,False,LOW,ACTIVE
NSB000814,Raymond,Lee,1990-04-13,8,2,Accountant,55938.41,PENSION,False,LOW,ACTIVE
NSB000815,Jessica,Mullen,1999-08-24,20,3,Software Engineer,55328.62,INVESTMENTS,False,LOW,ACTIVE
NSB000816,Jennifer,Morgan,1943-10-27,3,7,Teacher,50651.92,INHERITANCE,False,LOW,ACTIVE
NSB000817,Allison,Miller,1978-09-18,18,9,Business Owner,254623.94,SALARY,False,MEDIUM,ACTIVE
NSB000818,Willie,Peterson,1987-06-11,4,19,Student,25682.46,PENSION,False,MEDIUM,ACTIVE
NSB000819,Jeremy,Harrison,1942-10-20,17,18,Student,11331.75,PENSION,False,MEDIUM,ACTIVE
NSB000820,Randy,Craig,1991-04-29,17,7,Accountant,55991.9,SAVINGS,False,MEDIUM,ACTIVE
NSB000821,Heidi,Johnson,1954-02-13,3,16,Business Owner,134734.17,BUSINESS,False,CRITICAL,ACTIVE
NSB000822,Karen,Thompson,1985-12-03,11,14,Financial Analyst,98276.57,BUSINESS,False,LOW,ACTIVE
NSB000823,Timothy,Madden,1944-08-11,10,16,Data Analyst,45398.42,SALARY,False,LOW,INACTIVE
NSB000824,Edward,Scott,2002-01-21,6,11,Marketing Manager,106179.9,SAVINGS,False,MEDIUM,ACTIVE
NSB000825,William,Lopez,1978-03-17,5,13,Teacher,56168.21,PENSION,False,MEDIUM,ACTIVE
NSB000826,Marc,Cruz,1954-10-08,14,17,Sales Manager,104070.86,INHERITANCE,False,LOW,ACTIVE
NSB000827,Ashley,Robertson,1975-04-15,11,9,Marketing Manager,109374.38,PENSION,False,LOW,INACTIVE
NSB000828,Harold,Powell,1982-07-29,15,15,Marketing Manager,68133.81,SALARY,False,MEDIUM,ACTIVE
NSB000829,Pamela,Hansen,1948-07-01,1,8,Business Owner,251572.87,PENSION,False,LOW,ACTIVE
NSB000830,Mary,Peters,1986-09-11,6,15,Doctor,146875.87,PENSION,False,MEDIUM,ACTIVE
NSB000831,Michael,Anderson,1973-01-04,17,4,Accountant,38345.73,SAVINGS,False,LOW,ACTIVE
NSB000832,Emily,Petersen,1978-10-20,3,11,Software Engineer,86653.47,INHERITANCE,False,LOW,ACTIVE
NSB000833,Jessica,Jones,1995-03-20,12,2,Student,6179.19,INVESTMENTS,False,LOW,ACTIVE
NSB000834,Patricia,Vargas,1979-06-13,18,5,Nurse,56926.11,SALARY,False,LOW,ACTIVE
NSB000835,Christopher,Wu,2004-06-20,1,9,Marketing Manager,81055.27,BUSINESS,False,LOW,ACTIVE
NSB000836,Eric,Campbell,1983-02-02,6,8,Marketing Manager,93358.41,PENSION,False,MEDIUM,ACTIVE
NSB000837,Darlene,Williams,1951-04-16,19,10,Doctor,160014.84,SAVINGS,False,LOW,ACTIVE
NSB000838,Katelyn,Jackson,1989-12-12,16,3,Marketing Manager,118084.37,INHERITANCE,False,LOW,ACTIVE
NSB000839,Sara,Ryan,1969-06-29,11,13,Nurse,53900.33,SALARY,False,LOW,ACTIVE
NSB000840,Beverly,Green,1999-10-14,13,10,Marketing Manager,95536.97,PENSION,False,HIGH,ACTIVE
NSB000841,Christy,Rogers,1955-03-30,6,18,Data Analyst,60076.67,PENSION,False,MEDIUM,ACTIVE
NSB000842,Eric,Scott,1959-01-30,6,14,Software Engineer,57324.14,SALARY,False,LOW,ACTIVE
NSB000843,Ashley,Wilkerson,1998-10-14,5,19,Financial Analyst,57242.31,SAVINGS,False,LOW,CLOSED
NSB000844,Ashley,Martinez,1958-06-22,10,17,Lawyer,61225.55,BUSINESS,False,MEDIUM,ACTIVE
NSB000845,Michaela,Alexander,1972-02-29,12,18,Software Engineer,71564.98,PENSION,False,LOW,ACTIVE
NSB000846,Melanie,Wilson,1961-04-04,15,13,Data Analyst,62986.05,INVESTMENTS,False,LOW,ACTIVE
NSB000847,Brian,Dixon,1954-01-28,11,2,Nurse,50629.88,PENSION,False,MEDIUM,ACTIVE
NSB000848,Kevin,Williams,1944-03-05,8,20,Marketing Manager,56577.74,BUSINESS,False,MEDIUM,ACTIVE
NSB000849,Lindsey,Parks,1961-08-23,12,2,Doctor,147348.42,BUSINESS,False,LOW,ACTIVE
NSB000850,Tiffany,Gonzalez,1978-08-05,12,8,Software Engineer,93962.36,BUSINESS,False,LOW,ACTIVE
NSB000851,David,Smith,2005-01-26,12,3,Consultant,45218.44,PENSION,False,LOW,ACTIVE
NSB000852,Michael,Adams,1970-01-08,9,15,Business Owner,98490.48,INHERITANCE,False,LOW,ACTIVE
NSB000853,Jorge,Lynch,1988-01-25,12,14,Accountant,86052.85,SAVINGS,False,LOW,ACTIVE
NSB000854,Jessica,Kaiser,1948-07-07,11,17,Student,29898.22,SAVINGS,False,LOW,ACTIVE
NSB000855,Mark,Scott,1985-02-11,18,5,Student,12461.2,BUSINESS,False,CRITICAL,ACTIVE
NSB000856,Daniel,Riley,1965-11-30,8,2,Software Engineer,88875.88,INHERITANCE,False,LOW,ACTIVE
NSB000857,Danielle,Moreno,1986-11-25,3,11,Financial Analyst,74571.62,SAVINGS,False,CRITICAL,INACTIVE
NSB000858,Lisa,Pruitt,1987-01-16,11,2,Nurse,64863.45,SAVINGS,False,MEDIUM,ACTIVE
NSB000859,Jasmine,Cunningham,1954-05-03,18,13,Nurse,48084.59,INHERITANCE,False,MEDIUM,ACTIVE
NSB000860,Christopher,Reyes,1957-02-12,10,11,Lawyer,155576.65,INHERITANCE,False,LOW,ACTIVE
NSB000861,Jacob,Rivera,1973-03-13,16,8,Sales Manager,87180.32,INHERITANCE,False,CRITICAL,ACTIVE
NSB000862,Shane,Reese,1991-12-31,3,4,Accountant,42715.21,SALARY,False,MEDIUM,ACTIVE
NSB000863,Beth,Greene,1981-04-23,2,19,Consultant,67589.24,INHERITANCE,False,LOW,ACTIVE
NSB000864,Caleb,Smith,1970-05-02,16,6,Financial Analyst,57598.53,PENSION,False,LOW,ACTIVE
NSB000865,April,Lee,1978-11-20,10,2,Data Analyst,83803.27,PENSION,False,LOW,ACTIVE
NSB000866,Daniel,Frederick,1995-09-14,18,14,Nurse,34630.51,SALARY,True,HIGH,ACTIVE
NSB000867,Jacob,Christensen,1982-12-21,15,7,Data Analyst,48160.75,BUSINESS,False,MEDIUM,ACTIVE
NSB000868,Zoe,Williams,1988-03-20,17,14,Student,20309.99,SAVINGS,False,MEDIUM,ACTIVE
NSB000869,John,Kramer,1975-06-14,4,2,Architect,66832.03,SALARY,False,CRITICAL,ACTIVE
NSB000870,Amber,Williams,1999-11-03,19,19,Financial Analyst,91140.05,SALARY,False,LOW,ACTIVE
NSB000871,Bruce,Mcmillan,2006-03-05,19,12,Student,15307.34,INHERITANCE,False,MEDIUM,ACTIVE
NSB000872,Ashley,Wagner,1954-06-22,9,1,Doctor,216479.23,SALARY,False,MEDIUM,ACTIVE
NSB000873,Robert,Jackson,1968-05-28,16,11,Engineer,93094.52,BUSINESS,False,HIGH,CLOSED
NSB000874,Eduardo,Snyder,1959-10-29,10,13,Consultant,68681.61,PENSION,False,LOW,ACTIVE
NSB000875,Michelle,Wise,1976-07-14,15,15,Student,11182.04,INVESTMENTS,False,LOW,ACTIVE
NSB000876,Donna,Anthony,1960-05-28,4,10,Marketing Manager,81624.44,PENSION,False,LOW,ACTIVE
NSB000877,Brenda,Wilson,1979-07-23,1,2,Doctor,229999.41,BUSINESS,False,LOW,ACTIVE
NSB000878,Bonnie,Hale,1963-07-04,7,14,Consultant,74557.0,BUSINESS,False,LOW,ACTIVE
NSB000879,George,Bass,1941-12-25,11,15,Software Engineer,81546.68,PENSION,False,LOW,ACTIVE
NSB000880,Jeffrey,Gordon,1986-04-12,19,12,Nurse,60618.29,INVESTMENTS,False,LOW,ACTIVE
NSB000881,Michelle,Stanley,2005-08-27,14,11,Data Analyst,77416.65,SAVINGS,False,LOW,ACTIVE
NSB000882,Nancy,Reid,1989-10-31,4,14,Sales Manager,112167.06,SALARY,False,LOW,ACTIVE
NSB000883,Helen,Wilson,2003-03-03,10,20,Accountant,80100.08,SAVINGS,False,LOW,INACTIVE
NSB000884,Antonio,Daniel,2006-02-13,20,17,Data Analyst,75860.54,PENSION,False,LOW,ACTIVE
NSB000885,Amber,Gould,1982-11-15,7,4,Student,12411.44,INHERITANCE,False,MEDIUM,ACTIVE
NSB000886,Tasha,Rich,1984-11-10,3,14,Engineer,83027.18,BUSINESS,False,LOW,ACTIVE
NSB000887,Samantha,Lewis,1971-10-19,14,20,Lawyer,110906.87,PENSION,False,LOW,ACTIVE
NSB000888,Jacqueline,Miller,1987-01-26,9,14,Business Owner,211954.53,PENSION,False,MEDIUM,ACTIVE
NSB000889,Monica,Carroll,1963-05-05,7,14,Data Analyst,92950.98,PENSION,False,HIGH,ACTIVE
NSB000890,Marc,Brown,1974-06-14,15,17,Student,10021.01,BUSINESS,False,HIGH,ACTIVE
NSB000891,Mary,Hill,1967-03-08,9,10,Sales Manager,107927.24,SAVINGS,False,MEDIUM,ACTIVE
NSB000892,Christopher,Ortiz,1970-03-29,16,4,Business Owner,131826.04,PENSION,False,LOW,ACTIVE
NSB000893,William,Gonzales,1947-06-15,12,1,Nurse,56066.89,PENSION,False,MEDIUM,ACTIVE
NSB000894,Eddie,Lawrence,1990-10-19,17,5,Student,11307.4,INVESTMENTS,False,LOW,ACTIVE
NSB000895,Tony,Webb,1966-06-11,20,17,Student,29104.11,SAVINGS,False,LOW,ACTIVE
NSB000896,Stephen,Brown,1993-01-29,1,7,Architect,85684.16,PENSION,True,HIGH,ACTIVE
NSB000897,John,Peters,1950-07-09,17,16,Financial Analyst,100000.36,SALARY,False,LOW,ACTIVE
NSB000898,Krystal,Hall,1954-03-07,18,12,Sales Manager,82449.31,SAVINGS,False,LOW,ACTIVE
NSB000899,Paul,Hall,1975-05-14,4,2,Lawyer,177693.63,BUSINESS,False,MEDIUM,ACTIVE
NSB000900,Diane,Fisher,1969-11-26,7,15,Teacher,53173.2,INHERITANCE,False,MEDIUM,ACTIVE
NSB000901,Julie,White,1977-08-10,16,2,Architect,79517.85,PENSION,False,LOW,ACTIVE
NSB000902,Charlene,Elliott,1944-03-26,12,13,Sales Manager,85463.98,SAVINGS,False,MEDIUM,ACTIVE
NSB000903,Jasmine,Robinson,1958-06-24,12,14,Doctor,119272.4,SAVINGS,False,LOW,ACTIVE
NSB000904,John,Bruce,1990-10-20,3,18,Marketing Manager,110421.55,INHERITANCE,False,LOW,ACTIVE
NSB000905,Jonathan,Valencia,1944-07-25,20,19,Financial Analyst,96990.15,SALARY,False,CRITICAL,ACTIVE
NSB000906,Michael,Rodriguez,1947-05-09,12,17,Software Engineer,63218.57,PENSION,False,LOW,ACTIVE
NSB000907,Amy,Hendrix,1967-11-14,10,6,Architect,47940.23,SAVINGS,False,LOW,ACTIVE
NSB000908,Michael,Morales,1942-09-23,15,7,Data Analyst,58363.67,SAVINGS,False,MEDIUM,INACTIVE
NSB000909,Jessica,Phillips,1964-10-23,1,3,Architect,47067.44,PENSION,False,LOW,ACTIVE
NSB000910,Christopher,Shelton,1972-05-18,13,16,Business Owner,213484.58,PENSION,False,LOW,ACTIVE
NSB000911,Paula,Johnson,1972-03-11,11,9,Nurse,50646.11,BUSINESS,True,HIGH,ACTIVE
NSB000912,John,Allen,2001-07-16,8,18,Business Owner,98528.03,INVESTMENTS,False,LOW,ACTIVE
NSB000913,Rhonda,Stewart,1947-12-25,14,7,Architect,87040.58,BUSINESS,False,HIGH,ACTIVE
NSB000914,Danielle,Paul,1951-07-13,8,20,Financial Analyst,93392.75,BUSINESS,False,LOW,ACTIVE
NSB000915,Shannon,Wallace,1988-02-25,6,17,Lawyer,70464.62,INHERITANCE,False,MEDIUM,ACTIVE
NSB000916,William,Mcneil,1965-07-24,8,2,Architect,50393.0,PENSION,False,HIGH,ACTIVE
NSB000917,Jordan,Parker,1980-07-13,1,8,Engineer,93797.2,SALARY,False,LOW,ACTIVE
NSB000918,Jessica,Beck,1987-06-26,16,8,Accountant,71011.09,PENSION,False,LOW,ACTIVE
NSB000919,Walter,Young,2001-08-19,7,16,Teacher,48707.47,BUSINESS,False,LOW,ACTIVE
NSB000920,David,Barrett,1962-12-16,3,2,Architect,52915.92,SAVINGS,False,MEDIUM,ACTIVE
NSB000921,Nicole,Moore,1986-10-24,17,7,Business Owner,257942.19,SALARY,False,MEDIUM,ACTIVE
NSB000922,Anna,Nelson,2003-11-18,12,2,Lawyer,126603.09,INHERITANCE,False,LOW,ACTIVE
NSB000923,Melissa,Adkins,1968-08-24,17,5,Architect,65524.45,SALARY,False,MEDIUM,ACTIVE
NSB000924,Joshua,Little,1943-08-06,16,14,Consultant,103155.53,BUSINESS,False,MEDIUM,ACTIVE
NSB000925,Charles,Fisher,1954-08-14,4,4,Software Engineer,106757.21,SALARY,False,CRITICAL,ACTIVE
NSB000926,Brittany,Austin,1961-04-26,1,13,Teacher,66123.48,BUSINESS,False,HIGH,ACTIVE
NSB000927,Robert,Lewis,1968-06-06,2,17,Doctor,66426.61,SALARY,False,CRITICAL,ACTIVE
NSB000928,Jordan,Cole,1955-06-19,2,13,Doctor,109792.49,SAVINGS,False,LOW,ACTIVE
NSB000929,Mary,Williams,1951-06-25,9,18,Teacher,43772.5,PENSION,True,CRITICAL,ACTIVE
NSB000930,Angela,Harris,1948-04-08,9,11,Nurse,32612.03,PENSION,False,LOW,ACTIVE
NSB000931,Alison,Dickson,1965-07-12,17,7,Marketing Manager,81197.18,SALARY,False,HIGH,ACTIVE
NSB000932,Rebecca,Freeman,1977-12-24,13,20,Business Owner,290968.17,INHERITANCE,True,HIGH,ACTIVE
NSB000933,Kenneth,Nelson,2005-08-30,19,3,Sales Manager,82803.09,BUSINESS,False,MEDIUM,ACTIVE
NSB000934,Kristi,Gonzalez,1973-11-21,9,10,Sales Manager,125958.34,INHERITANCE,False,MEDIUM,ACTIVE
NSB000935,Phillip,Ewing,1945-07-26,9,14,Financial Analyst,113147.44,BUSINESS,False,MEDIUM,ACTIVE
NSB000936,Robert,Montgomery,1956-12-23,5,15,Student,31033.11,INVESTMENTS,False,LOW,ACTIVE
NSB000937,Kelsey,Jackson,1963-08-09,5,20,Accountant,55922.91,SALARY,False,LOW,ACTIVE
NSB000938,William,Williamson,1961-07-22,14,3,Student,28388.13,PENSION,False,MEDIUM,ACTIVE
NSB000939,Crystal,Kelly,2003-01-15,14,8,Business Owner,238723.7,SALARY,True,HIGH,INACTIVE
NSB000940,James,Rodriguez,2000-09-12,10,18,Marketing Manager,95558.77,PENSION,False,LOW,ACTIVE
NSB000941,Jesse,Summers,1966-11-30,12,3,Architect,95068.0,INVESTMENTS,False,MEDIUM,ACTIVE
NSB000942,Debra,Black,1957-04-09,20,17,Software Engineer,65244.43,BUSINESS,False,LOW,ACTIVE
NSB000943,Patricia,Smith,1997-09-19,12,6,Engineer,112246.69,BUSINESS,False,MEDIUM,ACTIVE
NSB000944,Brian,Orozco,1950-08-03,18,4,Consultant,99699.85,SALARY,False,MEDIUM,ACTIVE
NSB000945,Latoya,Rosario,1981-08-18,7,15,Consultant,93522.02,INVESTMENTS,False,LOW,ACTIVE
NSB000946,Joseph,Nelson,1984-11-03,2,17,Data Analyst,62996.52,SALARY,False,LOW,ACTIVE
NSB000947,Maxwell,Miller,1950-10-30,4,15,Marketing Manager,99196.98,PENSION,False,LOW,ACTIVE
NSB000948,Michael,Hernandez,1974-07-24,11,20,Student,10062.49,SALARY,False,LOW,ACTIVE
NSB000949,Madison,Johnson,1961-08-10,4,2,Student,32874.96,INHERITANCE,False,LOW,ACTIVE
NSB000950,Jessica,Lucas,1961-01-18,11,3,Architect,51094.59,PENSION,False,LOW,ACTIVE
NSB000951,Jesse,Humphrey,1983-07-24,13,4,Accountant,52506.6,INHERITANCE,False,LOW,ACTIVE
NSB000952,Rose,Carter,1970-06-07,12,19,Software Engineer,47328.36,SAVINGS,False,LOW,DECEASED
NSB000953,Joshua,Dominguez,1958-01-19,19,3,Engineer,50909.04,SAVINGS,False,LOW,INACTIVE
NSB000954,Cassandra,Mccarthy,1969-01-01,20,14,Sales Manager,129289.18,BUSINESS,False,LOW,ACTIVE
NSB000955,Katie,Moreno,1974-03-06,18,16,Software Engineer,99356.71,SAVINGS,False,LOW,ACTIVE
NSB000956,Heather,Campbell,2003-10-25,8,10,Student,15304.55,SALARY,False,MEDIUM,ACTIVE
NSB000957,Ashlee,Murphy,1998-01-20,17,20,Sales Manager,82706.09,SALARY,False,LOW,ACTIVE
NSB000958,Christine,Keith,1968-10-13,16,1,Data Analyst,46764.38,PENSION,False,MEDIUM,ACTIVE
NSB000959,Sheena,Valencia,1973-08-05,9,11,Doctor,104926.6,INVESTMENTS,False,LOW,ACTIVE
NSB000960,Robert,Miller,1979-05-10,18,20,Doctor,246451.59,PENSION,False,LOW,ACTIVE
NSB000961,Austin,Nixon,1967-09-20,4,15,Nurse,60194.8,SALARY,False,LOW,ACTIVE
NSB000962,Michael,Lloyd,1963-08-31,15,6,Teacher,36987.1,SALARY,False,LOW,ACTIVE
NSB000963,Spencer,Thompson,1982-08-15,3,2,Teacher,53175.22,SAVINGS,True,CRITICAL,ACTIVE
NSB000964,Dakota,Olson,1978-11-15,4,14,Business Owner,55768.62,BUSINESS,False,LOW,ACTIVE
NSB000965,Mark,Anderson,1951-08-17,20,16,Architect,91531.77,PENSION,False,MEDIUM,ACTIVE
NSB000966,Edwin,Clark,2003-05-27,16,18,Architect,60762.71,SALARY,False,MEDIUM,ACTIVE
NSB000967,Cassandra,Sparks,1984-10-20,12,14,Marketing Manager,118741.15,PENSION,False,HIGH,ACTIVE
NSB000968,Bradley,Lutz,1976-04-02,12,2,Software Engineer,88942.46,PENSION,False,MEDIUM,ACTIVE
NSB000969,Duane,Luna,1987-10-07,19,14,Data Analyst,54259.89,PENSION,False,LOW,INACTIVE
NSB000970,Bob,Roy,1971-10-25,1,17,Software Engineer,115797.91,SAVINGS,False,LOW,ACTIVE
NSB000971,Christopher,Santos,2005-12-31,6,6,Teacher,39089.56,BUSINESS,False,MEDIUM,ACTIVE
NSB000972,Kayla,Giles,1943-07-29,16,9,Consultant,133014.88,INVESTMENTS,False,LOW,ACTIVE
NSB000973,Joshua,Lucas,1957-03-27,18,13,Lawyer,62946.59,PENSION,False,MEDIUM,ACTIVE
NSB000974,Samuel,Johnston,2000-11-04,16,6,Business Owner,199550.41,INVESTMENTS,False,LOW,ACTIVE
NSB000975,Matthew,Smith,1983-08-12,18,20,Sales Manager,119802.49,SALARY,False,LOW,ACTIVE
NSB000976,Susan,Lopez,1966-02-28,16,5,Architect,69728.18,SALARY,False,LOW,ACTIVE
NSB000977,Jason,Roberts,1976-05-29,11,14,Nurse,45274.96,BUSINESS,False,MEDIUM,ACTIVE
NSB000978,William,Smith,1999-03-19,5,10,Architect,63528.84,SALARY,False,MEDIUM,ACTIVE
NSB000979,Roberto,Parker,2003-11-22,1,6,Software Engineer,85296.34,INVESTMENTS,False,LOW,ACTIVE
NSB000980,Michael,Gardner,1987-08-01,19,19,Student,22686.64,BUSINESS,False,MEDIUM,CLOSED
NSB000981,Daniel,Mitchell,1987-08-25,2,17,Lawyer,162101.01,BUSINESS,False,MEDIUM,ACTIVE
NSB000982,Carol,Martinez,1982-09-16,1,11,Financial Analyst,64690.6,INHERITANCE,False,HIGH,ACTIVE
NSB000983,Jeremy,Ruiz,1941-10-15,2,14,Marketing Manager,89303.12,BUSINESS,False,MEDIUM,ACTIVE
NSB000984,Steven,Kelly,1991-08-02,15,12,Consultant,128485.25,PENSION,False,LOW,ACTIVE
NSB000985,Kyle,Giles,1945-02-10,15,12,Marketing Manager,67538.58,INVESTMENTS,False,MEDIUM,ACTIVE
NSB000986,Stacey,Boyd,1961-06-11,6,19,Consultant,141380.53,SALARY,False,MEDIUM,ACTIVE
NSB000987,Edward,Bowen,2002-10-19,6,1,Lawyer,68196.08,INVESTMENTS,False,LOW,ACTIVE
NSB000988,Sherry,Frost,1954-07-15,6,9,Accountant,52714.33,INHERITANCE,False,HIGH,ACTIVE
NSB000989,Kelsey,Lambert,1986-03-03,3,18,Architect,71865.27,INHERITANCE,False,LOW,CLOSED
NSB000990,Sheri,Goodwin,2004-03-07,17,11,Doctor,116068.63,SAVINGS,False,LOW,ACTIVE
NSB000991,Rachel,Owens,1994-04-15,7,2,Doctor,193213.17,BUSINESS,False,HIGH,ACTIVE
NSB000992,John,Peters,2002-09-26,10,8,Consultant,113852.62,SAVINGS,False,LOW,ACTIVE
NSB000993,Daniel,Booth,1996-12-02,5,16,Architect,64134.66,SAVINGS,False,LOW,ACTIVE
NSB000994,Patrick,Moses,1955-08-19,15,14,Teacher,66224.79,INHERITANCE,False,MEDIUM,ACTIVE
NSB000995,Luis,Elliott,1988-01-11,15,14,Engineer,60597.46,INVESTMENTS,False,LOW,ACTIVE
NSB000996,Timothy,Benton,2000-09-11,14,3,Financial Analyst,109981.89,BUSINESS,False,LOW,ACTIVE
NSB000997,Todd,Sullivan,2005-01-05,6,8,Consultant,119499.41,INHERITANCE,False,MEDIUM,ACTIVE
NSB000998,Francis,Garcia,1964-02-23,18,20,Marketing Manager,104474.82,SAVINGS,False,HIGH,INACTIVE
NSB000999,Richard,Johnston,1988-06-30,5,8,Marketing Manager,95035.89,SALARY,False,LOW,CLOSED
NSB001000,Crystal,Fuller,1990-07-06,8,4,Data Analyst,44292.94,INVESTMENTS,False,LOW,ACTIVE
NSB001001,Timothy,Cooke,1953-10-13,6,18,Software Engineer,47865.48,SALARY,False,MEDIUM,ACTIVE
NSB001002,Steven,Jones,1991-07-25,15,17,Financial Analyst,69741.02,SAVINGS,False,MEDIUM,ACTIVE
NSB001003,Glenda,Thomas,1956-05-01,2,14,Business Owner,104315.72,SAVINGS,False,LOW,ACTIVE
NSB001004,Kevin,Garcia,1977-07-27,15,7,Architect,67142.16,INHERITANCE,False,LOW,ACTIVE
NSB001005,Monica,Taylor,1967-07-29,20,16,Business Owner,284424.41,SAVINGS,False,MEDIUM,ACTIVE
NSB001006,Christopher,Alexander,1970-12-25,9,19,Architect,98936.25,BUSINESS,False,HIGH,ACTIVE
NSB001007,Jared,Christensen,1969-01-09,3,3,Data Analyst,43114.01,PENSION,False,MEDIUM,ACTIVE
NSB001008,Sharon,Gonzalez,1973-12-16,1,12,Business Owner,169422.33,SALARY,False,MEDIUM,ACTIVE
NSB001009,Haley,Wood,2002-12-11,20,13,Accountant,71759.86,INVESTMENTS,False,MEDIUM,ACTIVE
NSB001010,Amanda,Oconnell,1987-03-22,9,10,Data Analyst,84144.33,BUSINESS,False,HIGH,ACTIVE
NSB001011,Michelle,Wiggins,2004-09-05,20,16,Data Analyst,91587.92,INHERITANCE,False,LOW,ACTIVE
NSB001012,Jonathan,Willis,1979-10-29,13,17,Software Engineer,56205.98,INHERITANCE,False,LOW,ACTIVE
NSB001013,Christine,Rogers,1945-01-15,20,11,Consultant,91524.61,INVESTMENTS,False,LOW,ACTIVE
NSB001014,David,Lopez,2003-03-23,17,7,Doctor,221434.22,SALARY,False,LOW,ACTIVE
NSB001015,Brianna,Allen,1962-11-04,1,20,Accountant,64166.13,SALARY,False,LOW,ACTIVE
NSB001016,Joseph,Boyd,1995-02-21,7,18,Software Engineer,88969.53,SAVINGS,False,LOW,ACTIVE
NSB001017,Brenda,Miller,1949-08-21,10,14,Doctor,199012.89,PENSION,False,LOW,ACTIVE
NSB001018,Randy,Wheeler,1963-06-21,13,7,Nurse,61083.2,PENSION,False,LOW,ACTIVE
NSB001019,Amanda,Michael,1987-03-19,14,13,Data Analyst,61365.46,SAVINGS,False,LOW,ACTIVE
NSB001020,Jacob,Robbins,1998-01-22,1,19,Marketing Manager,88560.07,INVESTMENTS,False,MEDIUM,ACTIVE
NSB001021,Thomas,Lowe,1997-09-24,17,15,Software Engineer,102205.71,INHERITANCE,False,LOW,ACTIVE
NSB001022,Jennifer,Richards,1946-07-10,16,20,Consultant,136005.31,SAVINGS,False,MEDIUM,ACTIVE
NSB001023,Sandra,Green,1973-10-29,8,5,Financial Analyst,90366.61,SALARY,False,MEDIUM,ACTIVE
NSB001024,Howard,Thomas,1955-12-26,18,18,Data Analyst,86381.34,INVESTMENTS,False,LOW,ACTIVE
NSB001025,Tabitha,Walters,1962-11-16,13,16,Consultant,142009.8,INVESTMENTS,False,LOW,ACTIVE
NSB001026,Cynthia,Washington,1986-06-12,16,13,Doctor,177477.7,PENSION,False,MEDIUM,ACTIVE
NSB001027,Teresa,Henderson,1969-10-04,3,7,Lawyer,82604.98,INHERITANCE,False,LOW,ACTIVE
NSB001028,Edward,Blevins,1982-11-03,20,14,Consultant,110290.5,INVESTMENTS,False,LOW,ACTIVE
NSB001029,Donald,Gomez,1974-07-05,7,11,Student,20722.81,SALARY,False,LOW,ACTIVE
NSB001030,Sara,Schwartz,1989-08-10,11,7,Nurse,51232.94,PENSION,False,MEDIUM,CLOSED
NSB001031,John,Mcbride,1954-07-28,4,5,Lawyer,115990.4,PENSION,False,MEDIUM,ACTIVE
NSB001032,Michael,Carson,1969-01-03,14,2,Sales Manager,91034.06,INHERITANCE,False,LOW,ACTIVE
NSB001033,Tony,Jones,1947-11-27,5,3,Architect,65119.81,INHERITANCE,False,MEDIUM,CLOSED
NSB001034,James,Warner,1950-03-02,19,14,Teacher,36454.24,PENSION,False,LOW,BLOCKED
NSB001035,Cheryl,Sullivan,1995-05-04,2,14,Teacher,62349.59,SAVINGS,False,LOW,ACTIVE
NSB001036,Robert,Pena,1948-10-02,7,13,Business Owner,151167.94,INVESTMENTS,False,LOW,ACTIVE
NSB001037,Ryan,Morris,2000-08-05,5,2,Student,29953.53,SAVINGS,False,MEDIUM,ACTIVE
NSB001038,Allen,Pearson,1963-03-22,14,8,Accountant,63970.32,INHERITANCE,False,LOW,ACTIVE
NSB001039,Melissa,Willis,1993-08-26,4,19,Doctor,158034.26,PENSION,False,LOW,ACTIVE
NSB001040,Lisa,Glover,1984-12-11,15,8,Teacher,31719.87,INHERITANCE,False,LOW,ACTIVE
NSB001041,Sarah,Castillo,1994-04-12,5,10,Consultant,120521.35,SAVINGS,False,LOW,ACTIVE
NSB001042,Sean,Miles,1988-02-07,2,13,Consultant,92560.8,BUSINESS,False,MEDIUM,ACTIVE
NSB001043,Dana,Barr,1973-02-07,9,6,Sales Manager,83557.31,SALARY,False,LOW,ACTIVE
NSB001044,Alyssa,White,1965-06-25,4,15,Engineer,66864.47,INHERITANCE,False,LOW,ACTIVE
NSB001045,Christopher,Adams,1958-01-19,11,11,Lawyer,129378.06,BUSINESS,False,LOW,ACTIVE
NSB001046,Cindy,Flowers,2001-06-14,3,1,Business Owner,265474.34,SALARY,False,LOW,ACTIVE
NSB001047,Mario,Powell,1957-11-16,6,9,Accountant,73907.05,INVESTMENTS,False,MEDIUM,ACTIVE
NSB001048,Jeremy,Diaz,1958-05-13,4,2,Engineer,83217.64,SAVINGS,False,LOW,ACTIVE
NSB001049,Pamela,Walker,1984-08-30,15,11,Architect,97228.28,BUSINESS,False,LOW,ACTIVE
NSB001050,Gregory,Henry,1962-01-25,8,10,Business Owner,175793.23,INHERITANCE,False,LOW,ACTIVE
NSB001051,Cynthia,Lewis,1957-11-05,20,15,Marketing Manager,108349.37,INVESTMENTS,False,HIGH,ACTIVE
NSB001052,Juan,Roman,1979-03-14,4,11,Consultant,55926.73,BUSINESS,False,LOW,ACTIVE
NSB001053,Jennifer,Dunlap,2000-11-02,16,4,Sales Manager,79897.82,BUSINESS,False,LOW,INACTIVE
NSB001054,Mark,King,1998-03-07,14,5,Sales Manager,83235.98,BUSINESS,False,HIGH,ACTIVE
NSB001055,Donna,Dennis,1978-02-28,8,7,Teacher,47896.0,SAVINGS,False,LOW,ACTIVE
NSB001056,Yolanda,Buckley,2005-05-04,2,17,Financial Analyst,57338.92,INVESTMENTS,False,LOW,INACTIVE
NSB001057,Nathaniel,Johnson,1975-07-08,17,14,Accountant,35479.63,PENSION,False,MEDIUM,ACTIVE
NSB001058,Joseph,Gonzalez,2002-01-18,1,9,Doctor,219037.51,BUSINESS,False,HIGH,ACTIVE
NSB001059,Jeffrey,Hayes,1985-09-27,20,7,Software Engineer,75310.22,PENSION,False,MEDIUM,ACTIVE
NSB001060,Victoria,Barajas,1956-06-08,2,2,Accountant,42255.76,SALARY,False,MEDIUM,ACTIVE
NSB001061,Jesus,Lewis,1954-07-04,14,3,Nurse,56512.36,BUSINESS,False,LOW,BLOCKED
NSB001062,Marilyn,Crawford,1951-05-31,16,17,Financial Analyst,63969.67,INHERITANCE,False,LOW,CLOSED
NSB001063,Linda,Moreno,1989-11-11,14,6,Marketing Manager,92884.73,INHERITANCE,False,LOW,ACTIVE
NSB001064,Travis,Smith,1960-05-23,14,20,Architect,65885.91,SALARY,False,HIGH,ACTIVE
NSB001065,Lisa,Randall,1969-10-23,10,13,Engineer,73085.39,PENSION,False,LOW,ACTIVE
NSB001066,Kenneth,Cline,1961-09-17,5,8,Student,18030.99,BUSINESS,False,LOW,INACTIVE
NSB001067,Kelsey,Moran,1966-09-17,10,4,Business Owner,122622.72,INVESTMENTS,False,MEDIUM,ACTIVE
NSB001068,Travis,Gomez,1956-05-07,18,4,Teacher,47656.55,INVESTMENTS,False,MEDIUM,ACTIVE
NSB001069,Joseph,Hughes,1959-12-06,3,12,Consultant,93860.71,SAVINGS,False,LOW,ACTIVE
NSB001070,Daniel,Martin,2003-08-28,11,12,Business Owner,69125.85,SALARY,False,LOW,ACTIVE
NSB001071,Tammy,Rodriguez,1948-03-05,17,10,Teacher,55233.13,PENSION,False,LOW,ACTIVE
NSB001072,Louis,Eaton,1994-07-06,20,12,Lawyer,90667.33,BUSINESS,False,LOW,ACTIVE
NSB001073,Deborah,Lopez,1981-09-16,2,13,Sales Manager,118696.64,SALARY,False,MEDIUM,ACTIVE
NSB001074,Lisa,Williamson,1998-05-14,7,6,Marketing Manager,103200.01,SAVINGS,False,LOW,ACTIVE
NSB001075,Austin,Martinez,1967-12-12,1,19,Marketing Manager,101224.12,SAVINGS,True,HIGH,ACTIVE
NSB001076,Christopher,Werner,1974-08-14,4,7,Engineer,77925.46,SALARY,False,MEDIUM,ACTIVE
NSB001077,Gwendolyn,Flores,1948-05-24,3,20,Nurse,60025.29,SALARY,False,CRITICAL,ACTIVE
NSB001078,Steven,Chen,2005-06-11,7,4,Architect,81461.23,INVESTMENTS,False,LOW,ACTIVE
NSB001079,Andrea,Jones,1979-09-26,7,10,Data Analyst,66147.51,SAVINGS,False,LOW,ACTIVE
NSB001080,Kelly,Watkins,1959-11-10,7,8,Nurse,41905.0,INVESTMENTS,False,HIGH,ACTIVE
NSB001081,William,Jacobson,1947-10-07,2,12,Consultant,52750.29,SAVINGS,False,LOW,ACTIVE
NSB001082,Andrew,Smith,1958-06-30,5,7,Doctor,146506.92,INVESTMENTS,False,LOW,ACTIVE
NSB001083,Caleb,Johnson,1994-04-15,17,3,Business Owner,148001.5,PENSION,False,LOW,ACTIVE
NSB001084,Sarah,Landry,1949-06-06,18,3,Consultant,143165.14,SAVINGS,False,LOW,ACTIVE
NSB001085,Robert,Thompson,1961-10-06,18,17,Student,5978.53,SAVINGS,False,LOW,BLOCKED
NSB001086,Ronald,Montes,1972-04-04,5,13,Financial Analyst,53120.52,INHERITANCE,False,LOW,ACTIVE
NSB001087,Cathy,Watson,1991-05-09,2,3,Doctor,62725.04,PENSION,False,LOW,ACTIVE
NSB001088,Shannon,Manning,1947-04-02,6,11,Teacher,43314.03,INVESTMENTS,False,LOW,ACTIVE
NSB001089,Cody,Larson,1966-10-05,16,10,Nurse,30005.43,INVESTMENTS,False,HIGH,ACTIVE
NSB001090,Emily,Pennington,1988-01-24,8,17,Software Engineer,66600.01,INVESTMENTS,False,MEDIUM,ACTIVE
NSB001091,Eric,Murphy,1981-10-09,12,16,Consultant,108620.62,INHERITANCE,False,MEDIUM,ACTIVE
NSB001092,Heather,Vincent,1991-12-28,16,18,Architect,74332.38,SALARY,False,MEDIUM,ACTIVE
NSB001093,William,Banks,1948-12-27,15,20,Student,34915.54,SAVINGS,False,HIGH,ACTIVE
NSB001094,Robert,Murphy,1967-04-05,2,16,Doctor,135357.8,SAVINGS,False,HIGH,ACTIVE
NSB001095,Savannah,Smith,1964-07-09,8,18,Accountant,78672.34,INVESTMENTS,False,LOW,DECEASED
NSB001096,Ann,Bailey,1995-05-20,15,14,Architect,44780.18,BUSINESS,False,LOW,ACTIVE
NSB001097,Kenneth,Hall,1962-01-01,3,7,Engineer,108723.28,SAVINGS,False,HIGH,ACTIVE
NSB001098,Phillip,Lewis,1941-05-04,3,17,Financial Analyst,59850.79,INHERITANCE,False,MEDIUM,ACTIVE
NSB001099,Karen,Holden,1951-03-18,13,14,Doctor,222309.96,BUSINESS,False,LOW,ACTIVE
NSB001100,William,Snyder,1941-06-30,4,18,Student,5385.04,INHERITANCE,False,LOW,ACTIVE
NSB001101,Linda,Nguyen,1997-04-19,10,14,Architect,80779.78,INVESTMENTS,True,MEDIUM,ACTIVE
NSB001102,Hunter,Mcintyre,1979-05-31,2,9,Software Engineer,110443.34,INHERITANCE,False,HIGH,ACTIVE
NSB001103,Debbie,Coleman,1973-07-28,4,7,Nurse,47991.69,SAVINGS,False,LOW,ACTIVE
NSB001104,Lisa,Maldonado,1962-09-15,18,7,Lawyer,134038.53,INVESTMENTS,False,LOW,ACTIVE
NSB001105,Jeremy,Mathis,1993-01-26,1,4,Data Analyst,94221.37,SALARY,False,LOW,ACTIVE
NSB001106,Stephen,Riley,1959-02-16,4,19,Engineer,99272.64,SAVINGS,False,MEDIUM,ACTIVE
NSB001107,Donna,Rollins,1955-03-23,17,5,Doctor,234843.82,SAVINGS,False,LOW,ACTIVE
NSB001108,Kathy,Escobar,1992-05-01,20,17,Financial Analyst,71362.49,PENSION,False,LOW,ACTIVE
NSB001109,Lisa,Ortiz,1997-04-03,19,13,Student,5863.7,SALARY,False,LOW,ACTIVE
NSB001110,Charles,Hess,1967-12-30,9,14,Engineer,47204.91,INVESTMENTS,False,MEDIUM,ACTIVE
NSB001111,Brittany,Smith,1980-11-03,7,6,Accountant,70901.14,BUSINESS,False,MEDIUM,ACTIVE
NSB001112,William,Thomas,1976-12-03,2,15,Accountant,37328.55,SALARY,False,LOW,ACTIVE
NSB001113,Michael,Wright,2006-04-20,12,2,Consultant,109375.42,INVESTMENTS,False,LOW,ACTIVE
NSB001114,Leah,Mcdonald,1983-12-24,12,16,Consultant,85195.25,PENSION,False,MEDIUM,CLOSED
NSB001115,Lance,Cline,1991-11-27,8,16,Data Analyst,58288.28,SALARY,False,LOW,ACTIVE
NSB001116,Kristen,Ramirez,1966-01-27,14,16,Doctor,172523.14,BUSINESS,False,HIGH,ACTIVE
NSB001117,Timothy,Nelson,1992-05-12,20,7,Software Engineer,80670.06,SALARY,False,MEDIUM,ACTIVE
NSB001118,Victoria,Hunter,1964-02-26,1,10,Marketing Manager,69248.56,INVESTMENTS,False,LOW,ACTIVE
NSB001119,Thomas,Wilkinson,1964-05-24,11,14,Data Analyst,97299.45,SALARY,False,HIGH,ACTIVE
NSB001120,Jeffery,Brooks,1967-04-30,11,15,Lawyer,172089.89,BUSINESS,False,MEDIUM,ACTIVE
NSB001121,Ashley,Alexander,2002-11-30,14,20,Lawyer,138282.96,SAVINGS,False,MEDIUM,ACTIVE
NSB001122,Mark,Adams,1955-06-04,12,8,Lawyer,84776.83,SALARY,False,LOW,ACTIVE
NSB001123,John,Campbell,1974-12-09,12,20,Sales Manager,66541.03,INHERITANCE,False,MEDIUM,ACTIVE
NSB001124,Anthony,Thompson,1962-08-03,13,4,Lawyer,165848.15,PENSION,False,LOW,ACTIVE
NSB001125,Selena,Peterson,1957-10-15,18,5,Business Owner,32402.11,SAVINGS,False,MEDIUM,ACTIVE
NSB001126,Lisa,Stewart,1999-03-22,6,16,Accountant,66662.75,INHERITANCE,False,LOW,ACTIVE
NSB001127,Miranda,Wheeler,1951-06-12,14,8,Doctor,242613.22,INVESTMENTS,False,LOW,ACTIVE
NSB001128,Jason,Jones,1997-07-16,11,17,Consultant,117358.08,INVESTMENTS,False,LOW,ACTIVE
NSB001129,Robert,Mitchell,1997-04-22,11,5,Data Analyst,54773.19,PENSION,False,MEDIUM,ACTIVE
NSB001130,Paul,Medina,1961-06-25,10,2,Nurse,53912.2,PENSION,False,HIGH,ACTIVE
NSB001131,Deborah,Barnes,1978-09-20,16,19,Consultant,67886.57,INHERITANCE,False,CRITICAL,DECEASED
NSB001132,Heather,Ramirez,1941-04-18,3,8,Teacher,42954.88,BUSINESS,False,MEDIUM,ACTIVE
NSB001133,Heather,Rowe,1982-03-23,15,13,Financial Analyst,49248.66,INHERITANCE,False,MEDIUM,ACTIVE
NSB001134,Ryan,Leblanc,2005-10-21,6,16,Teacher,39914.41,SALARY,False,LOW,CLOSED
NSB001135,Katherine,Sims,2003-07-05,16,12,Sales Manager,75194.75,SALARY,False,LOW,ACTIVE
NSB001136,Richard,Collins,1971-10-10,9,10,Consultant,49341.29,SALARY,False,LOW,ACTIVE
NSB001137,Brian,Allen,1990-06-03,6,11,Sales Manager,80666.6,SAVINGS,False,HIGH,ACTIVE
NSB001138,David,Rich,1991-09-15,7,18,Engineer,45484.52,SAVINGS,False,MEDIUM,ACTIVE
NSB001139,Debbie,Smith,2003-12-10,19,9,Sales Manager,113616.77,SALARY,False,LOW,ACTIVE
NSB001140,Melissa,Anderson,2005-01-05,1,9,Architect,89810.69,INHERITANCE,True,HIGH,ACTIVE
NSB001141,Jamie,Adams,1947-06-19,9,15,Doctor,103241.73,SAVINGS,False,LOW,ACTIVE
NSB001142,Ryan,Peterson,1984-11-20,7,9,Lawyer,101577.98,INVESTMENTS,False,LOW,BLOCKED
NSB001143,Erin,Acosta,1961-07-24,2,4,Marketing Manager,88099.69,INHERITANCE,False,LOW,ACTIVE
NSB001144,Deanna,Preston,1965-04-20,15,13,Nurse,46486.39,INVESTMENTS,False,LOW,ACTIVE
NSB001145,Pamela,Bernard,1990-08-08,15,12,Lawyer,76167.33,INVESTMENTS,False,LOW,CLOSED
NSB001146,Johnny,Maldonado,1987-06-22,18,8,Accountant,73383.29,SALARY,False,MEDIUM,INACTIVE
NSB001147,Courtney,Berry,1944-07-28,1,6,Nurse,66917.19,INVESTMENTS,False,CRITICAL,ACTIVE
NSB001148,Jennifer,Monroe,1969-10-05,3,18,Consultant,113367.65,INVESTMENTS,False,HIGH,ACTIVE
NSB001149,Zachary,Williams,1989-08-05,2,11,Consultant,145149.14,INVESTMENTS,False,LOW,ACTIVE
NSB001150,Virginia,Reyes,1969-04-19,18,2,Marketing Manager,46988.86,INVESTMENTS,False,LOW,ACTIVE
NSB001151,Jordan,Gamble,1956-07-11,6,10,Student,16495.86,INHERITANCE,False,MEDIUM,INACTIVE
NSB001152,Karen,White,2004-04-22,6,9,Nurse,37029.5,SAVINGS,False,LOW,ACTIVE
NSB001153,Daniel,Arnold,1993-07-14,3,16,Software Engineer,52012.42,SAVINGS,False,LOW,ACTIVE
NSB001154,Joseph,Sanchez,1970-05-30,1,13,Doctor,104559.4,PENSION,False,LOW,ACTIVE
NSB001155,Charles,Carroll,1957-03-30,6,1,Data Analyst,76320.27,SAVINGS,False,MEDIUM,CLOSED
NSB001156,Donald,Berg,1970-08-03,7,3,Nurse,55420.17,PENSION,False,MEDIUM,ACTIVE
NSB001157,Peter,Freeman,1972-03-25,2,5,Student,8425.44,INVESTMENTS,False,MEDIUM,ACTIVE
NSB001158,Miranda,Pham,1962-01-02,13,9,Lawyer,82215.72,INHERITANCE,False,MEDIUM,ACTIVE
NSB001159,Amanda,Jimenez,2000-10-27,14,14,Sales Manager,119961.75,SALARY,False,MEDIUM,ACTIVE
NSB001160,Amanda,Stewart,1972-01-13,12,8,Sales Manager,129963.15,INVESTMENTS,False,MEDIUM,ACTIVE
NSB001161,Ronald,Garza,1986-07-12,15,1,Engineer,64899.42,INVESTMENTS,False,MEDIUM,INACTIVE
NSB001162,Christina,Gutierrez,2004-05-19,14,5,Architect,53701.21,SALARY,False,LOW,ACTIVE
NSB001163,Sarah,Hansen,1941-02-06,18,15,Sales Manager,113867.63,INVESTMENTS,False,MEDIUM,ACTIVE
NSB001164,Maria,Gill,1948-10-15,5,16,Software Engineer,116842.16,PENSION,False,LOW,ACTIVE
NSB001165,Yvonne,Holden,1974-07-06,13,17,Consultant,45030.03,SALARY,False,LOW,ACTIVE
NSB001166,Donna,Johnson,1961-02-04,8,16,Accountant,78302.85,INVESTMENTS,False,MEDIUM,ACTIVE
NSB001167,Mary,Cantu,2006-07-12,4,9,Consultant,76922.78,SALARY,False,LOW,ACTIVE
NSB001168,Rodney,Williams,1970-12-09,14,8,Teacher,53608.47,BUSINESS,False,LOW,ACTIVE
NSB001169,Alan,Guzman,1987-04-26,3,3,Engineer,45651.85,BUSINESS,False,LOW,ACTIVE
NSB001170,Jeff,Moses,1941-07-23,5,15,Business Owner,30070.74,PENSION,False,MEDIUM,ACTIVE
NSB001171,Juan,Vega,1941-08-01,17,11,Financial Analyst,74552.43,BUSINESS,False,LOW,ACTIVE
NSB001172,Ryan,Williams,2001-10-24,2,7,Data Analyst,83796.4,BUSINESS,False,LOW,ACTIVE
NSB001173,Mathew,Medina,1993-11-08,10,1,Sales Manager,91104.74,BUSINESS,False,HIGH,ACTIVE
NSB001174,Brandy,Warner,1948-08-22,18,1,Architect,81019.0,SAVINGS,False,LOW,ACTIVE
NSB001175,Heather,Black,1974-11-24,16,14,Doctor,82794.98,INVESTMENTS,False,HIGH,ACTIVE
NSB001176,William,Rojas,1991-11-23,11,15,Teacher,43221.71,INHERITANCE,False,LOW,ACTIVE
NSB001177,Sandra,Jennings,1997-08-10,18,7,Nurse,47962.93,SAVINGS,False,LOW,BLOCKED
NSB001178,Betty,Williams,1964-06-23,19,15,Marketing Manager,84006.66,INHERITANCE,False,CRITICAL,ACTIVE
NSB001179,William,Solis,1959-02-25,5,2,Accountant,65349.71,PENSION,False,CRITICAL,ACTIVE
NSB001180,Lisa,Garcia,1947-03-07,10,18,Teacher,31408.97,SALARY,False,MEDIUM,ACTIVE
NSB001181,Courtney,Swanson,1957-12-04,19,12,Marketing Manager,73783.66,PENSION,False,LOW,ACTIVE
NSB001182,Michael,Fisher,2004-08-16,3,6,Software Engineer,70318.23,INHERITANCE,False,LOW,ACTIVE
NSB001183,April,Burton,1955-11-20,6,5,Data Analyst,85830.31,BUSINESS,False,MEDIUM,ACTIVE
NSB001184,Laura,Russell,1948-06-29,19,13,Business Owner,110315.73,SAVINGS,False,LOW,ACTIVE
NSB001185,Latoya,Castillo,1962-12-23,17,15,Business Owner,57801.92,SALARY,False,LOW,INACTIVE
NSB001186,Alexandra,Stewart,1983-08-19,11,1,Consultant,99442.54,SAVINGS,False,HIGH,ACTIVE
NSB001187,Jennifer,Kirk,1999-09-13,18,3,Engineer,89274.26,SAVINGS,False,MEDIUM,CLOSED
NSB001188,Isabel,Jimenez,2001-08-25,1,18,Data Analyst,95171.29,INHERITANCE,False,MEDIUM,ACTIVE
NSB001189,Erika,Nash,1946-09-19,6,2,Business Owner,224521.29,BUSINESS,False,LOW,ACTIVE
NSB001190,Jeremy,Potter,1974-12-30,7,11,Data Analyst,90632.69,SALARY,False,LOW,ACTIVE
NSB001191,Mark,Peterson,1968-03-13,18,2,Financial Analyst,73903.99,PENSION,False,CRITICAL,ACTIVE
NSB001192,Carl,Sherman,1947-02-16,14,2,Financial Analyst,52654.84,BUSINESS,False,LOW,ACTIVE
NSB001193,Jeffrey,Gomez,1991-02-02,17,9,Consultant,64836.47,INVESTMENTS,False,LOW,ACTIVE
NSB001194,Alexis,Horne,1994-09-30,9,10,Teacher,57310.87,BUSINESS,False,LOW,ACTIVE
NSB001195,Samuel,Jackson,1968-02-23,5,18,Teacher,40274.96,INHERITANCE,False,LOW,ACTIVE
NSB001196,Larry,Valdez,2001-09-16,15,19,Financial Analyst,87582.68,INVESTMENTS,False,LOW,ACTIVE
NSB001197,Lorraine,Preston,1998-09-28,1,15,Marketing Manager,59501.67,SAVINGS,False,HIGH,ACTIVE
NSB001198,Annette,Kramer,1971-04-27,12,2,Financial Analyst,78463.1,PENSION,False,LOW,ACTIVE
NSB001199,Don,Hamilton,1961-12-10,13,20,Marketing Manager,73417.06,SAVINGS,False,MEDIUM,ACTIVE
NSB001200,Robert,Sparks,1990-08-20,6,1,Consultant,63422.53,BUSINESS,False,MEDIUM,ACTIVE
NSB001201,Erica,Woods,1969-03-14,4,11,Student,16281.61,BUSINESS,False,MEDIUM,ACTIVE
NSB001202,Jeremy,Anderson,1995-05-30,15,14,Lawyer,101863.69,SALARY,False,LOW,ACTIVE
NSB001203,Luis,Farley,1982-10-20,14,13,Lawyer,164079.46,INHERITANCE,False,LOW,ACTIVE
NSB001204,Kathryn,Bennett,1979-03-09,18,20,Lawyer,158112.01,BUSINESS,False,LOW,ACTIVE
NSB001205,Nicholas,Barber,1983-02-13,11,4,Consultant,66159.81,INVESTMENTS,False,LOW,ACTIVE
NSB001206,Beth,Brown,1946-03-30,5,4,Business Owner,39040.78,INHERITANCE,False,HIGH,BLOCKED
NSB001207,Nicholas,Jenkins,1985-03-29,16,20,Consultant,116786.71,SAVINGS,False,LOW,ACTIVE
NSB001208,Crystal,Jenkins,1950-11-18,20,4,Software Engineer,55591.53,BUSINESS,False,LOW,CLOSED
NSB001209,Elizabeth,Smith,1998-08-26,13,7,Marketing Manager,79210.79,INVESTMENTS,False,LOW,ACTIVE
NSB001210,Donna,Marsh,2005-07-02,8,18,Student,19732.48,BUSINESS,False,LOW,ACTIVE
NSB001211,Taylor,Adams,2000-07-11,17,19,Lawyer,134075.81,INVESTMENTS,False,LOW,ACTIVE
NSB001212,Bethany,Braun,1952-11-27,7,15,Data Analyst,71476.5,PENSION,False,MEDIUM,ACTIVE
NSB001213,Nichole,Coleman,1958-01-05,1,8,Engineer,76319.46,SALARY,False,LOW,ACTIVE
NSB001214,Natasha,Sullivan,1990-11-20,18,3,Lawyer,116464.78,INHERITANCE,False,HIGH,ACTIVE
NSB001215,James,Hughes,1992-03-21,3,16,Lawyer,177237.47,PENSION,False,MEDIUM,ACTIVE
NSB001216,Stephanie,Mclaughlin,1944-03-12,8,16,Consultant,105641.73,INVESTMENTS,False,LOW,ACTIVE
NSB001217,Nicholas,Mora,1972-11-12,11,20,Consultant,135544.06,SAVINGS,False,HIGH,INACTIVE
NSB001218,Mary,Simpson,1974-05-18,8,13,Software Engineer,104004.44,BUSINESS,False,LOW,ACTIVE
NSB001219,Wyatt,Brooks,1989-12-02,11,17,Engineer,60076.11,BUSINESS,False,MEDIUM,ACTIVE
NSB001220,Jessica,Henry,1989-04-05,1,13,Lawyer,157717.28,SALARY,False,LOW,ACTIVE
NSB001221,Rachel,Lee,1964-02-07,4,10,Business Owner,141319.59,PENSION,False,MEDIUM,ACTIVE
NSB001222,Mark,Smith,1950-05-25,15,20,Teacher,69591.13,SAVINGS,False,HIGH,ACTIVE
NSB001223,Kayla,Davis,1991-01-20,18,10,Financial Analyst,112678.62,INHERITANCE,False,LOW,ACTIVE
NSB001224,Alexandra,Sherman,1944-08-26,10,20,Nurse,46953.19,SALARY,False,LOW,INACTIVE
NSB001225,James,Porter,1960-06-17,3,12,Doctor,194793.28,PENSION,False,MEDIUM,BLOCKED
NSB001226,Jennifer,Schultz,1988-02-17,20,16,Data Analyst,59826.57,INVESTMENTS,False,LOW,ACTIVE
NSB001227,Andrew,Campbell,1960-01-20,8,11,Financial Analyst,88458.86,SAVINGS,False,LOW,ACTIVE
NSB001228,Gabrielle,Gutierrez,1990-06-17,18,17,Lawyer,91646.4,INVESTMENTS,False,HIGH,ACTIVE
NSB001229,Michelle,Valenzuela,1965-02-13,17,7,Marketing Manager,89891.38,PENSION,False,LOW,ACTIVE
NSB001230,Joseph,Mason,1950-06-28,5,15,Teacher,50163.78,BUSINESS,True,HIGH,ACTIVE
NSB001231,Adam,Durham,1958-09-20,16,17,Business Owner,74796.84,BUSINESS,False,LOW,INACTIVE
NSB001232,Jared,Benton,1952-02-19,13,5,Architect,53271.4,INHERITANCE,False,LOW,ACTIVE
NSB001233,Laura,Walker,1947-11-14,1,3,Student,19976.12,SALARY,False,LOW,ACTIVE
NSB001234,Elizabeth,Smith,1988-09-13,20,18,Consultant,119558.38,SAVINGS,False,LOW,ACTIVE
NSB001235,Dennis,Wallace,1981-08-19,14,4,Sales Manager,43353.07,SALARY,False,MEDIUM,ACTIVE
NSB001236,Louis,Zavala,1960-10-25,1,5,Data Analyst,77241.63,SALARY,False,LOW,ACTIVE
NSB001237,Debra,Cantu,2000-11-01,13,8,Financial Analyst,87610.24,SALARY,False,MEDIUM,ACTIVE
NSB001238,Sarah,Parker,1990-08-26,15,5,Engineer,109127.82,SALARY,False,LOW,ACTIVE
NSB001239,Dennis,Smith,1957-02-21,12,14,Architect,94500.14,BUSINESS,False,MEDIUM,ACTIVE
NSB001240,Jon,Mcdonald,1995-12-26,15,4,Software Engineer,94683.97,BUSINESS,False,LOW,ACTIVE
NSB001241,Matthew,Bowman,1949-07-21,19,3,Doctor,185218.7,BUSINESS,False,LOW,ACTIVE
NSB001242,Jennifer,Gutierrez,2001-12-29,12,8,Software Engineer,51232.08,INVESTMENTS,False,LOW,INACTIVE
NSB001243,Lisa,Reid,1951-08-25,19,20,Teacher,50189.1,INHERITANCE,False,MEDIUM,ACTIVE
NSB001244,Drew,White,1972-02-19,14,2,Marketing Manager,61229.76,PENSION,False,MEDIUM,ACTIVE
NSB001245,Nicole,Willis,1951-11-24,13,15,Data Analyst,96509.41,SAVINGS,False,MEDIUM,ACTIVE
NSB001246,Edward,Ford,2006-06-20,1,13,Business Owner,241746.09,INHERITANCE,False,LOW,ACTIVE
NSB001247,Kimberly,Barr,1942-11-28,2,14,Business Owner,146168.46,SALARY,False,LOW,ACTIVE
NSB001248,Jessica,Ponce,2006-04-24,13,17,Student,21085.49,SAVINGS,False,MEDIUM,ACTIVE
NSB001249,Barbara,Fields,1986-12-19,15,1,Nurse,52958.02,INHERITANCE,False,LOW,CLOSED
NSB001250,Kim,Hines,1998-06-05,10,8,Data Analyst,58191.04,SALARY,False,LOW,CLOSED
NSB001251,Curtis,Thomas,1945-12-09,15,20,Business Owner,129933.11,SALARY,False,LOW,ACTIVE
NSB001252,Joshua,Fernandez,1950-08-24,4,3,Sales Manager,105733.31,INVESTMENTS,False,MEDIUM,ACTIVE
NSB001253,Ashley,Jones,1988-01-01,5,8,Software Engineer,61550.94,BUSINESS,False,MEDIUM,INACTIVE
NSB001254,Michael,Meza,1988-07-10,5,4,Lawyer,147822.93,SALARY,False,LOW,ACTIVE
NSB001255,Curtis,Johnson,1967-06-22,1,9,Teacher,56239.1,INHERITANCE,False,LOW,ACTIVE
NSB001256,Keith,Williams,1970-06-09,12,12,Lawyer,88269.78,INHERITANCE,False,MEDIUM,ACTIVE
NSB001257,Matthew,Wallace,1958-02-12,8,13,Data Analyst,71004.57,SAVINGS,True,CRITICAL,INACTIVE
NSB001258,Melissa,Anthony,1998-04-04,3,7,Consultant,147591.66,INVESTMENTS,False,LOW,ACTIVE
NSB001259,Mary,Richardson,1996-07-31,2,1,Consultant,135574.65,SAVINGS,False,MEDIUM,ACTIVE
NSB001260,Joe,Khan,1960-01-15,19,12,Accountant,55095.32,INHERITANCE,False,LOW,ACTIVE
NSB001261,Jeff,Norman,1974-05-14,2,2,Consultant,148168.72,PENSION,False,LOW,ACTIVE
NSB001262,April,Curry,1963-07-22,16,12,Data Analyst,62159.37,SAVINGS,False,MEDIUM,ACTIVE
NSB001263,Catherine,Campbell,1983-08-17,10,12,Accountant,44792.22,INHERITANCE,False,LOW,ACTIVE
NSB001264,Holly,Mays,1946-10-21,7,20,Teacher,41128.9,SALARY,False,LOW,ACTIVE
NSB001265,Jonathan,Baldwin,2001-12-09,4,17,Business Owner,137637.82,SALARY,False,LOW,ACTIVE
NSB001266,Isaac,Cook,1960-10-08,19,7,Lawyer,75549.7,PENSION,False,LOW,ACTIVE
NSB001267,Megan,Webster,2005-03-07,3,19,Accountant,47761.59,INHERITANCE,False,LOW,ACTIVE
NSB001268,Tyler,Rodriguez,1981-10-22,2,14,Financial Analyst,58141.11,INHERITANCE,False,LOW,ACTIVE
NSB001269,Bruce,Day,1968-03-04,5,15,Sales Manager,96334.45,INVESTMENTS,False,LOW,ACTIVE
NSB001270,Martha,French,1982-04-10,10,13,Student,34817.22,BUSINESS,False,LOW,ACTIVE
NSB001271,Lisa,Taylor,1973-04-14,13,12,Software Engineer,93170.65,SAVINGS,False,LOW,ACTIVE
NSB001272,Robin,Burgess,1997-01-14,15,15,Consultant,131935.31,SALARY,False,MEDIUM,ACTIVE
NSB001273,Randy,Kim,1987-01-08,12,14,Sales Manager,56839.36,INHERITANCE,False,LOW,ACTIVE
NSB001274,Cody,Sanchez,1942-10-28,15,1,Doctor,215838.88,INHERITANCE,False,MEDIUM,ACTIVE
NSB001275,Peggy,Smith,1975-02-15,1,10,Accountant,67518.84,SAVINGS,False,LOW,ACTIVE
NSB001276,Jeffrey,Guzman,1958-04-01,4,5,Software Engineer,108915.35,BUSINESS,False,MEDIUM,ACTIVE
NSB001277,Michelle,Saunders,2002-07-16,18,11,Financial Analyst,71618.1,INVESTMENTS,False,MEDIUM,INACTIVE
NSB001278,Grant,Taylor,1962-07-25,4,3,Marketing Manager,101235.65,SALARY,False,LOW,ACTIVE
NSB001279,Mark,King,1949-10-20,18,1,Data Analyst,48621.29,PENSION,False,MEDIUM,ACTIVE
NSB001280,Patricia,Jimenez,2004-05-09,3,12,Sales Manager,72924.09,SAVINGS,False,MEDIUM,ACTIVE
NSB001281,James,Reed,1944-07-20,16,12,Business Owner,52523.43,BUSINESS,False,LOW,ACTIVE
NSB001282,Jennifer,Ramirez,1987-05-12,8,6,Accountant,39444.77,PENSION,False,MEDIUM,ACTIVE
NSB001283,Travis,Fischer,1966-09-25,5,11,Architect,56940.26,BUSINESS,False,LOW,ACTIVE
NSB001284,Laura,Ferguson,1994-08-01,8,12,Marketing Manager,75310.23,INVESTMENTS,False,HIGH,ACTIVE
NSB001285,Jonathan,Montgomery,1988-11-05,18,4,Marketing Manager,86604.33,BUSINESS,False,LOW,ACTIVE
NSB001286,Jay,Black,2005-07-27,1,12,Architect,50991.73,INHERITANCE,False,LOW,ACTIVE
NSB001287,Shirley,Christensen,1962-12-10,20,2,Architect,78464.83,BUSINESS,False,LOW,ACTIVE
NSB001288,Thomas,Lam,1987-01-16,5,3,Data Analyst,49409.57,BUSINESS,False,LOW,ACTIVE
NSB001289,Christina,Freeman,1962-06-15,13,15,Accountant,40422.08,BUSINESS,False,LOW,INACTIVE
NSB001290,Daniel,Moore,2005-09-17,8,14,Lawyer,66464.33,SAVINGS,False,HIGH,ACTIVE
NSB001291,Zachary,Dougherty,1986-06-29,7,9,Doctor,97780.08,INVESTMENTS,False,LOW,ACTIVE
NSB001292,Laura,Esparza,1980-08-14,12,3,Software Engineer,93089.36,SAVINGS,False,LOW,ACTIVE
NSB001293,David,Garrison,1941-10-09,4,5,Student,18412.94,SALARY,False,HIGH,ACTIVE
NSB001294,Aaron,Garcia,1965-08-05,8,12,Engineer,98026.87,SAVINGS,False,HIGH,ACTIVE
NSB001295,Bailey,Stewart,1970-12-30,9,8,Sales Manager,120598.92,INVESTMENTS,False,CRITICAL,ACTIVE
NSB001296,Dana,Newton,1987-07-03,3,11,Data Analyst,62989.16,INHERITANCE,False,MEDIUM,ACTIVE
NSB001297,Toni,Moore,1975-02-23,7,18,Marketing Manager,80164.88,INVESTMENTS,False,MEDIUM,ACTIVE
NSB001298,Christine,Wallace,1998-06-11,12,14,Data Analyst,61142.8,INHERITANCE,False,LOW,ACTIVE
NSB001299,Jack,Lee,1965-08-08,16,19,Engineer,56130.29,SAVINGS,False,LOW,ACTIVE
NSB001300,Justin,Hunter,1942-07-27,5,2,Marketing Manager,75992.77,PENSION,False,LOW,ACTIVE
NSB001301,Jordan,Curtis,1991-06-18,1,12,Financial Analyst,82257.43,PENSION,False,MEDIUM,ACTIVE
NSB001302,Greg,Holmes,1974-11-19,5,16,Nurse,55133.93,SALARY,False,HIGH,ACTIVE
NSB001303,Robin,Long,1952-03-06,7,4,Business Owner,69300.39,PENSION,False,MEDIUM,ACTIVE
NSB001304,Paul,White,1961-08-22,20,1,Accountant,69564.29,SAVINGS,False,LOW,ACTIVE
NSB001305,Andrea,Thomas,1991-09-06,19,2,Engineer,97967.74,INHERITANCE,False,LOW,ACTIVE
NSB001306,Thomas,Henderson,2005-06-26,2,4,Financial Analyst,90966.53,SAVINGS,False,MEDIUM,ACTIVE
NSB001307,Danny,Sullivan,1948-12-10,12,5,Doctor,184300.59,SAVINGS,False,MEDIUM,ACTIVE
NSB001308,John,Chen,1946-04-12,4,2,Lawyer,153645.48,BUSINESS,False,LOW,ACTIVE
NSB001309,William,Patterson,2001-12-01,17,20,Sales Manager,119911.6,SAVINGS,False,MEDIUM,ACTIVE
NSB001310,Joseph,Bell,1957-03-22,4,18,Lawyer,151830.23,BUSINESS,False,HIGH,ACTIVE
NSB001311,Jason,Rodriguez,1963-01-07,6,16,Marketing Manager,100605.39,SAVINGS,False,LOW,ACTIVE
NSB001312,Melanie,Hunt,1997-04-11,19,19,Doctor,219539.24,INVESTMENTS,False,CRITICAL,ACTIVE
NSB001313,Anne,Gilbert,1993-11-13,11,13,Consultant,145956.75,INVESTMENTS,False,HIGH,ACTIVE
NSB001314,Tracy,Wells,1985-02-19,6,3,Consultant,98685.2,BUSINESS,False,HIGH,ACTIVE
NSB001315,Ashley,Baker,2005-01-05,1,17,Architect,43407.72,SALARY,False,LOW,ACTIVE
NSB001316,Steve,Herrera,1956-03-27,3,10,Teacher,33282.77,INVESTMENTS,False,LOW,ACTIVE
NSB001317,Joseph,Molina,1951-09-11,16,11,Data Analyst,61664.54,PENSION,False,LOW,ACTIVE
NSB001318,Cameron,Nelson,1968-11-18,11,1,Teacher,68195.47,SALARY,False,MEDIUM,ACTIVE
NSB001319,Samuel,Henry,1951-06-18,7,10,Student,15874.16,SALARY,False,LOW,ACTIVE
NSB001320,Mia,Holloway,1988-06-09,16,6,Marketing Manager,58982.51,BUSINESS,False,CRITICAL,ACTIVE
NSB001321,Julie,Garcia,1978-05-27,13,2,Accountant,69428.63,SAVINGS,False,LOW,ACTIVE
NSB001322,Michelle,Day,1974-03-11,6,7,Data Analyst,70932.97,BUSINESS,False,LOW,CLOSED
NSB001323,Lisa,Kane,1946-11-05,8,10,Software Engineer,47190.28,SALARY,False,LOW,INACTIVE
NSB001324,Jeremy,Barnett,1988-04-12,15,10,Nurse,69205.87,BUSINESS,False,LOW,ACTIVE
NSB001325,Oscar,Warren,2003-01-02,9,5,Lawyer,73632.14,SAVINGS,False,LOW,ACTIVE
NSB001326,Rachel,King,1994-08-05,16,14,Consultant,92566.87,PENSION,False,MEDIUM,ACTIVE
NSB001327,Andrew,Rodriguez,1969-05-13,15,19,Software Engineer,110902.3,INHERITANCE,False,LOW,ACTIVE
NSB001328,Brandy,White,1965-08-27,10,10,Architect,42089.15,INHERITANCE,False,LOW,ACTIVE
NSB001329,Bryan,Wilson,1996-08-26,10,4,Lawyer,138194.49,SAVINGS,False,LOW,ACTIVE
NSB001330,Cheryl,Perry,1952-12-02,9,11,Lawyer,132854.71,PENSION,False,HIGH,ACTIVE
NSB001331,Nicole,Hudson,1963-07-01,20,9,Accountant,60795.44,BUSINESS,False,MEDIUM,BLOCKED
NSB001332,Michael,Diaz,1981-02-24,5,5,Nurse,49891.51,BUSINESS,False,LOW,ACTIVE
NSB001333,Christine,Lynn,1958-10-31,11,8,Nurse,51893.66,INVESTMENTS,False,HIGH,ACTIVE
NSB001334,Donald,Gonzales,1999-04-04,5,1,Software Engineer,105458.38,PENSION,False,LOW,ACTIVE
NSB001335,Maria,Mason,1978-05-24,2,10,Financial Analyst,50847.98,INVESTMENTS,False,MEDIUM,ACTIVE
NSB001336,Cheryl,Lam,2000-02-21,11,11,Consultant,85738.56,BUSINESS,False,MEDIUM,ACTIVE
NSB001337,Morgan,Bowman,1961-01-24,20,16,Teacher,62381.58,BUSINESS,False,LOW,ACTIVE
NSB001338,Nicholas,Rodriguez,1975-09-19,18,12,Business Owner,188811.79,SAVINGS,False,MEDIUM,ACTIVE
NSB001339,Mark,Chen,1965-05-06,5,19,Accountant,54163.2,INHERITANCE,False,LOW,CLOSED
NSB001340,Christopher,Olson,1982-02-22,1,4,Doctor,191537.77,INHERITANCE,False,MEDIUM,ACTIVE
NSB001341,Harold,Wright,1966-03-16,5,16,Sales Manager,113536.25,PENSION,False,LOW,ACTIVE
NSB001342,Christopher,Fuller,1970-09-19,17,8,Sales Manager,67981.4,PENSION,False,MEDIUM,ACTIVE
NSB001343,Michael,Daniel,2002-12-18,13,8,Architect,52018.18,INVESTMENTS,False,LOW,INACTIVE
NSB001344,Rachel,Martin,2001-06-22,19,4,Student,29294.48,INVESTMENTS,False,LOW,ACTIVE
NSB001345,Cory,Castro,1945-01-02,10,12,Consultant,132494.45,SALARY,False,LOW,ACTIVE
NSB001346,Victoria,Riggs,1996-05-09,10,3,Student,28416.71,BUSINESS,False,LOW,ACTIVE
NSB001347,Ashley,Holmes,1961-05-20,7,20,Consultant,70631.59,INHERITANCE,False,LOW,ACTIVE
NSB001348,Victoria,Moore,1984-05-06,16,18,Consultant,137914.23,SALARY,False,LOW,ACTIVE
NSB001349,Robert,Spencer,1972-09-11,2,3,Lawyer,163612.5,SAVINGS,False,CRITICAL,ACTIVE
NSB001350,Linda,Contreras,2004-04-05,2,4,Doctor,82400.65,PENSION,False,LOW,ACTIVE
NSB001351,Tyler,Zimmerman,1943-03-28,11,4,Doctor,178232.93,INVESTMENTS,False,LOW,ACTIVE
NSB001352,Tara,Mathis,1991-07-12,19,17,Doctor,77223.08,INVESTMENTS,False,MEDIUM,ACTIVE
NSB001353,Amanda,Harvey,2002-03-23,20,3,Business Owner,49449.49,INHERITANCE,False,LOW,ACTIVE
NSB001354,Jason,Harrison,1954-05-12,5,14,Data Analyst,44611.08,SAVINGS,False,LOW,ACTIVE
NSB001355,Craig,Marshall,1995-04-15,9,11,Teacher,64824.88,BUSINESS,False,LOW,ACTIVE
NSB001356,Roger,Christensen,1999-01-03,15,8,Nurse,68085.5,PENSION,False,LOW,ACTIVE
NSB001357,Chelsea,Cortez,1989-06-16,12,3,Doctor,182002.06,SAVINGS,False,LOW,ACTIVE
NSB001358,Norman,Russell,1974-04-19,9,2,Architect,83099.34,INHERITANCE,False,LOW,ACTIVE
NSB001359,Samuel,Robbins,1989-03-24,9,1,Data Analyst,74013.14,BUSINESS,False,LOW,ACTIVE
NSB001360,Sarah,Diaz,1974-02-27,9,2,Sales Manager,116304.04,SAVINGS,False,MEDIUM,ACTIVE
NSB001361,Jeffrey,Price,1953-07-04,11,2,Business Owner,88723.08,SALARY,False,MEDIUM,ACTIVE
NSB001362,Ian,Villarreal,2005-05-28,14,14,Consultant,131126.9,PENSION,False,LOW,BLOCKED
NSB001363,Andrea,Lawson,1953-10-14,11,14,Financial Analyst,119797.22,SAVINGS,False,MEDIUM,ACTIVE
NSB001364,Rachel,Lopez,1997-05-28,19,5,Business Owner,242537.99,SALARY,False,LOW,ACTIVE
NSB001365,Adam,Pierce,1984-04-30,8,12,Financial Analyst,101215.91,SALARY,False,LOW,INACTIVE
NSB001366,Robert,Dunlap,2006-03-21,17,17,Engineer,78960.94,PENSION,False,LOW,ACTIVE
NSB001367,Laura,Williams,1992-05-03,4,4,Software Engineer,101540.74,SAVINGS,False,MEDIUM,ACTIVE
NSB001368,Elizabeth,Harvey,1976-09-12,11,5,Data Analyst,63851.71,SALARY,False,LOW,ACTIVE
NSB001369,Catherine,Jackson,1979-03-13,10,1,Accountant,56186.6,SAVINGS,False,MEDIUM,ACTIVE
NSB001370,Diane,King,1941-06-11,20,13,Lawyer,116336.54,INVESTMENTS,False,MEDIUM,ACTIVE
NSB001371,Jack,Williams,1985-11-14,3,13,Financial Analyst,75268.43,SAVINGS,False,HIGH,ACTIVE
NSB001372,Kevin,Bennett,1986-08-04,7,19,Lawyer,158271.97,BUSINESS,False,HIGH,ACTIVE
NSB001373,Melinda,Figueroa,1945-01-14,11,2,Business Owner,114586.3,SALARY,False,LOW,DECEASED
NSB001374,Ricardo,Edwards,1963-11-29,6,20,Nurse,47422.72,SAVINGS,False,LOW,ACTIVE
NSB001375,Joshua,Jimenez,1955-11-14,1,3,Sales Manager,62787.5,INHERITANCE,False,MEDIUM,ACTIVE
NSB001376,Kristen,Warner,2003-03-27,10,6,Sales Manager,88106.92,SALARY,False,LOW,ACTIVE
NSB001377,Douglas,Edwards,1964-05-20,2,13,Student,14378.41,SAVINGS,False,LOW,ACTIVE
NSB001378,Bradley,Allen,1999-01-04,10,10,Sales Manager,122131.6,SALARY,False,HIGH,ACTIVE
NSB001379,Robert,Macdonald,1983-09-21,1,15,Financial Analyst,63365.34,BUSINESS,False,MEDIUM,ACTIVE
NSB001380,Julie,Smith,1969-12-14,9,14,Data Analyst,62547.31,INHERITANCE,False,LOW,ACTIVE
NSB001381,Raymond,Allen,2001-02-23,6,3,Financial Analyst,59370.89,SAVINGS,False,LOW,ACTIVE
NSB001382,Monica,Wyatt,1954-01-19,20,13,Consultant,76428.59,SAVINGS,False,LOW,ACTIVE
NSB001383,Anthony,King,1941-04-18,14,14,Sales Manager,78449.81,INVESTMENTS,False,MEDIUM,ACTIVE
NSB001384,Hunter,Romero,1993-04-12,4,10,Architect,50017.67,INHERITANCE,False,LOW,CLOSED
NSB001385,Steven,Martin,1996-02-08,14,13,Architect,87416.51,PENSION,False,LOW,ACTIVE
NSB001386,Tammy,Montgomery,2003-12-18,11,20,Architect,58046.41,PENSION,False,MEDIUM,ACTIVE
NSB001387,Eric,Sosa,1957-12-19,19,18,Sales Manager,103102.4,SALARY,False,LOW,ACTIVE
NSB001388,Sara,Cummings,1954-06-13,13,15,Engineer,86354.59,INHERITANCE,False,CRITICAL,ACTIVE
NSB001389,Ryan,Nielsen,1999-12-04,16,9,Nurse,68596.87,SALARY,False,MEDIUM,ACTIVE
NSB001390,Thomas,Owens,1947-06-03,16,19,Consultant,81663.35,PENSION,False,LOW,CLOSED
NSB001391,Heather,Short,1979-10-02,10,8,Architect,92914.9,INVESTMENTS,False,LOW,ACTIVE
NSB001392,Patricia,Scott,1998-12-16,6,17,Lawyer,98794.48,SALARY,False,MEDIUM,ACTIVE
NSB001393,Jack,Stephenson,1951-12-03,2,17,Data Analyst,58288.62,INVESTMENTS,False,MEDIUM,ACTIVE
NSB001394,James,Hanson,1951-12-14,7,14,Data Analyst,50637.24,INHERITANCE,False,LOW,ACTIVE
NSB001395,Edward,Cole,1999-02-21,4,15,Teacher,58341.98,SALARY,False,LOW,ACTIVE
NSB001396,Kayla,Ellis,1975-12-10,10,11,Nurse,55487.48,SALARY,False,MEDIUM,ACTIVE
NSB001397,Thomas,Wright,1986-06-13,13,7,Engineer,79127.9,SAVINGS,False,MEDIUM,INACTIVE
NSB001398,Matthew,Nguyen,1946-09-11,8,17,Sales Manager,98598.81,INVESTMENTS,False,LOW,INACTIVE
NSB001399,Richard,Rios,1973-10-09,12,17,Engineer,113756.32,SAVINGS,False,HIGH,ACTIVE
NSB001400,Melissa,Lopez,1966-04-29,7,2,Nurse,52063.56,INVESTMENTS,False,LOW,ACTIVE
NSB001401,Ian,Mendoza,1958-04-20,15,15,Software Engineer,69269.22,INHERITANCE,False,MEDIUM,ACTIVE
NSB001402,Michael,Crawford,1997-03-20,8,12,Consultant,102122.22,BUSINESS,False,LOW,ACTIVE
NSB001403,Lisa,Martinez,1942-11-01,8,15,Accountant,37577.76,BUSINESS,False,LOW,ACTIVE
NSB001404,Mary,Ortega,1959-10-02,2,7,Financial Analyst,57189.34,BUSINESS,False,LOW,ACTIVE
NSB001405,Charles,Romero,1974-08-06,17,10,Architect,80600.99,BUSINESS,False,MEDIUM,ACTIVE
NSB001406,Joseph,Key,1952-06-02,10,14,Doctor,145650.05,INVESTMENTS,False,LOW,ACTIVE
NSB001407,Judy,Anderson,1985-09-23,10,6,Lawyer,161668.9,SALARY,False,LOW,ACTIVE
NSB001408,Denise,Stevens,1974-04-27,15,19,Lawyer,95363.07,INVESTMENTS,False,LOW,ACTIVE
NSB001409,Mary,Stanton,1943-02-03,1,18,Teacher,50180.25,SAVINGS,False,LOW,ACTIVE
NSB001410,Todd,Jenkins,1990-05-22,10,13,Doctor,195693.72,SALARY,False,LOW,ACTIVE
NSB001411,Rachel,Kemp,1948-01-25,8,20,Doctor,146514.81,INVESTMENTS,False,MEDIUM,ACTIVE
NSB001412,Lindsey,Reyes,1992-03-07,4,1,Nurse,58575.44,PENSION,False,LOW,ACTIVE
NSB001413,Charles,Hebert,1974-05-19,1,6,Business Owner,54904.98,SAVINGS,False,LOW,ACTIVE
NSB001414,Jonathan,Smith,1966-11-09,10,9,Accountant,59251.92,INHERITANCE,False,CRITICAL,ACTIVE
NSB001415,Rebecca,Martinez,1989-06-21,14,14,Marketing Manager,111027.02,SALARY,True,MEDIUM,ACTIVE
NSB001416,Mario,Lawrence,1968-03-17,13,17,Nurse,47855.52,PENSION,False,LOW,ACTIVE
NSB001417,Anna,Cline,1948-04-24,1,9,Accountant,41923.52,SAVINGS,False,HIGH,ACTIVE
NSB001418,Eric,Sullivan,1984-08-24,6,13,Student,20103.95,SALARY,False,MEDIUM,ACTIVE
NSB001419,Michael,Porter,1980-07-01,4,16,Financial Analyst,99385.23,BUSINESS,False,HIGH,ACTIVE
NSB001420,Shane,Smith,1970-05-24,14,9,Lawyer,84824.79,PENSION,False,LOW,CLOSED
NSB001421,Stephanie,Mcclure,1965-10-20,20,2,Sales Manager,51265.01,SALARY,False,LOW,ACTIVE
NSB001422,Pamela,Rojas,1983-03-18,9,3,Teacher,61080.94,PENSION,False,LOW,ACTIVE
NSB001423,Sarah,Frost,1968-08-12,8,19,Financial Analyst,63786.64,INVESTMENTS,False,HIGH,ACTIVE
NSB001424,Derek,Ross,1993-08-06,15,12,Data Analyst,40448.79,PENSION,False,MEDIUM,ACTIVE
NSB001425,Claire,Everett,1949-12-02,16,5,Teacher,57460.13,PENSION,False,LOW,ACTIVE
NSB001426,Jessica,Sanders,1941-02-04,4,9,Accountant,55473.68,INHERITANCE,False,MEDIUM,ACTIVE
NSB001427,Rachel,Farley,2001-03-20,20,12,Teacher,50245.78,INHERITANCE,False,LOW,ACTIVE
NSB001428,Jesse,Burgess,1995-07-26,7,8,Architect,71141.96,SAVINGS,False,LOW,ACTIVE
NSB001429,Joseph,Mercer,1996-04-14,7,4,Architect,98236.02,INHERITANCE,False,LOW,ACTIVE
NSB001430,Krystal,Parker,1999-01-03,18,5,Business Owner,70247.08,PENSION,False,LOW,ACTIVE
NSB001431,Lisa,Jones,1942-10-02,8,9,Sales Manager,93536.62,INVESTMENTS,False,MEDIUM,ACTIVE
NSB001432,Jacob,Gray,1947-07-03,16,17,Engineer,99595.64,SAVINGS,False,LOW,ACTIVE
NSB001433,Jamie,Allen,1998-05-17,8,14,Consultant,106353.87,INHERITANCE,False,LOW,ACTIVE
NSB001434,Shelly,Garcia,1943-04-02,5,16,Nurse,35353.78,INHERITANCE,False,LOW,ACTIVE
NSB001435,Debra,Young,1947-11-12,9,3,Nurse,33432.59,PENSION,False,CRITICAL,ACTIVE
NSB001436,James,Gibson,1955-11-27,11,18,Doctor,236942.06,SALARY,False,LOW,ACTIVE
NSB001437,Thomas,Browning,1973-12-30,5,6,Student,18364.79,PENSION,False,MEDIUM,ACTIVE
NSB001438,Melissa,Curry,1974-03-03,2,2,Student,30433.79,PENSION,False,MEDIUM,ACTIVE
NSB001439,Laura,Williams,1944-11-17,7,11,Lawyer,142280.53,PENSION,False,LOW,ACTIVE
NSB001440,Michael,Jones,1981-08-07,17,15,Nurse,40126.86,INVESTMENTS,False,LOW,ACTIVE
NSB001441,Vicki,Salazar,2002-07-17,20,5,Student,30075.75,PENSION,False,LOW,ACTIVE
NSB001442,Hector,Burke,1953-07-07,17,13,Teacher,53639.64,PENSION,False,MEDIUM,ACTIVE
NSB001443,Mary,Willis,1977-07-13,12,4,Student,22107.63,INHERITANCE,False,LOW,CLOSED
NSB001444,Elizabeth,Cummings,1949-03-06,11,12,Financial Analyst,59026.85,SALARY,False,MEDIUM,ACTIVE
NSB001445,Wendy,Miller,1997-10-10,10,14,Sales Manager,117676.48,BUSINESS,False,LOW,ACTIVE
NSB001446,James,Patterson,1956-09-04,4,20,Student,28237.67,INHERITANCE,False,HIGH,ACTIVE
NSB001447,Mark,Hernandez,1947-07-21,14,1,Financial Analyst,90846.21,INVESTMENTS,False,LOW,ACTIVE
NSB001448,Diana,Villa,1994-11-11,2,14,Engineer,100659.6,INVESTMENTS,False,LOW,ACTIVE
NSB001449,Megan,Kim,1942-03-31,10,16,Data Analyst,78045.33,INVESTMENTS,False,MEDIUM,ACTIVE
NSB001450,Anthony,Bell,1944-08-06,20,7,Marketing Manager,97229.92,INVESTMENTS,False,LOW,INACTIVE
NSB001451,Michael,Allen,1966-12-01,3,20,Engineer,66922.34,INVESTMENTS,False,LOW,ACTIVE
NSB001452,Nicholas,Collins,2006-01-09,4,8,Business Owner,38681.54,SAVINGS,False,LOW,ACTIVE
NSB001453,Robert,Lara,1962-07-16,17,18,Nurse,49093.63,BUSINESS,False,LOW,ACTIVE
NSB001454,Jonathan,Wood,1968-01-26,4,15,Lawyer,129735.85,SALARY,False,LOW,INACTIVE
NSB001455,Cody,York,1966-04-24,10,7,Data Analyst,43999.44,BUSINESS,False,LOW,ACTIVE
NSB001456,Jonathan,Craig,1997-01-29,6,20,Accountant,80027.34,BUSINESS,False,LOW,ACTIVE
NSB001457,Sarah,Chang,2002-07-13,3,6,Teacher,66316.53,SALARY,False,LOW,ACTIVE
NSB001458,Bruce,Palmer,1977-07-27,10,18,Consultant,77803.53,INVESTMENTS,False,HIGH,ACTIVE
NSB001459,Nicholas,Mitchell,1983-07-20,3,5,Student,5257.25,INHERITANCE,True,CRITICAL,ACTIVE
NSB001460,Donna,Pennington,1982-11-08,19,3,Accountant,84148.77,PENSION,False,LOW,ACTIVE
NSB001461,Julie,Parrish,1964-12-30,13,19,Accountant,89265.66,INVESTMENTS,False,LOW,ACTIVE
NSB001462,Kelly,Cortez,1948-09-30,2,14,Lawyer,98718.3,BUSINESS,False,LOW,ACTIVE
NSB001463,Jay,Hunt,1956-12-15,2,14,Accountant,86560.18,BUSINESS,False,MEDIUM,ACTIVE
NSB001464,Eric,Blair,2006-08-27,14,2,Lawyer,139810.2,SALARY,False,LOW,ACTIVE
NSB001465,Pamela,Ruiz,1980-12-04,3,17,Business Owner,198678.24,PENSION,False,LOW,ACTIVE
NSB001466,David,Rodgers,1980-07-26,10,4,Architect,54691.99,SALARY,False,LOW,ACTIVE
NSB001467,Krystal,Nelson,1983-01-25,19,9,Marketing Manager,48884.34,BUSINESS,False,HIGH,ACTIVE
NSB001468,Regina,Phelps,1947-11-12,17,18,Doctor,157902.11,SALARY,False,HIGH,ACTIVE
NSB001469,Tyler,Guzman,1995-03-17,8,10,Doctor,184298.36,PENSION,False,LOW,ACTIVE
NSB001470,Christopher,Barry,1967-06-30,11,8,Software Engineer,103327.75,PENSION,False,LOW,ACTIVE
NSB001471,Gerald,Heath,1959-10-27,9,10,Sales Manager,84451.65,BUSINESS,False,LOW,ACTIVE
NSB001472,Heather,Benson,1995-01-04,13,5,Software Engineer,47644.64,BUSINESS,False,LOW,ACTIVE
NSB001473,Steven,Richardson,1977-05-03,6,9,Student,18752.74,SALARY,False,LOW,ACTIVE
NSB001474,Kenneth,Craig,1963-06-13,8,1,Consultant,76692.7,PENSION,False,LOW,ACTIVE
NSB001475,Lindsay,Hensley,1990-08-17,15,16,Doctor,182922.9,INHERITANCE,False,LOW,ACTIVE
NSB001476,Stephen,Warner,1945-08-06,1,3,Lawyer,124833.49,PENSION,False,LOW,BLOCKED
NSB001477,Joseph,Owens,1959-01-31,20,9,Sales Manager,112442.51,PENSION,False,LOW,INACTIVE
NSB001478,Peter,Bowers,1973-07-25,6,16,Accountant,55181.71,PENSION,False,LOW,ACTIVE
NSB001479,Kayla,Young,1995-05-26,11,2,Engineer,113375.9,INHERITANCE,False,MEDIUM,ACTIVE
NSB001480,Edward,Smith,2006-03-26,17,4,Financial Analyst,61808.3,BUSINESS,False,LOW,ACTIVE
NSB001481,Robin,Whitney,2006-07-11,15,8,Engineer,91785.98,BUSINESS,False,HIGH,ACTIVE
NSB001482,Christopher,Curtis,1983-03-25,8,20,Data Analyst,78056.07,INHERITANCE,False,LOW,CLOSED
NSB001483,Maria,Walker,1974-10-09,6,12,Consultant,90470.71,SAVINGS,False,MEDIUM,ACTIVE
NSB001484,Aaron,Mitchell,1958-03-13,12,15,Doctor,228264.31,SAVINGS,False,LOW,ACTIVE
NSB001485,David,Copeland,1952-04-26,17,13,Teacher,67714.45,SAVINGS,False,LOW,ACTIVE
NSB001486,April,Tapia,1983-10-22,17,14,Sales Manager,120218.19,INVESTMENTS,False,LOW,ACTIVE
NSB001487,Ashley,Phillips,1945-12-22,2,2,Engineer,80906.19,PENSION,False,LOW,ACTIVE
NSB001488,Kendra,Deleon,1950-06-05,2,13,Consultant,126796.06,BUSINESS,False,LOW,ACTIVE
NSB001489,Renee,Wilkinson,1995-04-20,6,12,Accountant,81862.6,SALARY,False,LOW,ACTIVE
NSB001490,Angel,Clark,1989-05-26,8,13,Sales Manager,74895.32,SALARY,False,HIGH,ACTIVE
NSB001491,Linda,Martinez,2001-09-28,20,17,Doctor,121796.83,BUSINESS,False,LOW,ACTIVE
NSB001492,Benjamin,Thomas,1994-06-16,14,2,Software Engineer,79696.53,BUSINESS,False,MEDIUM,ACTIVE
NSB001493,Peter,Miller,1963-01-06,18,17,Nurse,51863.89,SAVINGS,False,LOW,ACTIVE
NSB001494,Stephen,Green,1981-09-16,10,4,Lawyer,85078.01,INHERITANCE,False,MEDIUM,ACTIVE
NSB001495,Melissa,Wilson,1948-09-21,15,14,Lawyer,112613.46,SALARY,False,LOW,ACTIVE
NSB001496,Jennifer,Butler,1956-06-18,5,2,Marketing Manager,74527.06,INVESTMENTS,False,LOW,ACTIVE
NSB001497,Katherine,Smith,1971-04-11,11,18,Architect,86721.15,PENSION,False,MEDIUM,ACTIVE
NSB001498,Adriana,Alvarez,1995-06-10,8,19,Architect,60434.07,BUSINESS,False,MEDIUM,ACTIVE
NSB001499,Matthew,Bray,1950-09-05,11,18,Engineer,75522.94,PENSION,False,LOW,ACTIVE
NSB001500,Jacob,Berry,1967-01-12,20,2,Accountant,58804.34,INVESTMENTS,False,MEDIUM,ACTIVE
NSB001501,Nicholas,Mason,1947-05-11,18,6,Student,13855.19,PENSION,False,LOW,ACTIVE
NSB001502,Andrew,Carter,1946-06-04,1,9,Accountant,47613.2,SAVINGS,False,LOW,ACTIVE
NSB001503,Christina,Simpson,1964-06-26,9,17,Data Analyst,53995.01,PENSION,False,MEDIUM,ACTIVE
NSB001504,Robert,Jackson,1983-08-19,18,12,Nurse,47004.66,BUSINESS,False,MEDIUM,ACTIVE
NSB001505,Samantha,Haley,1978-04-22,2,13,Financial Analyst,111519.23,INHERITANCE,False,MEDIUM,CLOSED
NSB001506,Marissa,Wells,1996-07-23,7,7,Marketing Manager,104850.99,SALARY,False,LOW,ACTIVE
NSB001507,Kenneth,Kim,1955-12-23,15,15,Accountant,85753.24,INVESTMENTS,True,MEDIUM,ACTIVE
NSB001508,Jonathan,Miller,1965-04-16,4,20,Teacher,56557.11,PENSION,False,MEDIUM,ACTIVE
NSB001509,Lisa,Harris,1966-12-21,17,4,Accountant,39847.19,PENSION,False,LOW,ACTIVE
NSB001510,Michelle,Romero,1947-08-18,8,19,Sales Manager,92547.81,SAVINGS,False,LOW,ACTIVE
NSB001511,Lisa,Wood,1967-09-22,13,2,Architect,55128.53,SALARY,False,LOW,ACTIVE
NSB001512,James,Harris,1956-08-22,16,5,Architect,86353.17,INHERITANCE,False,LOW,ACTIVE
NSB001513,Rebecca,Mcdaniel,1948-08-11,19,10,Engineer,93912.28,SALARY,False,MEDIUM,ACTIVE
NSB001514,Arthur,Bass,1984-07-05,19,8,Sales Manager,74366.75,INVESTMENTS,False,LOW,ACTIVE
NSB001515,Amy,Blankenship,1949-04-19,15,17,Accountant,36406.44,PENSION,False,LOW,ACTIVE
NSB001516,Scott,Waters,1994-09-20,15,20,Engineer,106899.44,SALARY,False,MEDIUM,ACTIVE
NSB001517,David,Ward,1972-10-30,11,7,Teacher,59004.32,INVESTMENTS,False,LOW,ACTIVE
NSB001518,Janice,Schmidt,1995-01-14,13,7,Student,16269.6,INVESTMENTS,False,LOW,ACTIVE
NSB001519,Sherri,Calderon,1968-04-13,20,8,Architect,80043.82,SAVINGS,False,LOW,ACTIVE
NSB001520,James,Lewis,1992-11-13,18,19,Student,20503.59,SALARY,False,LOW,ACTIVE
NSB001521,Gavin,Perry,1996-10-04,20,18,Business Owner,78212.3,PENSION,False,MEDIUM,CLOSED
NSB001522,Wendy,Elliott,1973-09-30,18,8,Student,31447.57,BUSINESS,False,HIGH,ACTIVE
NSB001523,Erica,Miller,1981-07-09,2,5,Data Analyst,76347.64,PENSION,False,LOW,ACTIVE
NSB001524,Tiffany,Sandoval,1977-04-09,18,18,Student,20081.94,PENSION,False,MEDIUM,ACTIVE
NSB001525,Daniel,Morris,1984-04-19,17,5,Business Owner,155020.54,PENSION,False,CRITICAL,ACTIVE
NSB001526,Rachel,Hudson,1954-06-19,6,19,Marketing Manager,98926.78,INHERITANCE,False,HIGH,ACTIVE
NSB001527,Joshua,Ruiz,2003-02-20,14,13,Software Engineer,100634.78,INHERITANCE,False,LOW,ACTIVE
NSB001528,Kristin,Mcdonald,1942-07-20,17,2,Student,12473.59,SAVINGS,False,LOW,ACTIVE
NSB001529,Michael,Francis,1981-03-16,13,19,Data Analyst,43793.58,SALARY,False,MEDIUM,ACTIVE
NSB001530,Kim,Bennett,1985-05-25,8,4,Lawyer,51296.79,INVESTMENTS,False,LOW,ACTIVE
NSB001531,Sharon,Davis,1985-10-24,10,10,Lawyer,168822.32,PENSION,False,LOW,ACTIVE
NSB001532,Suzanne,Berg,1965-02-09,10,20,Sales Manager,50538.06,SAVINGS,False,LOW,ACTIVE
NSB001533,Luke,Turner,1949-06-20,14,17,Data Analyst,71830.94,SAVINGS,False,MEDIUM,ACTIVE
NSB001534,Michael,Munoz,1970-09-26,2,19,Teacher,37835.23,SAVINGS,False,LOW,ACTIVE
NSB001535,Kathy,Horn,1976-03-06,10,11,Software Engineer,47097.76,SAVINGS,False,HIGH,ACTIVE
NSB001536,Meghan,Bonilla,1947-07-25,3,20,Financial Analyst,103272.89,SALARY,False,MEDIUM,INACTIVE
NSB001537,Douglas,Foster,1963-12-03,20,17,Marketing Manager,80861.96,SALARY,False,LOW,ACTIVE
NSB001538,William,Bean,1949-10-29,1,5,Lawyer,152520.16,INHERITANCE,False,MEDIUM,ACTIVE
NSB001539,Ryan,Harris,1966-02-19,17,5,Software Engineer,100438.37,SALARY,False,MEDIUM,ACTIVE
NSB001540,Warren,Bowen,1961-08-21,15,7,Sales Manager,84194.01,BUSINESS,False,LOW,DECEASED
NSB001541,Rachel,Rivera,1962-09-06,11,18,Doctor,122981.94,BUSINESS,False,LOW,ACTIVE
NSB001542,Katherine,Butler,2003-02-22,5,10,Student,25329.53,INHERITANCE,False,LOW,ACTIVE
NSB001543,Mackenzie,Mcdonald,1953-02-24,13,14,Business Owner,132726.62,INHERITANCE,False,HIGH,ACTIVE
NSB001544,Stacey,Ruiz,1993-01-01,2,7,Doctor,187166.18,SAVINGS,False,LOW,CLOSED
NSB001545,Chad,Hernandez,1997-11-18,1,13,Doctor,78419.27,SALARY,False,LOW,ACTIVE
NSB001546,Ashley,Owen,1999-12-18,17,10,Consultant,60603.5,SAVINGS,False,MEDIUM,ACTIVE
NSB001547,Eddie,Perez,1984-05-14,7,20,Software Engineer,55469.02,INVESTMENTS,False,MEDIUM,ACTIVE
NSB001548,Arthur,Ryan,1972-01-26,6,15,Financial Analyst,47765.74,INVESTMENTS,False,LOW,ACTIVE
NSB001549,Suzanne,Wolf,1942-11-09,11,12,Nurse,66051.81,PENSION,False,HIGH,ACTIVE
NSB001550,Carla,Rodgers,1950-07-28,19,10,Sales Manager,109038.28,SALARY,False,LOW,ACTIVE
NSB001551,Scott,May,1980-01-25,1,9,Student,34043.11,PENSION,False,MEDIUM,ACTIVE
NSB001552,Laurie,Sanford,1966-03-06,14,5,Accountant,73007.25,SAVINGS,False,HIGH,ACTIVE
NSB001553,Shaun,Garcia,1995-08-01,20,14,Software Engineer,46888.82,SALARY,False,LOW,ACTIVE
NSB001554,Nichole,Bryant,1997-06-03,18,1,Student,25264.17,INHERITANCE,False,MEDIUM,INACTIVE
NSB001555,Selena,Barrett,1949-08-02,8,9,Architect,72324.95,PENSION,False,LOW,INACTIVE
NSB001556,Reginald,Ross,1948-05-25,4,17,Business Owner,79725.03,INHERITANCE,False,MEDIUM,ACTIVE
NSB001557,Edward,Wells,2000-07-08,4,17,Lawyer,109288.58,SAVINGS,False,LOW,ACTIVE
NSB001558,Cristina,Jones,2002-12-05,2,16,Teacher,49050.36,SAVINGS,False,LOW,ACTIVE
NSB001559,Jessica,Smith,2005-03-03,12,1,Architect,65878.64,INHERITANCE,False,MEDIUM,ACTIVE
NSB001560,Clinton,Lewis,1964-12-05,6,12,Consultant,65580.47,INHERITANCE,True,LOW,ACTIVE
NSB001561,Brenda,Hale,1948-08-25,20,5,Nurse,59235.58,PENSION,False,MEDIUM,ACTIVE
NSB001562,Nancy,Rush,1974-01-26,2,10,Data Analyst,53174.09,PENSION,False,LOW,ACTIVE
NSB001563,Jesse,Day,1979-07-07,10,6,Student,31406.01,SAVINGS,False,LOW,ACTIVE
NSB001564,Lisa,Parsons,1976-03-07,14,12,Accountant,66757.87,INHERITANCE,False,MEDIUM,ACTIVE
NSB001565,Mark,Sullivan,1988-07-30,3,10,Engineer,78713.99,INVESTMENTS,False,LOW,ACTIVE
NSB001566,Carolyn,Obrien,1952-10-24,5,18,Business Owner,165597.76,PENSION,False,MEDIUM,ACTIVE
NSB001567,Jennifer,Ross,1947-06-19,12,10,Financial Analyst,64076.04,SALARY,False,HIGH,ACTIVE
NSB001568,Scott,Kramer,1942-01-12,14,14,Accountant,80998.85,SAVINGS,False,MEDIUM,ACTIVE
NSB001569,Sabrina,Parker,1951-10-11,14,6,Student,5114.69,SALARY,False,LOW,ACTIVE
NSB001570,Clinton,Hall,1970-02-23,7,1,Software Engineer,79886.22,INVESTMENTS,False,HIGH,ACTIVE
NSB001571,David,Adams,1968-10-31,11,19,Doctor,61950.22,PENSION,False,LOW,ACTIVE
NSB001572,Bailey,Simmons,1975-06-11,19,4,Student,12389.48,BUSINESS,False,MEDIUM,ACTIVE
NSB001573,Paul,Knight,1977-08-20,10,4,Financial Analyst,101823.62,PENSION,False,LOW,ACTIVE
NSB001574,Sara,Wade,1985-11-29,5,17,Sales Manager,69646.79,INVESTMENTS,False,LOW,ACTIVE
NSB001575,Shawn,Brown,1943-02-27,4,1,Consultant,49870.43,PENSION,False,MEDIUM,ACTIVE
NSB001576,Keith,Edwards,1974-04-20,4,3,Financial Analyst,111862.16,INHERITANCE,False,LOW,BLOCKED
NSB001577,Kelly,Martin,2002-07-07,10,2,Marketing Manager,87115.11,INVESTMENTS,False,LOW,ACTIVE
NSB001578,Christopher,Williams,2001-03-30,18,4,Architect,44195.93,INHERITANCE,False,LOW,ACTIVE
NSB001579,Craig,Myers,1998-12-07,11,8,Engineer,66141.73,PENSION,False,LOW,ACTIVE
NSB001580,Tina,Thompson,1974-11-02,20,9,Accountant,81439.82,PENSION,False,MEDIUM,ACTIVE
NSB001581,Hunter,Henry,1958-11-05,2,6,Architect,75468.61,BUSINESS,False,LOW,ACTIVE
NSB001582,Erik,Green,1986-10-16,6,16,Doctor,76671.67,BUSINESS,False,LOW,ACTIVE
NSB001583,Pamela,Page,1959-10-10,9,16,Accountant,58679.2,INVESTMENTS,False,LOW,ACTIVE
NSB001584,Nicole,Moran,1999-08-23,5,13,Engineer,78803.95,BUSINESS,False,MEDIUM,ACTIVE
NSB001585,Kenneth,Hodge,1984-05-20,5,19,Architect,91453.58,SALARY,False,MEDIUM,ACTIVE
NSB001586,Bryan,White,1941-09-13,7,11,Sales Manager,89984.51,BUSINESS,False,LOW,ACTIVE
NSB001587,Gary,Farley,1950-04-13,14,15,Engineer,113493.5,INHERITANCE,False,LOW,ACTIVE
NSB001588,Suzanne,Pittman,1949-03-19,16,19,Business Owner,155846.67,PENSION,False,LOW,ACTIVE
NSB001589,Elizabeth,Wilson,1965-03-05,8,15,Sales Manager,65765.53,INVESTMENTS,False,MEDIUM,ACTIVE
NSB001590,Erin,Reyes,1961-05-05,8,15,Data Analyst,51609.13,INVESTMENTS,False,LOW,ACTIVE
NSB001591,Evan,Peterson,1994-11-25,5,12,Financial Analyst,91901.54,PENSION,False,MEDIUM,CLOSED
NSB001592,Nicole,Lucero,1992-07-31,3,4,Accountant,88726.78,SAVINGS,False,MEDIUM,ACTIVE
NSB001593,Angela,Shepherd,1985-01-30,13,19,Architect,56362.41,SALARY,False,LOW,ACTIVE
NSB001594,Jonathan,Hall,1987-10-26,6,5,Lawyer,105495.54,SALARY,False,LOW,ACTIVE
NSB001595,Theresa,Murray,1961-11-07,3,10,Accountant,69914.92,SAVINGS,False,LOW,ACTIVE
NSB001596,Kenneth,Clark,1967-04-01,9,1,Teacher,33700.03,INVESTMENTS,False,LOW,ACTIVE
NSB001597,Rebecca,Wilkerson,1942-10-26,20,9,Data Analyst,85996.08,PENSION,False,MEDIUM,ACTIVE
NSB001598,Robert,Thomas,1959-12-30,3,5,Doctor,170941.77,SALARY,False,MEDIUM,ACTIVE
NSB001599,Steven,Barnett,1988-02-07,8,15,Marketing Manager,104120.46,INHERITANCE,False,LOW,ACTIVE
NSB001600,Brittney,Nelson,1998-12-25,18,5,Doctor,227950.31,PENSION,False,MEDIUM,ACTIVE
NSB001601,Donna,Nguyen,1943-02-15,13,17,Nurse,56367.77,BUSINESS,False,CRITICAL,ACTIVE
NSB001602,Christina,Cantrell,1951-05-18,10,17,Financial Analyst,77458.72,INVESTMENTS,False,HIGH,ACTIVE
NSB001603,Brittany,James,2006-05-05,18,7,Financial Analyst,68080.29,INHERITANCE,False,CRITICAL,ACTIVE
NSB001604,Suzanne,Fuentes,2005-12-14,11,8,Sales Manager,57325.72,SALARY,False,LOW,ACTIVE
NSB001605,Ross,Fuller,1985-09-18,1,16,Architect,54481.99,BUSINESS,False,LOW,ACTIVE
NSB001606,Michael,Woods,1955-05-04,7,6,Data Analyst,81234.46,SALARY,False,CRITICAL,ACTIVE
NSB001607,Jessica,Soto,1972-11-03,14,18,Teacher,53861.04,INHERITANCE,False,MEDIUM,ACTIVE
NSB001608,James,Watts,2000-03-24,2,17,Engineer,70396.76,PENSION,False,MEDIUM,ACTIVE
NSB001609,Natasha,Hughes,1996-11-12,2,15,Sales Manager,40010.2,SAVINGS,False,MEDIUM,ACTIVE
NSB001610,Eduardo,Nguyen,1986-10-25,13,15,Business Owner,232251.57,BUSINESS,False,LOW,ACTIVE
NSB001611,Richard,Mitchell,1989-10-10,14,14,Business Owner,287389.34,PENSION,False,LOW,DECEASED
NSB001612,Kenneth,Johnson,1966-12-27,11,6,Lawyer,161187.08,INHERITANCE,False,MEDIUM,ACTIVE
NSB001613,Christina,Rivera,1941-01-12,3,15,Nurse,51544.92,SALARY,False,MEDIUM,ACTIVE
NSB001614,Gary,Barron,1984-08-20,11,2,Financial Analyst,107065.25,INHERITANCE,False,LOW,ACTIVE
NSB001615,Daniel,Wright,1991-05-19,4,8,Lawyer,77713.35,INVESTMENTS,False,LOW,ACTIVE
NSB001616,Stephen,Hill,1995-03-06,14,18,Software Engineer,66313.61,BUSINESS,False,MEDIUM,ACTIVE
NSB001617,Tristan,Conner,1983-09-01,4,20,Engineer,58314.71,INHERITANCE,False,CRITICAL,ACTIVE
NSB001618,Christina,Koch,1975-07-09,16,17,Engineer,75112.17,BUSINESS,False,MEDIUM,ACTIVE
NSB001619,Felicia,Le,2001-03-29,11,5,Engineer,97512.96,BUSINESS,False,MEDIUM,ACTIVE
NSB001620,Jeffrey,Bennett,1970-06-03,19,4,Architect,73073.77,SALARY,False,LOW,ACTIVE
NSB001621,Jenna,Trevino,1965-03-03,2,8,Doctor,233112.09,INHERITANCE,False,LOW,ACTIVE
NSB001622,Dennis,Gonzalez,1988-04-19,15,4,Nurse,46338.43,SAVINGS,False,LOW,ACTIVE
NSB001623,April,Adams,2001-10-12,15,7,Marketing Manager,118717.34,INHERITANCE,False,LOW,ACTIVE
NSB001624,Donna,Williams,1973-05-29,3,11,Software Engineer,56656.66,SAVINGS,False,MEDIUM,ACTIVE
NSB001625,Rhonda,Chandler,1990-04-19,17,14,Sales Manager,66156.42,SALARY,False,MEDIUM,ACTIVE
NSB001626,Michael,Wilcox,1973-07-01,19,9,Architect,96692.05,PENSION,False,MEDIUM,ACTIVE
NSB001627,Jose,Martinez,1999-03-14,2,18,Teacher,44646.75,INVESTMENTS,False,MEDIUM,ACTIVE
NSB001628,Paul,Martinez,1982-03-07,10,13,Sales Manager,48151.01,INVESTMENTS,False,LOW,ACTIVE
NSB001629,William,Bautista,2001-04-26,1,7,Architect,87354.84,PENSION,False,LOW,ACTIVE
NSB001630,Christopher,Howard,2000-09-30,6,11,Lawyer,173144.78,BUSINESS,True,MEDIUM,ACTIVE
NSB001631,Cathy,Williams,1945-11-17,20,18,Architect,50442.51,INHERITANCE,False,LOW,ACTIVE
NSB001632,Nicholas,Snyder,1989-01-11,5,19,Financial Analyst,67246.83,SAVINGS,False,MEDIUM,ACTIVE
NSB001633,Morgan,Hill,1972-04-24,12,9,Accountant,71602.49,SAVINGS,False,LOW,ACTIVE
NSB001634,Jamie,Boyd,1956-09-10,11,4,Sales Manager,43262.23,INVESTMENTS,False,MEDIUM,ACTIVE
NSB001635,Brandon,Pope,1996-02-03,17,13,Data Analyst,61359.04,INVESTMENTS,False,HIGH,ACTIVE
NSB001636,Daniel,Mathews,1961-12-25,20,12,Data Analyst,40077.79,SALARY,False,LOW,ACTIVE
NSB001637,Katherine,Novak,1960-04-26,9,6,Consultant,126910.79,PENSION,False,LOW,ACTIVE
NSB001638,Roberta,Reyes,1988-11-24,14,18,Architect,45321.74,BUSINESS,False,LOW,ACTIVE
NSB001639,Charles,Brown,1967-03-16,2,5,Architect,78442.92,INHERITANCE,False,MEDIUM,ACTIVE
NSB001640,Danielle,Perez,1957-02-15,14,15,Student,16669.23,INVESTMENTS,False,LOW,ACTIVE
NSB001641,Donna,Glover,1941-09-03,2,8,Teacher,56141.92,SAVINGS,False,HIGH,BLOCKED
NSB001642,John,Molina,2005-06-20,10,12,Software Engineer,80791.8,BUSINESS,False,LOW,ACTIVE
NSB001643,Brendan,Perez,1991-10-19,2,14,Teacher,31440.51,PENSION,False,LOW,ACTIVE
NSB001644,Zachary,Clark,1946-10-05,13,4,Student,24656.88,PENSION,False,MEDIUM,ACTIVE
NSB001645,Maria,Hardy,2002-06-24,13,12,Business Owner,279410.88,BUSINESS,False,LOW,ACTIVE
NSB001646,Amanda,Wyatt,1942-09-12,17,6,Engineer,76854.86,INVESTMENTS,True,HIGH,ACTIVE
NSB001647,Dustin,Phillips,1983-06-12,20,13,Financial Analyst,93740.09,SALARY,False,LOW,ACTIVE
NSB001648,Haley,Gutierrez,1993-05-19,7,2,Accountant,84655.08,INHERITANCE,False,MEDIUM,ACTIVE
NSB001649,Christina,Dixon,1999-08-18,12,18,Sales Manager,49589.34,BUSINESS,False,LOW,ACTIVE
NSB001650,Renee,Lewis,1941-10-21,12,4,Consultant,126261.47,SAVINGS,False,MEDIUM,ACTIVE
NSB001651,Todd,Lambert,1962-10-23,7,1,Financial Analyst,47856.03,BUSINESS,False,MEDIUM,ACTIVE
NSB001652,Eugene,Barry,1965-12-23,17,17,Engineer,68395.17,BUSINESS,False,LOW,ACTIVE
NSB001653,Lisa,Caldwell,1946-11-18,16,9,Teacher,42430.27,INVESTMENTS,False,MEDIUM,ACTIVE
NSB001654,Jessica,Torres,2004-10-21,16,14,Consultant,140276.59,INHERITANCE,False,LOW,ACTIVE
NSB001655,Stephanie,Andrews,1976-03-04,2,1,Consultant,69443.92,INVESTMENTS,False,LOW,ACTIVE
NSB001656,Chase,Pope,1970-07-31,7,2,Nurse,46215.01,INVESTMENTS,False,LOW,ACTIVE
NSB001657,Lauren,Cole,1943-08-14,14,7,Teacher,30070.46,PENSION,False,MEDIUM,ACTIVE
NSB001658,Paul,Small,1982-07-06,20,14,Doctor,143531.56,SAVINGS,True,LOW,ACTIVE
NSB001659,Sara,Valdez,1956-06-18,13,12,Consultant,59271.2,SALARY,False,LOW,INACTIVE
NSB001660,Daniel,Perez,2002-01-22,17,8,Student,22254.57,SAVINGS,False,LOW,ACTIVE
NSB001661,Mariah,Ramos,1991-06-29,2,18,Software Engineer,65485.55,SAVINGS,False,MEDIUM,ACTIVE
NSB001662,Stephanie,Pugh,1965-03-24,2,4,Doctor,68789.79,SAVINGS,False,LOW,ACTIVE
NSB001663,Michael,Hernandez,1997-09-10,1,7,Business Owner,269743.85,SAVINGS,False,HIGH,INACTIVE
NSB001664,Heather,Payne,1981-10-10,5,11,Doctor,219035.38,INVESTMENTS,False,MEDIUM,ACTIVE
NSB001665,Andre,Small,1993-10-08,5,19,Marketing Manager,75145.96,PENSION,False,MEDIUM,ACTIVE
NSB001666,Shelley,Sparks,1982-03-05,6,5,Architect,74261.14,SAVINGS,False,MEDIUM,ACTIVE
NSB001667,Joe,Pham,1982-12-05,8,3,Marketing Manager,74205.62,BUSINESS,False,MEDIUM,ACTIVE
NSB001668,Taylor,Lee,1993-04-25,5,2,Marketing Manager,93283.49,BUSINESS,False,MEDIUM,ACTIVE
NSB001669,Kevin,Robinson,1977-06-25,5,1,Data Analyst,94195.23,INHERITANCE,False,MEDIUM,ACTIVE
NSB001670,Erika,Freeman,1960-06-14,13,3,Software Engineer,105084.7,PENSION,False,LOW,ACTIVE
NSB001671,Catherine,Ibarra,1973-02-20,14,5,Student,32140.6,INHERITANCE,False,CRITICAL,ACTIVE
NSB001672,George,Reynolds,1969-06-14,15,1,Engineer,85205.65,BUSINESS,False,LOW,ACTIVE
NSB001673,Scott,Williams,1972-05-12,20,4,Data Analyst,81933.55,SALARY,False,MEDIUM,ACTIVE
NSB001674,Sean,Barrett,1958-02-02,16,19,Doctor,245161.96,INVESTMENTS,False,LOW,ACTIVE
NSB001675,Jennifer,Johnson,1944-12-24,4,18,Accountant,43967.6,INVESTMENTS,False,LOW,ACTIVE
NSB001676,Brittany,Wade,1992-06-12,8,9,Business Owner,194905.34,BUSINESS,False,MEDIUM,ACTIVE
NSB001677,Duane,White,2001-01-11,2,2,Accountant,65384.55,INHERITANCE,True,MEDIUM,ACTIVE
NSB001678,Jake,Melton,2001-09-24,6,19,Software Engineer,52965.35,PENSION,False,LOW,ACTIVE
NSB001679,Keith,Robertson,1962-04-30,14,19,Teacher,34252.22,SAVINGS,False,CRITICAL,INACTIVE
NSB001680,Joseph,Brown,1950-04-08,9,14,Software Engineer,55798.07,SAVINGS,False,LOW,ACTIVE
NSB001681,Janice,Solomon,1958-04-16,12,6,Consultant,149750.05,INVESTMENTS,False,MEDIUM,ACTIVE
NSB001682,Diane,Walker,1978-05-20,9,18,Software Engineer,78453.58,PENSION,False,MEDIUM,ACTIVE
NSB001683,Amy,Francis,1951-01-30,7,2,Accountant,37890.9,BUSINESS,False,MEDIUM,ACTIVE
NSB001684,Michael,Clark,1985-09-15,13,17,Student,17091.73,SAVINGS,False,LOW,ACTIVE
NSB001685,Daniel,Wilson,1957-03-14,5,3,Accountant,82307.47,INHERITANCE,False,MEDIUM,ACTIVE
NSB001686,April,Johnson,2005-04-06,13,13,Teacher,32682.51,BUSINESS,False,HIGH,ACTIVE
NSB001687,Tara,Tran,1989-05-01,19,12,Software Engineer,117972.4,INHERITANCE,False,MEDIUM,ACTIVE
NSB001688,Victoria,Zavala,2000-10-10,1,15,Accountant,82549.53,INHERITANCE,False,LOW,ACTIVE
NSB001689,Karen,Little,2002-06-20,19,3,Student,12591.29,SAVINGS,False,MEDIUM,ACTIVE
NSB001690,Craig,Ingram,1987-03-05,16,17,Sales Manager,124108.66,INVESTMENTS,False,LOW,ACTIVE
NSB001691,George,Myers,1950-10-10,17,3,Engineer,62546.9,INHERITANCE,True,CRITICAL,ACTIVE
NSB001692,Holly,Rogers,2001-12-12,17,14,Consultant,148279.76,INVESTMENTS,False,LOW,ACTIVE
NSB001693,Nathan,Jones,1945-03-28,2,6,Architect,41853.22,SALARY,False,LOW,ACTIVE
NSB001694,Michelle,Bailey,1943-01-06,11,16,Marketing Manager,47583.98,SAVINGS,False,HIGH,ACTIVE
NSB001695,Jade,Randall,1962-11-09,8,12,Doctor,197219.55,INVESTMENTS,False,LOW,ACTIVE
NSB001696,Jacob,Brennan,1963-12-19,10,1,Nurse,34249.64,PENSION,False,HIGH,ACTIVE
NSB001697,Terri,Davis,1993-04-12,7,12,Data Analyst,87396.23,SAVINGS,False,LOW,ACTIVE
NSB001698,Alexander,Sawyer,1942-02-12,1,19,Accountant,74076.91,INHERITANCE,False,MEDIUM,ACTIVE
NSB001699,Brian,Stewart,2005-07-17,9,6,Architect,83903.78,SALARY,False,MEDIUM,ACTIVE
NSB001700,Laura,Herrera,1964-02-03,4,6,Business Owner,260213.13,BUSINESS,False,MEDIUM,DECEASED
NSB001701,Christina,Miller,1994-05-30,12,8,Software Engineer,57177.74,PENSION,False,LOW,ACTIVE
NSB001702,Brenda,Ali,1974-04-15,17,19,Marketing Manager,104440.46,INHERITANCE,False,MEDIUM,ACTIVE
NSB001703,Katherine,Reed,2005-12-28,1,16,Data Analyst,73102.27,INVESTMENTS,False,LOW,ACTIVE
NSB001704,Emily,Martinez,1994-07-04,14,10,Accountant,72411.12,PENSION,False,MEDIUM,ACTIVE
NSB001705,Angela,Mcintosh,1976-07-03,10,18,Financial Analyst,80107.68,SALARY,False,MEDIUM,ACTIVE
NSB001706,Kelly,Grant,2003-01-31,8,9,Architect,78963.46,INVESTMENTS,False,HIGH,ACTIVE
NSB001707,Deborah,Smith,1989-09-22,8,20,Student,8655.53,SALARY,False,MEDIUM,ACTIVE
NSB001708,Jeffery,Dominguez,1944-07-24,1,15,Software Engineer,86005.56,PENSION,False,MEDIUM,ACTIVE
NSB001709,Nicholas,Lyons,1979-06-03,1,9,Software Engineer,100869.54,INVESTMENTS,False,LOW,CLOSED
NSB001710,Todd,Frazier,1968-01-05,11,18,Software Engineer,77705.22,INHERITANCE,False,LOW,ACTIVE
NSB001711,Jason,Cook,1979-07-12,6,3,Nurse,69645.2,PENSION,False,HIGH,ACTIVE
NSB001712,Ryan,Stout,1975-05-25,13,4,Sales Manager,87563.04,SALARY,False,LOW,ACTIVE
NSB001713,Rachel,Clark,1963-07-19,9,16,Accountant,48337.12,INHERITANCE,False,LOW,ACTIVE
NSB001714,Jennifer,Nelson,1991-05-09,10,8,Business Owner,128881.52,PENSION,False,LOW,ACTIVE
NSB001715,John,Bullock,2005-05-11,11,10,Engineer,108681.46,SALARY,False,MEDIUM,CLOSED
NSB001716,Sonya,Schaefer,1990-10-16,17,3,Business Owner,226641.68,INVESTMENTS,False,LOW,ACTIVE
NSB001717,Amy,Smith,2004-05-15,19,4,Doctor,66935.07,INVESTMENTS,False,MEDIUM,ACTIVE
NSB001718,Faith,Ball,1957-04-04,5,15,Lawyer,109568.02,INHERITANCE,False,HIGH,ACTIVE
NSB001719,Kevin,Wade,1983-06-07,7,14,Marketing Manager,53080.74,INVESTMENTS,False,LOW,ACTIVE
NSB001720,Mark,Morgan,1947-02-25,7,10,Data Analyst,44261.81,INVESTMENTS,False,LOW,ACTIVE
NSB001721,Adam,Taylor,1964-01-30,16,1,Lawyer,62501.66,INHERITANCE,False,MEDIUM,ACTIVE
NSB001722,Scott,Jenkins,1980-07-08,20,20,Nurse,58082.89,SALARY,False,LOW,ACTIVE
NSB001723,Tammy,Smith,1992-04-25,11,10,Business Owner,151750.86,PENSION,False,LOW,ACTIVE
NSB001724,Bruce,Smith,1999-04-07,14,20,Engineer,64615.79,PENSION,False,LOW,ACTIVE
NSB001725,Morgan,Reed,1973-01-23,14,18,Nurse,32134.27,PENSION,False,HIGH,INACTIVE
NSB001726,Heather,Simpson,1976-03-26,14,20,Business Owner,60976.96,INHERITANCE,False,LOW,ACTIVE
NSB001727,Alexander,Caldwell,1941-11-14,7,6,Nurse,45733.6,PENSION,False,MEDIUM,ACTIVE
NSB001728,Nicole,Caldwell,1973-08-01,5,5,Software Engineer,96531.75,SALARY,False,LOW,ACTIVE
NSB001729,Johnny,Montoya,1960-10-28,14,5,Engineer,84343.37,INHERITANCE,False,LOW,ACTIVE
NSB001730,Albert,Paul,1961-05-24,9,19,Nurse,57501.67,SALARY,False,LOW,ACTIVE
NSB001731,Melanie,Bell,1992-06-19,12,8,Nurse,37675.7,INVESTMENTS,False,MEDIUM,ACTIVE
NSB001732,Darlene,Nolan,1951-04-06,15,19,Engineer,119660.64,PENSION,False,LOW,ACTIVE
NSB001733,Sean,Mcdowell,1997-05-31,15,9,Marketing Manager,102207.78,SAVINGS,False,MEDIUM,ACTIVE
NSB001734,Darrell,Higgins,1973-03-25,5,19,Software Engineer,52743.08,INVESTMENTS,False,LOW,ACTIVE
NSB001735,Brent,Anthony,1962-03-15,8,10,Sales Manager,114367.74,SAVINGS,False,LOW,ACTIVE
NSB001736,Helen,Ortiz,1968-12-29,16,12,Software Engineer,104500.13,INVESTMENTS,False,LOW,ACTIVE
NSB001737,Kimberly,Lewis,1993-09-01,9,19,Marketing Manager,51959.85,SALARY,False,LOW,ACTIVE
NSB001738,Dennis,Soto,2003-01-21,12,15,Sales Manager,55893.05,SAVINGS,False,LOW,ACTIVE
NSB001739,Joseph,Guzman,2000-10-10,7,19,Student,31837.61,INHERITANCE,False,LOW,ACTIVE
NSB001740,William,Lopez,1987-06-17,6,16,Engineer,83606.13,SALARY,False,MEDIUM,ACTIVE
NSB001741,Julie,White,2003-01-03,11,13,Software Engineer,97439.36,INHERITANCE,False,MEDIUM,ACTIVE
NSB001742,Kendra,Martin,1977-06-02,18,1,Business Owner,161831.09,BUSINESS,False,LOW,ACTIVE
NSB001743,Adam,Taylor,1952-06-30,18,14,Data Analyst,40682.84,INHERITANCE,False,LOW,ACTIVE
NSB001744,Jose,Nunez,1968-06-07,12,4,Student,32723.82,SAVINGS,False,MEDIUM,ACTIVE
NSB001745,Craig,Humphrey,1949-05-29,11,16,Accountant,38110.48,SALARY,False,LOW,ACTIVE
NSB001746,Lisa,Bell,1952-12-05,16,5,Sales Manager,99728.42,INVESTMENTS,False,MEDIUM,ACTIVE
NSB001747,Jade,Brown,1952-03-01,8,20,Marketing Manager,76551.98,INVESTMENTS,False,HIGH,ACTIVE
NSB001748,Robert,Bennett,2005-07-05,7,6,Doctor,155248.98,PENSION,False,MEDIUM,ACTIVE
NSB001749,Eric,King,1994-01-17,20,19,Doctor,182043.66,INHERITANCE,False,LOW,ACTIVE
NSB001750,Erica,Owen,1986-07-28,16,17,Consultant,68147.52,BUSINESS,False,LOW,ACTIVE
NSB001751,William,Morgan,1996-01-15,14,13,Financial Analyst,82456.02,PENSION,False,MEDIUM,DECEASED
NSB001752,Erin,Howard,1998-03-28,14,5,Business Owner,83475.02,SALARY,False,LOW,ACTIVE
NSB001753,Christy,Allen,1995-12-11,20,7,Accountant,58098.86,SALARY,False,LOW,ACTIVE
NSB001754,Jermaine,Rubio,2005-12-21,19,8,Sales Manager,120350.43,PENSION,False,MEDIUM,ACTIVE
NSB001755,Jeffrey,Pierce,1949-07-22,14,14,Consultant,57914.88,INVESTMENTS,False,LOW,ACTIVE
NSB001756,Jose,Webb,1957-03-27,11,15,Nurse,39124.81,PENSION,False,MEDIUM,ACTIVE
NSB001757,Patricia,Howell,1951-07-01,3,18,Financial Analyst,47222.0,INHERITANCE,False,LOW,ACTIVE
NSB001758,Christopher,Anderson,1958-07-30,14,11,Teacher,63768.04,SALARY,False,MEDIUM,ACTIVE
NSB001759,Suzanne,Hanna,1999-09-22,15,16,Business Owner,233043.14,BUSINESS,False,LOW,ACTIVE
NSB001760,Rachel,Fuller,1972-11-06,15,13,Financial Analyst,87778.56,SAVINGS,False,HIGH,INACTIVE
NSB001761,Margaret,Perkins,1991-02-17,13,7,Business Owner,160632.14,BUSINESS,False,LOW,ACTIVE
NSB001762,Donna,Stout,1957-07-27,14,11,Financial Analyst,63890.71,INHERITANCE,False,LOW,CLOSED
NSB001763,Ebony,Garza,1990-04-15,9,19,Software Engineer,49768.51,INHERITANCE,False,MEDIUM,ACTIVE
NSB001764,Laura,Perry,2006-02-20,11,2,Nurse,37642.96,SALARY,False,MEDIUM,ACTIVE
NSB001765,Jessica,Joyce,2002-10-26,8,13,Data Analyst,85987.6,SALARY,False,LOW,ACTIVE
NSB001766,Shelby,Norman,1967-02-27,13,11,Software Engineer,73385.18,PENSION,False,MEDIUM,ACTIVE
NSB001767,Jason,Wilcox,1961-04-21,16,4,Consultant,139093.74,BUSINESS,False,MEDIUM,ACTIVE
NSB001768,Kyle,Noble,1943-09-09,14,14,Data Analyst,77286.38,SAVINGS,False,LOW,ACTIVE
NSB001769,Suzanne,Pugh,1949-03-14,18,11,Business Owner,69847.69,PENSION,False,LOW,ACTIVE
NSB001770,Courtney,Nichols,1980-06-10,8,13,Accountant,43443.42,PENSION,False,MEDIUM,ACTIVE
NSB001771,Tammy,Flores,1974-07-25,14,19,Business Owner,121375.54,SALARY,False,HIGH,ACTIVE
NSB001772,Samantha,Black,1999-05-30,8,10,Business Owner,41702.32,INVESTMENTS,False,LOW,ACTIVE
NSB001773,Christine,Holland,1969-10-29,1,8,Marketing Manager,101841.09,INHERITANCE,False,LOW,ACTIVE
NSB001774,Sharon,Sellers,1967-12-21,7,2,Doctor,177912.53,SALARY,False,LOW,ACTIVE
NSB001775,Mary,Evans,1951-01-01,17,16,Accountant,81295.59,INVESTMENTS,False,LOW,ACTIVE
NSB001776,Eric,Wells,1959-04-19,2,13,Engineer,51986.58,PENSION,False,MEDIUM,ACTIVE
NSB001777,Ernest,Hardin,1981-01-30,10,16,Teacher,49232.26,INVESTMENTS,False,LOW,ACTIVE
NSB001778,Jamie,Allen,2003-07-20,2,7,Teacher,52375.19,SALARY,False,MEDIUM,ACTIVE
NSB001779,Paul,Mata,1950-10-24,5,14,Accountant,59434.02,PENSION,False,MEDIUM,ACTIVE
NSB001780,Andrew,Li,2000-10-11,4,3,Doctor,128177.13,PENSION,False,LOW,ACTIVE
NSB001781,William,Ferguson,1987-08-07,12,4,Marketing Manager,55395.02,PENSION,False,LOW,ACTIVE
NSB001782,Brittany,Smith,2001-05-07,6,15,Software Engineer,113353.92,SAVINGS,False,LOW,BLOCKED
NSB001783,Erin,Cook,1951-06-29,3,18,Architect,93989.3,PENSION,False,LOW,ACTIVE
NSB001784,Lindsay,Murphy,1957-03-01,8,17,Accountant,58981.29,INVESTMENTS,False,LOW,ACTIVE
NSB001785,Nicole,Watts,1974-01-25,8,16,Teacher,31723.59,BUSINESS,False,LOW,ACTIVE
NSB001786,Carrie,Cole,1983-06-24,4,14,Architect,91428.09,SALARY,False,LOW,ACTIVE
NSB001787,Sheila,Edwards,1951-08-11,9,13,Accountant,81264.69,INVESTMENTS,False,MEDIUM,ACTIVE
NSB001788,James,White,1998-02-25,9,18,Lawyer,102049.31,PENSION,False,LOW,ACTIVE
NSB001789,Dawn,Miller,1992-01-10,18,14,Accountant,43108.78,PENSION,False,LOW,ACTIVE
NSB001790,Jessica,Santiago,1950-01-11,9,14,Doctor,125310.45,BUSINESS,False,LOW,ACTIVE
NSB001791,John,Guzman,1985-01-11,12,11,Student,17902.0,SAVINGS,False,MEDIUM,ACTIVE
NSB001792,Allen,Martin,1990-11-12,16,18,Doctor,62888.48,PENSION,False,LOW,ACTIVE
NSB001793,Michelle,Martinez,1996-04-18,17,16,Nurse,42139.95,PENSION,False,MEDIUM,ACTIVE
NSB001794,Carl,Brown,1954-06-13,14,20,Data Analyst,61889.52,SALARY,False,LOW,INACTIVE
NSB001795,John,Chapman,1999-04-13,1,10,Teacher,58129.17,PENSION,False,LOW,ACTIVE
NSB001796,Brian,Ellis,1972-06-30,17,15,Financial Analyst,69742.91,INHERITANCE,False,MEDIUM,ACTIVE
NSB001797,Maria,Johns,1972-04-10,12,2,Marketing Manager,50356.09,SALARY,False,MEDIUM,ACTIVE
NSB001798,Richard,Banks,1957-11-22,10,17,Marketing Manager,110654.81,PENSION,False,LOW,ACTIVE
NSB001799,Mathew,Anthony,1942-06-30,15,13,Accountant,88640.79,SAVINGS,False,MEDIUM,ACTIVE
NSB001800,Denise,Riddle,1992-09-14,16,4,Data Analyst,89579.34,SAVINGS,False,LOW,ACTIVE
NSB001801,Sharon,Rhodes,1976-07-15,10,11,Software Engineer,72623.14,SAVINGS,False,MEDIUM,ACTIVE
NSB001802,Kimberly,Calderon,1966-05-21,2,1,Consultant,114113.48,PENSION,False,LOW,ACTIVE
NSB001803,Daniel,Evans,1979-03-27,14,10,Nurse,60870.83,SAVINGS,False,LOW,ACTIVE
NSB001804,Alison,Perez,1952-06-22,12,4,Accountant,52895.25,SAVINGS,False,MEDIUM,INACTIVE
NSB001805,Christine,Mitchell,1949-05-08,15,6,Software Engineer,71741.47,INVESTMENTS,False,LOW,ACTIVE
NSB001806,Gregory,Harris,1976-09-24,9,5,Lawyer,115707.47,INHERITANCE,False,MEDIUM,ACTIVE
NSB001807,William,Weaver,1956-11-08,10,12,Student,26790.95,INHERITANCE,False,LOW,ACTIVE
NSB001808,Rachel,Powell,1962-08-30,9,4,Financial Analyst,108409.78,INHERITANCE,False,MEDIUM,ACTIVE
NSB001809,Steven,Taylor,1971-08-14,19,2,Teacher,58065.78,SAVINGS,False,MEDIUM,ACTIVE
NSB001810,Jessica,Barber,1979-10-19,20,12,Consultant,56517.35,PENSION,False,LOW,ACTIVE
NSB001811,Shirley,Meyer,1948-02-12,4,10,Teacher,38193.16,INHERITANCE,False,LOW,ACTIVE
NSB001812,Robin,Williams,1944-09-22,19,6,Financial Analyst,63819.47,BUSINESS,False,MEDIUM,ACTIVE
NSB001813,Kimberly,Park,1974-01-22,5,5,Lawyer,71787.02,BUSINESS,False,MEDIUM,ACTIVE
NSB001814,William,Rosario,1989-01-23,5,6,Architect,40671.77,INHERITANCE,False,LOW,ACTIVE
NSB001815,Marvin,Pierce,2001-08-12,16,13,Nurse,61462.34,SALARY,False,MEDIUM,ACTIVE
NSB001816,Alexandria,Peters,1961-07-13,17,20,Doctor,190112.8,INVESTMENTS,False,HIGH,ACTIVE
NSB001817,Donald,Smith,2005-04-20,12,9,Software Engineer,63118.47,BUSINESS,False,LOW,ACTIVE
NSB001818,Erin,Rush,1958-10-22,6,18,Data Analyst,59300.81,INHERITANCE,False,HIGH,ACTIVE
NSB001819,Jillian,Rose,2001-08-18,4,7,Lawyer,60364.29,INHERITANCE,False,HIGH,ACTIVE
NSB001820,Robert,Holden,1990-07-24,10,19,Architect,55619.12,BUSINESS,False,LOW,ACTIVE
NSB001821,Paul,Hall,1954-09-10,20,3,Architect,60505.6,INHERITANCE,False,MEDIUM,ACTIVE
NSB001822,Chelsea,Garcia,1999-09-04,20,1,Business Owner,264231.07,INHERITANCE,False,LOW,ACTIVE
NSB001823,Elizabeth,Walsh,1979-03-08,8,18,Student,6035.56,SAVINGS,False,LOW,ACTIVE
NSB001824,Laura,Bruce,1998-04-09,3,14,Business Owner,34523.97,SAVINGS,False,LOW,ACTIVE
NSB001825,Willie,Newton,1949-05-25,5,4,Sales Manager,44750.15,SALARY,False,LOW,ACTIVE
NSB001826,Julie,Campbell,1966-03-03,16,10,Marketing Manager,114192.44,SALARY,False,MEDIUM,ACTIVE
NSB001827,Mallory,Castaneda,2005-06-10,9,12,Accountant,36729.15,SAVINGS,False,MEDIUM,ACTIVE
NSB001828,Carl,Sharp,1979-04-06,19,12,Business Owner,106912.08,INVESTMENTS,False,MEDIUM,ACTIVE
NSB001829,Michelle,May,1993-09-29,1,8,Architect,40554.82,INVESTMENTS,False,MEDIUM,ACTIVE
NSB001830,Brandy,Williams,1986-10-21,9,11,Architect,66111.96,PENSION,False,MEDIUM,ACTIVE
NSB001831,Penny,Whitaker,1970-06-07,7,10,Architect,58459.06,INHERITANCE,False,LOW,ACTIVE
NSB001832,Jenny,Johns,1943-01-08,2,18,Lawyer,172238.17,SAVINGS,False,LOW,ACTIVE
NSB001833,Leslie,Ryan,1943-10-05,10,13,Sales Manager,60878.75,INVESTMENTS,False,LOW,ACTIVE
NSB001834,Jeffrey,Villarreal,1968-03-08,14,13,Sales Manager,86455.96,SAVINGS,False,HIGH,INACTIVE
NSB001835,Erica,Russo,1946-11-02,15,16,Accountant,68423.09,BUSINESS,False,LOW,ACTIVE
NSB001836,Olivia,Kim,1994-02-04,6,5,Data Analyst,45686.35,BUSINESS,False,MEDIUM,DECEASED
NSB001837,Shirley,Lin,1952-09-20,12,13,Doctor,155616.8,SALARY,False,MEDIUM,ACTIVE
NSB001838,Paul,Russell,1982-03-28,15,16,Business Owner,226177.7,BUSINESS,False,MEDIUM,ACTIVE
NSB001839,Anna,Harris,1963-03-16,2,13,Marketing Manager,55740.12,INHERITANCE,False,LOW,ACTIVE
NSB001840,Logan,Hayden,1967-02-16,18,19,Nurse,50326.21,BUSINESS,False,MEDIUM,ACTIVE
NSB001841,Robert,Adams,1961-07-03,9,8,Doctor,194053.77,PENSION,False,MEDIUM,ACTIVE
NSB001842,Joshua,Reid,1955-12-04,8,19,Architect,45286.08,PENSION,False,LOW,ACTIVE
NSB001843,Amy,Salazar,1985-03-09,15,13,Financial Analyst,100543.15,INHERITANCE,False,LOW,ACTIVE
NSB001844,Nicholas,Anderson,1989-04-24,16,17,Doctor,169321.17,PENSION,False,MEDIUM,ACTIVE
NSB001845,Brian,Clark,1973-05-23,10,8,Business Owner,190663.8,INHERITANCE,False,LOW,ACTIVE
NSB001846,Frank,Garcia,1953-06-15,11,7,Nurse,46770.39,SAVINGS,False,LOW,ACTIVE
NSB001847,Carolyn,Bradley,1956-10-18,3,9,Nurse,65814.07,SALARY,False,LOW,ACTIVE
NSB001848,Jesus,Sutton,1965-06-03,14,19,Student,13700.49,SALARY,False,MEDIUM,ACTIVE
NSB001849,Cheryl,Terry,1966-10-08,12,10,Doctor,117350.83,INVESTMENTS,False,LOW,CLOSED
NSB001850,Leah,Klein,1989-10-03,2,5,Accountant,59170.97,SAVINGS,False,LOW,ACTIVE
NSB001851,Rachael,Stewart,1996-02-16,7,15,Doctor,196552.38,INVESTMENTS,False,HIGH,ACTIVE
NSB001852,John,Lewis,1965-06-14,11,18,Nurse,59027.96,SAVINGS,False,LOW,ACTIVE
NSB001853,Michael,Perkins,1963-03-31,3,16,Data Analyst,90753.91,INVESTMENTS,False,LOW,ACTIVE
NSB001854,Janet,Henry,1968-07-08,12,6,Student,5949.32,SALARY,False,MEDIUM,CLOSED
NSB001855,Kathy,Miller,1951-07-28,6,13,Financial Analyst,91509.39,SAVINGS,False,HIGH,ACTIVE
NSB001856,Matthew,Barker,1965-02-12,10,1,Nurse,34518.98,PENSION,False,MEDIUM,ACTIVE
NSB001857,Emily,Dennis,1998-10-31,6,10,Teacher,58191.69,INHERITANCE,False,LOW,ACTIVE
NSB001858,Hannah,Key,1988-09-22,12,18,Sales Manager,84819.18,PENSION,False,LOW,ACTIVE
NSB001859,Amber,Jones,1943-08-27,1,14,Student,16009.72,SAVINGS,False,LOW,ACTIVE
NSB001860,Edwin,Miller,2001-11-17,20,19,Student,18141.78,BUSINESS,False,MEDIUM,ACTIVE
NSB001861,Susan,Williams,1993-06-26,2,2,Teacher,45016.63,PENSION,False,LOW,ACTIVE
NSB001862,Rebecca,Blake,1973-03-10,6,1,Student,27481.89,SAVINGS,False,HIGH,ACTIVE
NSB001863,James,Flores,1993-06-03,9,12,Doctor,99760.5,PENSION,False,LOW,ACTIVE
NSB001864,John,Weaver,1968-06-02,7,18,Student,9225.85,BUSINESS,False,LOW,ACTIVE
NSB001865,Sarah,Johnson,1968-01-12,14,14,Doctor,167611.02,SALARY,False,LOW,ACTIVE
NSB001866,Jennifer,Mendoza,1983-01-17,9,4,Consultant,140157.47,BUSINESS,False,LOW,ACTIVE
NSB001867,Jessica,Fernandez,1968-09-26,18,9,Doctor,245212.66,INHERITANCE,False,MEDIUM,ACTIVE
NSB001868,Sophia,Ramirez,2004-10-10,17,14,Financial Analyst,68496.41,SALARY,False,MEDIUM,ACTIVE
NSB001869,Matthew,Jackson,1963-09-13,5,9,Engineer,56066.92,SAVINGS,False,LOW,ACTIVE
NSB001870,Kathy,Miranda,1984-03-05,16,7,Financial Analyst,51208.26,BUSINESS,False,LOW,ACTIVE
NSB001871,Nicholas,Thomas,1961-12-10,16,8,Software Engineer,68915.99,BUSINESS,False,LOW,ACTIVE
NSB001872,Matthew,Butler,1943-02-12,5,6,Engineer,98079.88,SALARY,False,MEDIUM,ACTIVE
NSB001873,Michael,Simon,1943-05-20,12,14,Architect,61402.93,INHERITANCE,False,LOW,ACTIVE
NSB001874,Colleen,Soto,1950-01-22,16,12,Sales Manager,83821.76,INHERITANCE,False,MEDIUM,ACTIVE
NSB001875,Danielle,Mack,1956-04-26,16,20,Consultant,106254.42,PENSION,False,LOW,ACTIVE
NSB001876,Katherine,Houston,1944-07-02,11,1,Business Owner,238326.71,INHERITANCE,False,MEDIUM,BLOCKED
NSB001877,Megan,Riley,1992-12-30,8,19,Architect,88539.48,PENSION,False,MEDIUM,ACTIVE
NSB001878,Kelly,Miller,1972-05-13,10,6,Accountant,78089.11,PENSION,False,MEDIUM,CLOSED
NSB001879,Diana,Caldwell,1944-06-29,15,12,Doctor,85654.17,PENSION,False,MEDIUM,ACTIVE
NSB001880,Meredith,Wong,2005-03-03,12,6,Student,11808.11,INVESTMENTS,False,LOW,ACTIVE
NSB001881,David,Morales,1982-08-13,12,13,Lawyer,90527.25,SALARY,False,MEDIUM,ACTIVE
NSB001882,Matthew,Gonzalez,1979-01-11,2,3,Architect,43493.75,SAVINGS,False,MEDIUM,ACTIVE
NSB001883,Patricia,Beasley,2002-08-12,12,14,Teacher,52685.74,INVESTMENTS,False,LOW,ACTIVE
NSB001884,Ruben,Rush,1941-07-26,11,15,Accountant,61972.47,SAVINGS,False,MEDIUM,ACTIVE
NSB001885,Kelsey,Perry,1964-01-05,19,8,Data Analyst,63254.88,INVESTMENTS,False,MEDIUM,ACTIVE
NSB001886,Maria,Davenport,1973-08-20,4,15,Doctor,144646.68,INVESTMENTS,False,LOW,ACTIVE
NSB001887,Timothy,Flores,1955-02-05,20,20,Sales Manager,64888.81,PENSION,False,MEDIUM,ACTIVE
NSB001888,Stacey,Rodriguez,2004-10-17,17,12,Software Engineer,53210.65,SAVINGS,False,MEDIUM,CLOSED
NSB001889,James,Bautista,1947-11-08,7,16,Marketing Manager,105189.01,PENSION,False,LOW,ACTIVE
NSB001890,Rebecca,Williams,1975-03-22,4,15,Consultant,53803.0,BUSINESS,False,MEDIUM,ACTIVE
NSB001891,Timothy,Rose,2003-02-14,8,5,Sales Manager,82898.48,SALARY,False,LOW,ACTIVE
NSB001892,Brian,Williams,1949-05-19,16,15,Marketing Manager,114657.79,PENSION,False,LOW,ACTIVE
NSB001893,Jeffery,Guzman,1971-06-16,11,11,Student,13332.24,SALARY,False,MEDIUM,ACTIVE
NSB001894,Lauren,Molina,1979-07-09,9,3,Data Analyst,95611.15,SALARY,False,LOW,ACTIVE
NSB001895,Robin,Williams,1974-09-20,7,3,Software Engineer,61105.25,SALARY,False,LOW,ACTIVE
NSB001896,Lori,Schultz,1955-09-23,20,15,Software Engineer,53740.03,BUSINESS,False,MEDIUM,ACTIVE
NSB001897,Wayne,Nelson,1986-08-30,8,8,Engineer,109185.9,BUSINESS,False,HIGH,ACTIVE
NSB001898,Courtney,Williams,1946-12-06,5,14,Marketing Manager,60610.12,INVESTMENTS,False,MEDIUM,ACTIVE
NSB001899,Kelsey,White,1968-02-02,5,20,Nurse,31594.59,SAVINGS,False,LOW,ACTIVE
NSB001900,Christopher,Dodson,1966-01-30,10,11,Accountant,76968.94,INHERITANCE,False,LOW,ACTIVE
NSB001901,Laura,Dunn,1968-11-13,16,13,Data Analyst,67546.63,INHERITANCE,False,LOW,ACTIVE
NSB001902,Julia,Adams,2003-04-27,1,9,Data Analyst,83834.17,SALARY,False,LOW,ACTIVE
NSB001903,Barbara,Combs,1942-02-14,5,2,Teacher,48776.05,INHERITANCE,False,LOW,ACTIVE
NSB001904,Emily,Dixon,1990-06-18,15,13,Teacher,45383.23,SAVINGS,False,CRITICAL,ACTIVE
NSB001905,Gina,Mason,1941-05-11,3,8,Financial Analyst,63954.13,BUSINESS,False,LOW,ACTIVE
NSB001906,Jennifer,Boyd,1979-05-27,3,13,Teacher,68523.07,INVESTMENTS,False,LOW,ACTIVE
NSB001907,Donald,Sanders,1948-11-28,9,5,Architect,56437.97,SALARY,False,LOW,ACTIVE
NSB001908,Frank,Leon,1981-02-06,7,18,Engineer,68968.8,INVESTMENTS,False,MEDIUM,ACTIVE
NSB001909,Stephanie,Green,1964-12-11,20,3,Marketing Manager,70044.12,SALARY,False,LOW,CLOSED
NSB001910,Jasmine,Dunn,1961-02-14,10,9,Teacher,59899.78,INHERITANCE,False,MEDIUM,ACTIVE
NSB001911,Ryan,Roy,1947-12-10,6,14,Consultant,133294.64,INVESTMENTS,False,LOW,ACTIVE
NSB001912,Kari,Baxter,2000-03-25,9,6,Marketing Manager,75867.15,INVESTMENTS,False,MEDIUM,ACTIVE
NSB001913,Michael,Aguilar,1955-10-17,18,9,Architect,40201.93,BUSINESS,False,MEDIUM,ACTIVE
NSB001914,Amy,Miller,2004-03-03,1,8,Architect,66347.22,BUSINESS,False,LOW,INACTIVE
NSB001915,Brett,Matthews,2006-03-09,1,2,Engineer,79616.08,BUSINESS,False,LOW,ACTIVE
NSB001916,Gregory,Rodgers,1991-09-08,1,15,Doctor,204300.99,INVESTMENTS,False,LOW,ACTIVE
NSB001917,Alex,Holmes,1998-03-22,8,13,Consultant,133042.84,SAVINGS,False,MEDIUM,ACTIVE
NSB001918,Amy,Jackson,1962-09-24,5,20,Doctor,178407.01,INVESTMENTS,False,LOW,ACTIVE
NSB001919,Deborah,Hill,1958-01-01,10,17,Marketing Manager,76142.25,SAVINGS,False,LOW,ACTIVE
NSB001920,Sharon,Chapman,2001-07-17,3,6,Lawyer,144804.97,INVESTMENTS,False,LOW,ACTIVE
NSB001921,Jeffrey,Taylor,1957-03-27,18,12,Teacher,32117.49,SALARY,False,LOW,ACTIVE
NSB001922,Christina,Blackwell,1957-03-13,17,2,Engineer,57844.77,SAVINGS,False,LOW,ACTIVE
NSB001923,Julie,Morris,1947-02-22,8,14,Lawyer,172625.06,SALARY,False,LOW,ACTIVE
NSB001924,Nathaniel,Thomas,1974-10-24,17,4,Marketing Manager,48149.36,INVESTMENTS,False,LOW,INACTIVE
NSB001925,Rhonda,Carroll,1956-03-07,20,13,Student,10365.08,SALARY,False,MEDIUM,INACTIVE
NSB001926,John,Howell,1997-10-07,15,18,Teacher,37380.48,INVESTMENTS,False,LOW,ACTIVE
NSB001927,Brittany,Nunez,1941-11-09,14,17,Doctor,163589.0,INVESTMENTS,False,LOW,ACTIVE
NSB001928,John,Henderson,1952-09-09,1,11,Doctor,202034.6,INHERITANCE,False,MEDIUM,ACTIVE
NSB001929,Dale,Lopez,1996-03-25,11,12,Teacher,42587.03,SAVINGS,False,LOW,CLOSED
NSB001930,Susan,Baldwin,1995-01-11,5,8,Student,26783.07,SAVINGS,False,LOW,ACTIVE
NSB001931,Lawrence,Choi,1982-09-15,6,4,Data Analyst,93950.39,INHERITANCE,False,LOW,ACTIVE
NSB001932,Allison,Chang,1976-12-30,12,10,Architect,69493.51,PENSION,False,LOW,ACTIVE
NSB001933,Nicholas,Lyons,2005-03-06,10,1,Accountant,65293.16,INVESTMENTS,False,MEDIUM,ACTIVE
NSB001934,David,Hurst,1954-02-20,4,11,Data Analyst,47694.39,BUSINESS,False,LOW,ACTIVE
NSB001935,Heather,Payne,1957-11-08,20,10,Sales Manager,86567.45,SALARY,True,MEDIUM,ACTIVE
NSB001936,William,Fox,1988-11-10,5,6,Teacher,39168.7,PENSION,False,MEDIUM,ACTIVE
NSB001937,Phillip,Mitchell,2001-05-15,17,15,Data Analyst,60819.56,INVESTMENTS,False,MEDIUM,ACTIVE
NSB001938,Elizabeth,Castillo,1972-04-11,4,15,Data Analyst,99544.22,PENSION,False,LOW,ACTIVE
NSB001939,Robert,Brooks,1958-04-23,7,14,Business Owner,275484.61,BUSINESS,False,LOW,ACTIVE
NSB001940,Stephen,Parker,2001-10-27,13,17,Business Owner,194761.54,INVESTMENTS,False,LOW,INACTIVE
NSB001941,Mike,Foley,1998-01-15,1,17,Student,27446.6,PENSION,False,LOW,ACTIVE
NSB001942,Stephanie,Wells,1952-06-27,9,7,Consultant,87180.57,PENSION,False,LOW,ACTIVE
NSB001943,Stephen,Morris,1991-09-17,14,7,Sales Manager,84054.95,INVESTMENTS,False,MEDIUM,ACTIVE
NSB001944,Robert,Avery,1977-10-22,14,11,Engineer,46068.24,INHERITANCE,False,LOW,ACTIVE
NSB001945,Samantha,Carney,1973-10-29,5,1,Student,21463.25,BUSINESS,False,LOW,ACTIVE
NSB001946,Matthew,Fuentes,1992-07-04,15,6,Student,13460.08,INHERITANCE,False,MEDIUM,ACTIVE
NSB001947,Taylor,Jones,1955-02-16,8,15,Financial Analyst,62163.24,SALARY,False,MEDIUM,ACTIVE
NSB001948,Stuart,Robinson,1946-09-24,20,6,Financial Analyst,99860.37,PENSION,False,MEDIUM,ACTIVE
NSB001949,Charles,Mccarthy,1942-06-01,18,14,Accountant,56374.85,INHERITANCE,False,MEDIUM,ACTIVE
NSB001950,Amanda,Berger,1977-06-20,19,12,Data Analyst,62621.63,BUSINESS,False,MEDIUM,ACTIVE
NSB001951,Megan,Jones,1955-08-27,20,13,Sales Manager,84248.05,INHERITANCE,False,MEDIUM,ACTIVE
NSB001952,Jennifer,Gutierrez,1964-09-28,18,1,Lawyer,94492.49,INVESTMENTS,False,MEDIUM,ACTIVE
NSB001953,Adrian,Dean,1984-10-09,19,15,Lawyer,154218.31,SALARY,False,MEDIUM,ACTIVE
NSB001954,Stephanie,Byrd,1947-03-15,7,3,Business Owner,183385.87,INHERITANCE,False,MEDIUM,ACTIVE
NSB001955,Samantha,Saunders,1985-06-03,10,7,Engineer,116280.42,INVESTMENTS,False,MEDIUM,ACTIVE
NSB001956,Elizabeth,Hayden,1963-12-15,12,1,Engineer,46230.23,PENSION,False,CRITICAL,ACTIVE
NSB001957,Stephanie,Spencer,1958-09-19,16,6,Software Engineer,54691.46,PENSION,False,MEDIUM,BLOCKED
NSB001958,Kyle,Christensen,1972-01-16,3,8,Financial Analyst,52389.16,INVESTMENTS,False,HIGH,ACTIVE
NSB001959,Heather,Munoz,1965-07-15,6,11,Marketing Manager,61411.73,PENSION,False,MEDIUM,ACTIVE
NSB001960,April,Anderson,1977-09-13,20,2,Software Engineer,70977.28,INVESTMENTS,False,LOW,ACTIVE
NSB001961,Kevin,Collins,1966-01-18,19,9,Sales Manager,93415.21,BUSINESS,False,LOW,ACTIVE
NSB001962,Deborah,Cantu,2004-04-26,6,6,Financial Analyst,86018.66,SAVINGS,False,LOW,ACTIVE
NSB001963,Mary,Cox,2001-03-10,12,10,Financial Analyst,65759.96,INVESTMENTS,False,HIGH,ACTIVE
NSB001964,Matthew,Humphrey,1970-07-16,13,19,Sales Manager,91312.02,PENSION,False,MEDIUM,ACTIVE
NSB001965,Angela,Gonzalez,1970-12-19,1,18,Nurse,30180.5,INVESTMENTS,False,LOW,ACTIVE
NSB001966,Steven,Wright,1946-06-14,6,14,Student,24061.14,SAVINGS,False,MEDIUM,ACTIVE
NSB001967,Kimberly,Brown,1995-04-22,20,17,Business Owner,74290.7,BUSINESS,False,LOW,ACTIVE
NSB001968,Christopher,Hood,1946-04-25,8,15,Accountant,35726.44,BUSINESS,False,MEDIUM,ACTIVE
NSB001969,Joshua,Taylor,1957-03-23,14,13,Financial Analyst,66305.38,INHERITANCE,False,HIGH,ACTIVE
NSB001970,Brittney,Hancock,2005-12-04,12,1,Software Engineer,47354.28,BUSINESS,False,MEDIUM,BLOCKED
NSB001971,Andrea,Kidd,1943-07-24,20,3,Nurse,60050.19,PENSION,False,LOW,ACTIVE
NSB001972,Olivia,Harris,2002-12-19,4,15,Student,8711.87,BUSINESS,False,MEDIUM,ACTIVE
NSB001973,Aaron,Espinoza,1994-12-20,12,11,Nurse,62814.16,INHERITANCE,False,LOW,INACTIVE
NSB001974,Destiny,Baird,1940-10-19,11,7,Financial Analyst,112219.01,INHERITANCE,False,LOW,ACTIVE
NSB001975,Kayla,Guerra,1966-10-03,14,19,Sales Manager,90040.79,SAVINGS,False,LOW,ACTIVE
NSB001976,Joshua,Norris,1969-02-14,15,4,Business Owner,106261.35,BUSINESS,False,LOW,ACTIVE
NSB001977,Jill,Long,1993-04-07,16,14,Consultant,105136.37,INHERITANCE,False,LOW,ACTIVE
NSB001978,Nicole,Baker,1963-04-06,1,3,Marketing Manager,88812.73,INHERITANCE,True,HIGH,ACTIVE
NSB001979,Eugene,Liu,1995-03-07,3,3,Consultant,145981.58,PENSION,False,LOW,ACTIVE
NSB001980,Ariana,Flores,1982-03-20,17,20,Lawyer,71609.56,SAVINGS,False,MEDIUM,ACTIVE
NSB001981,Vanessa,Hunt,1972-11-23,9,10,Data Analyst,54986.77,INHERITANCE,False,LOW,ACTIVE
NSB001982,Ronald,Walker,1990-11-20,14,18,Nurse,67284.4,SALARY,False,MEDIUM,ACTIVE
NSB001983,Lisa,Jackson,1949-12-04,9,14,Accountant,69910.69,BUSINESS,False,MEDIUM,ACTIVE
NSB001984,Richard,Russell,1964-03-18,18,9,Teacher,65568.36,INVESTMENTS,False,MEDIUM,CLOSED
NSB001985,Jenny,Gross,1997-11-01,3,3,Teacher,39558.17,INVESTMENTS,False,HIGH,ACTIVE
NSB001986,Adam,Smith,1950-12-19,2,15,Lawyer,113608.95,SALARY,False,LOW,ACTIVE
NSB001987,Francisco,Jones,1950-10-12,7,5,Software Engineer,56941.75,BUSINESS,False,MEDIUM,INACTIVE
NSB001988,Melissa,Gross,1983-09-28,4,10,Sales Manager,75346.84,SALARY,False,MEDIUM,ACTIVE
NSB001989,Tammy,Gilbert,2004-03-05,3,1,Teacher,38763.96,INHERITANCE,False,LOW,ACTIVE
NSB001990,Brian,West,1940-10-19,17,12,Financial Analyst,47001.98,SAVINGS,False,LOW,ACTIVE
NSB001991,Jennifer,Craig,1972-03-27,18,15,Accountant,85201.48,SAVINGS,False,MEDIUM,ACTIVE
NSB001992,Andrew,Turner,1957-05-25,15,10,Sales Manager,82008.39,INVESTMENTS,False,MEDIUM,CLOSED
NSB001993,Jason,Zamora,1963-10-13,4,11,Data Analyst,83688.5,INVESTMENTS,False,LOW,ACTIVE
NSB001994,Jason,Adams,1964-07-13,13,1,Lawyer,108599.94,SALARY,False,MEDIUM,INACTIVE
NSB001995,Lisa,Torres,1981-03-24,4,6,Teacher,52138.9,INVESTMENTS,False,MEDIUM,ACTIVE
NSB001996,Wendy,Schroeder,1995-07-16,1,3,Doctor,152142.27,SAVINGS,False,LOW,ACTIVE
NSB001997,Dale,Hodges,1956-02-23,5,18,Nurse,65763.33,PENSION,False,MEDIUM,ACTIVE
NSB001998,Ricky,King,1952-05-31,20,3,Doctor,225092.23,SAVINGS,False,MEDIUM,ACTIVE
NSB001999,Shelby,Jones,1949-06-06,18,3,Teacher,30062.78,SAVINGS,False,MEDIUM,ACTIVE
NSB002000,Jason,Powell,1945-01-27,10,17,Nurse,64116.53,INHERITANCE,False,MEDIUM,ACTIVE
NSB002001,Angela,Wright,1954-03-03,19,1,Data Analyst,78052.31,BUSINESS,False,LOW,ACTIVE
NSB002002,Christopher,Chavez,1958-10-05,4,2,Lawyer,83780.11,SALARY,False,LOW,ACTIVE
NSB002003,Diane,Ramos,1942-08-14,4,18,Student,10225.07,PENSION,False,LOW,ACTIVE
NSB002004,Deborah,Parks,1954-06-29,13,5,Accountant,85848.67,INHERITANCE,False,MEDIUM,ACTIVE
NSB002005,Marissa,Rasmussen,1987-10-19,3,1,Data Analyst,98653.94,INHERITANCE,False,MEDIUM,ACTIVE
NSB002006,Michael,Russell,1981-10-25,1,7,Nurse,53790.06,PENSION,False,MEDIUM,ACTIVE
NSB002007,Patrick,Hanson,1996-03-15,4,1,Teacher,40484.32,INHERITANCE,False,LOW,ACTIVE
NSB002008,Tiffany,Chavez,1983-05-17,16,14,Software Engineer,105788.99,INVESTMENTS,False,LOW,ACTIVE
NSB002009,Barbara,Krueger,1978-03-13,16,20,Accountant,42279.75,PENSION,False,MEDIUM,ACTIVE
NSB002010,Christopher,Thompson,1997-06-26,5,2,Architect,68308.39,SAVINGS,False,LOW,ACTIVE
NSB002011,Chelsea,Lopez,1992-04-16,16,11,Architect,79130.26,SAVINGS,False,LOW,ACTIVE
NSB002012,Elaine,Ford,1955-11-14,12,6,Doctor,67628.59,BUSINESS,False,LOW,ACTIVE
NSB002013,Bobby,Wilson,1966-11-21,9,8,Doctor,73383.05,SAVINGS,False,LOW,ACTIVE
NSB002014,Molly,Johnson,1971-07-10,16,1,Consultant,100487.64,SAVINGS,False,LOW,ACTIVE
NSB002015,Jeffrey,Romero,1966-02-23,7,18,Lawyer,78561.41,PENSION,False,CRITICAL,ACTIVE
NSB002016,Joseph,Carr,1994-02-06,12,12,Teacher,50292.2,SAVINGS,False,LOW,ACTIVE
NSB002017,Charles,Jacobs,1959-12-13,8,1,Accountant,85885.76,INVESTMENTS,False,MEDIUM,ACTIVE
NSB002018,Jack,Schmidt,1984-05-21,18,6,Software Engineer,68105.93,INVESTMENTS,False,HIGH,ACTIVE
NSB002019,Valerie,Harris,1976-08-25,5,14,Software Engineer,109051.84,SALARY,False,LOW,ACTIVE
NSB002020,Juan,Gibson,2001-10-23,12,8,Architect,73993.88,BUSINESS,False,MEDIUM,ACTIVE
NSB002021,Rachel,Mullins,1962-06-15,3,2,Marketing Manager,59824.89,INVESTMENTS,False,LOW,ACTIVE
NSB002022,Douglas,Matthews,1957-03-24,12,12,Consultant,117984.34,INVESTMENTS,False,MEDIUM,ACTIVE
NSB002023,Jasmin,Obrien,1960-01-15,7,4,Teacher,52207.93,SALARY,False,LOW,ACTIVE
NSB002024,Janet,Miller,1989-10-18,5,20,Financial Analyst,103518.8,PENSION,False,LOW,INACTIVE
NSB002025,Nicole,Thompson,1962-05-25,19,10,Doctor,171931.44,BUSINESS,False,LOW,ACTIVE
NSB002026,Scott,Swanson,1979-11-09,2,4,Student,30016.02,SALARY,False,MEDIUM,ACTIVE
NSB002027,Jesus,Brooks,1965-07-01,9,5,Nurse,69279.27,SALARY,False,MEDIUM,ACTIVE
NSB002028,Michael,Ayers,1977-06-23,20,19,Teacher,30533.19,INHERITANCE,False,LOW,ACTIVE
NSB002029,Cynthia,Crawford,1950-07-17,4,3,Nurse,59236.89,INHERITANCE,False,LOW,ACTIVE
NSB002030,Christopher,Benitez,1992-05-16,20,9,Doctor,236394.29,SALARY,False,LOW,ACTIVE
NSB002031,Melissa,Anthony,1973-03-02,3,16,Software Engineer,107679.99,INHERITANCE,False,LOW,ACTIVE
NSB002032,Nicole,Key,1991-06-11,18,19,Accountant,36533.27,PENSION,False,LOW,ACTIVE
NSB002033,Andrew,Wilson,1958-11-16,13,1,Architect,59922.12,PENSION,False,MEDIUM,ACTIVE
NSB002034,Nicole,Harris,1967-03-11,17,3,Sales Manager,104464.92,INVESTMENTS,False,LOW,ACTIVE
NSB002035,Edward,Conley,1972-09-05,16,3,Accountant,62218.46,INHERITANCE,False,MEDIUM,ACTIVE
NSB002036,Michael,Gardner,1980-07-23,2,1,Data Analyst,93329.76,INHERITANCE,False,LOW,ACTIVE
NSB002037,Pamela,Foster,1979-10-08,13,1,Architect,55623.9,BUSINESS,False,LOW,ACTIVE
NSB002038,Stacy,Luna,1945-01-22,20,5,Doctor,226674.28,INVESTMENTS,False,LOW,ACTIVE
NSB002039,Jeffrey,Maxwell,1940-09-20,11,2,Marketing Manager,47965.22,INHERITANCE,False,HIGH,ACTIVE
NSB002040,Tracy,Carroll,1967-05-11,11,20,Student,27118.08,SALARY,False,LOW,ACTIVE
NSB002041,Kimberly,Schmitt,2004-05-24,5,10,Nurse,63908.99,BUSINESS,False,LOW,ACTIVE
NSB002042,Alexander,Howard,1988-06-14,12,18,Nurse,55189.74,BUSINESS,False,LOW,ACTIVE
NSB002043,Tiffany,Singh,1943-06-02,8,3,Marketing Manager,59124.49,SALARY,False,MEDIUM,ACTIVE
NSB002044,Edward,Scott,1942-05-24,6,5,Software Engineer,99472.83,SAVINGS,False,MEDIUM,ACTIVE
NSB002045,Erin,Becker,1997-01-21,11,18,Sales Manager,107565.2,INHERITANCE,False,LOW,ACTIVE
NSB002046,Connor,Edwards,1967-01-08,5,13,Engineer,114375.18,INVESTMENTS,False,LOW,ACTIVE
NSB002047,Jessica,Harris,2004-06-16,19,4,Teacher,55760.95,SAVINGS,False,LOW,ACTIVE
NSB002048,Daniel,Hill,1969-01-23,11,1,Teacher,40435.7,INVESTMENTS,False,MEDIUM,ACTIVE
NSB002049,Adam,Kelley,1977-01-19,19,12,Engineer,77660.11,SALARY,False,MEDIUM,INACTIVE
NSB002050,James,Hall,1999-09-03,17,12,Student,17699.04,INHERITANCE,False,MEDIUM,ACTIVE
NSB002051,Jesse,Hayes,1993-08-11,2,14,Sales Manager,48576.88,INHERITANCE,False,LOW,ACTIVE
NSB002052,Max,Campbell,1992-10-21,11,12,Sales Manager,123699.92,INHERITANCE,False,LOW,ACTIVE
NSB002053,Judy,Hubbard,1994-12-26,10,1,Architect,86855.43,PENSION,False,LOW,ACTIVE
NSB002054,Stephanie,Holder,1957-02-20,1,7,Consultant,47952.72,SALARY,False,MEDIUM,ACTIVE
NSB002055,Ronald,Dawson,1956-09-25,20,18,Engineer,93391.75,BUSINESS,False,LOW,ACTIVE
NSB002056,Nicole,Moreno,1996-05-14,8,4,Sales Manager,123260.62,BUSINESS,False,MEDIUM,ACTIVE
NSB002057,Jeremy,Carroll,1966-12-19,3,4,Software Engineer,58968.64,SALARY,False,MEDIUM,ACTIVE
NSB002058,Jill,Colon,1961-09-14,2,18,Lawyer,78270.32,PENSION,False,LOW,ACTIVE
NSB002059,Meghan,Hogan,2003-05-14,18,4,Software Engineer,77592.4,BUSINESS,False,LOW,CLOSED
NSB002060,Sylvia,Clayton,1948-12-10,7,5,Data Analyst,53593.61,INHERITANCE,False,LOW,ACTIVE
NSB002061,Lori,Gibson,1964-04-23,16,16,Doctor,204757.71,SALARY,False,HIGH,ACTIVE
NSB002062,Makayla,Christensen,1963-02-20,17,7,Consultant,87305.14,PENSION,False,MEDIUM,INACTIVE
NSB002063,Kristina,Davis,1948-07-08,12,16,Sales Manager,112629.62,SAVINGS,False,LOW,ACTIVE
NSB002064,Gregory,Fitzgerald,1997-02-08,10,12,Lawyer,100506.02,INHERITANCE,False,MEDIUM,ACTIVE
NSB002065,George,Phillips,1967-05-04,9,13,Consultant,90536.95,BUSINESS,False,MEDIUM,ACTIVE
NSB002066,Michele,Woodward,1988-04-11,15,3,Sales Manager,110416.29,SALARY,False,LOW,ACTIVE
NSB002067,Heather,Phillips,1940-10-03,18,18,Doctor,246323.05,SALARY,False,MEDIUM,ACTIVE
NSB002068,Kyle,Williams,1992-08-04,3,6,Marketing Manager,113292.47,BUSINESS,False,LOW,ACTIVE
NSB002069,John,Torres,1981-10-25,20,4,Engineer,87648.45,PENSION,False,MEDIUM,ACTIVE
NSB002070,Thomas,Kane,1991-04-23,7,5,Marketing Manager,111061.64,SAVINGS,False,LOW,ACTIVE
NSB002071,Molly,Woodard,1977-03-17,20,13,Consultant,105724.45,SAVINGS,False,LOW,ACTIVE
NSB002072,James,Jensen,1948-11-04,20,9,Teacher,49717.46,PENSION,False,LOW,ACTIVE
NSB002073,Angela,Higgins,1991-02-25,7,4,Student,8983.31,INVESTMENTS,False,MEDIUM,ACTIVE
NSB002074,Christopher,Ramirez,1990-09-20,6,14,Architect,51996.09,INHERITANCE,False,LOW,INACTIVE
NSB002075,Jerry,Martinez,1952-02-26,11,15,Financial Analyst,70831.81,BUSINESS,False,LOW,ACTIVE
NSB002076,Paul,Goodman,1997-10-03,18,12,Student,30958.32,SALARY,False,LOW,ACTIVE
NSB002077,Antonio,Hines,1984-06-09,2,14,Nurse,41151.36,PENSION,False,LOW,ACTIVE
NSB002078,Calvin,Murray,1981-12-05,9,2,Consultant,88560.06,SAVINGS,False,LOW,ACTIVE
NSB002079,Melinda,Klein,1957-01-05,8,11,Business Owner,234301.69,INVESTMENTS,False,LOW,ACTIVE
NSB002080,Steve,Morris,1990-08-31,6,14,Consultant,100032.33,BUSINESS,False,LOW,ACTIVE
NSB002081,Jason,Nguyen,1944-03-13,3,1,Lawyer,124412.16,INHERITANCE,False,LOW,ACTIVE
NSB002082,Stacy,Jackson,1990-06-29,15,11,Student,18977.69,PENSION,False,LOW,ACTIVE
NSB002083,Anna,Cox,1963-09-27,6,10,Teacher,48708.98,SAVINGS,False,LOW,ACTIVE
NSB002084,Clinton,Levy,1982-07-31,4,9,Architect,60744.82,BUSINESS,False,MEDIUM,ACTIVE
NSB002085,Adam,Smith,1951-07-06,6,11,Data Analyst,72044.09,BUSINESS,False,LOW,ACTIVE
NSB002086,Deborah,Vazquez,1946-12-29,1,5,Engineer,47333.05,SALARY,False,LOW,ACTIVE
NSB002087,David,Lopez,2004-12-18,8,3,Business Owner,72109.71,BUSINESS,False,LOW,ACTIVE
NSB002088,Jamie,Gray,1992-12-19,2,4,Teacher,68847.95,BUSINESS,False,HIGH,ACTIVE
NSB002089,Anna,Holder,1966-01-23,19,13,Sales Manager,100028.72,PENSION,False,HIGH,ACTIVE
NSB002090,Rebecca,Hernandez,1999-07-18,13,11,Consultant,104810.05,SALARY,False,MEDIUM,ACTIVE
NSB002091,Holly,Cervantes,1977-03-14,10,1,Sales Manager,56338.84,INVESTMENTS,False,LOW,ACTIVE
NSB002092,Cameron,Robertson,1961-10-11,18,3,Software Engineer,72866.32,INHERITANCE,False,LOW,ACTIVE
NSB002093,Kristin,Flowers,1993-11-29,3,15,Engineer,113416.97,BUSINESS,False,MEDIUM,ACTIVE
NSB002094,Frank,Wright,1966-05-10,20,16,Software Engineer,114443.18,PENSION,False,HIGH,ACTIVE
NSB002095,Kim,Phillips,1969-08-09,9,10,Marketing Manager,100554.66,BUSINESS,False,HIGH,INACTIVE
NSB002096,Alexander,Martin,1998-04-26,20,1,Architect,87198.17,SAVINGS,False,HIGH,ACTIVE
NSB002097,Jacob,Nelson,2001-12-16,5,13,Lawyer,98852.39,SAVINGS,False,LOW,ACTIVE
NSB002098,Sherri,Taylor,1997-12-28,19,13,Doctor,93930.99,INVESTMENTS,False,CRITICAL,ACTIVE
NSB002099,Kenneth,Meyer,1993-02-26,17,9,Sales Manager,113635.74,INHERITANCE,False,MEDIUM,ACTIVE
NSB002100,Sherry,Ball,1952-02-23,9,14,Doctor,199747.78,SALARY,False,MEDIUM,ACTIVE
NSB002101,Clarence,Bolton,1996-03-18,14,6,Nurse,47968.44,PENSION,False,MEDIUM,ACTIVE
NSB002102,Michael,Baker,1981-07-23,5,2,Doctor,202049.93,PENSION,False,LOW,ACTIVE
NSB002103,Monique,Garcia,2001-08-29,5,11,Lawyer,70810.99,SAVINGS,False,LOW,ACTIVE
NSB002104,Ivan,Young,1983-08-21,14,19,Data Analyst,41935.0,SAVINGS,False,MEDIUM,ACTIVE
NSB002105,Danielle,Coleman,1982-06-09,15,14,Consultant,128466.11,INVESTMENTS,False,MEDIUM,ACTIVE
NSB002106,Regina,Moses,1956-08-25,4,16,Consultant,147781.22,SALARY,False,LOW,ACTIVE
NSB002107,Ashley,Rose,1958-06-03,14,19,Nurse,32485.48,INHERITANCE,False,LOW,ACTIVE
NSB002108,Justin,Hurley,1975-12-15,18,6,Engineer,65721.62,BUSINESS,False,LOW,ACTIVE
NSB002109,Shawn,White,1970-09-29,8,5,Student,23609.37,SALARY,False,MEDIUM,ACTIVE
NSB002110,Jacqueline,Burch,1995-12-12,17,16,Sales Manager,62684.33,PENSION,False,LOW,ACTIVE
NSB002111,Lindsey,Oconnor,1974-06-30,20,17,Architect,92504.53,INHERITANCE,False,LOW,ACTIVE
NSB002112,Christina,Bender,1951-10-06,11,20,Engineer,45472.29,SALARY,False,MEDIUM,ACTIVE
NSB002113,Beth,Martinez,1980-07-04,2,14,Software Engineer,104073.5,PENSION,False,HIGH,ACTIVE
NSB002114,Austin,Collins,1959-02-18,10,13,Engineer,48635.39,INVESTMENTS,False,LOW,ACTIVE
NSB002115,Justin,Hopkins,2001-05-30,14,5,Consultant,54196.16,INVESTMENTS,False,MEDIUM,ACTIVE
NSB002116,Carlos,Smith,1978-12-16,13,5,Nurse,63169.16,PENSION,False,MEDIUM,CLOSED
NSB002117,William,Herrera,1953-02-04,12,7,Nurse,41010.64,BUSINESS,False,LOW,ACTIVE
NSB002118,Jeffrey,Reed,1992-11-20,17,15,Financial Analyst,90480.29,INHERITANCE,False,MEDIUM,INACTIVE
NSB002119,Christina,Brown,1972-03-27,19,6,Software Engineer,81104.58,INHERITANCE,False,LOW,ACTIVE
NSB002120,Christina,Stewart,1980-01-16,5,3,Nurse,30749.72,INHERITANCE,False,MEDIUM,ACTIVE
NSB002121,Karen,Jacobs,1976-10-15,13,9,Marketing Manager,69513.58,PENSION,False,MEDIUM,ACTIVE
NSB002122,Victor,Gibson,1986-11-08,7,3,Doctor,200114.33,INVESTMENTS,False,MEDIUM,ACTIVE
NSB002123,Wendy,Ward,2003-09-18,7,16,Engineer,59910.75,SAVINGS,False,LOW,ACTIVE
NSB002124,Gregory,Martin,1974-07-24,14,17,Financial Analyst,55563.9,SAVINGS,False,LOW,ACTIVE
NSB002125,Cheryl,Alvarado,1947-03-09,8,9,Teacher,58450.26,INVESTMENTS,False,LOW,ACTIVE
NSB002126,Susan,Watkins,1956-03-29,5,5,Data Analyst,51198.18,BUSINESS,False,MEDIUM,ACTIVE
NSB002127,Nicole,Wall,1942-03-06,5,9,Student,25721.81,PENSION,False,LOW,ACTIVE
NSB002128,Jeffrey,Allen,1952-02-29,12,4,Architect,88448.26,PENSION,False,MEDIUM,ACTIVE
NSB002129,Martin,Sims,1954-02-12,16,19,Data Analyst,59113.68,PENSION,False,LOW,ACTIVE
NSB002130,Sherri,Cole,1957-12-08,4,10,Marketing Manager,90669.37,SALARY,False,LOW,ACTIVE
NSB002131,Omar,Curtis,2001-01-08,6,4,Marketing Manager,75547.14,BUSINESS,False,LOW,ACTIVE
NSB002132,Brenda,Salazar,1989-06-09,6,3,Doctor,87883.37,SALARY,False,LOW,INACTIVE
NSB002133,Pamela,Miller,1976-01-04,5,14,Doctor,89458.35,SALARY,False,MEDIUM,ACTIVE
NSB002134,William,Turner,1981-06-09,17,12,Software Engineer,112670.15,BUSINESS,False,LOW,ACTIVE
NSB002135,Anna,Wright,1949-09-02,8,14,Student,29508.82,SALARY,False,LOW,INACTIVE
NSB002136,Ruth,Carroll,1993-01-13,14,19,Financial Analyst,59170.9,INVESTMENTS,False,LOW,ACTIVE
NSB002137,James,Robertson,2001-08-03,12,1,Accountant,40298.83,PENSION,False,LOW,ACTIVE
NSB002138,Mark,Buchanan,1976-02-01,2,18,Financial Analyst,86431.36,SAVINGS,True,CRITICAL,ACTIVE
NSB002139,Timothy,Le,1956-06-11,16,16,Software Engineer,48695.47,BUSINESS,False,MEDIUM,ACTIVE
NSB002140,Jeffrey,Cox,1995-12-21,20,4,Architect,55861.87,SAVINGS,False,LOW,ACTIVE
NSB002141,Lisa,Chase,1944-01-19,8,5,Engineer,61856.36,BUSINESS,False,MEDIUM,ACTIVE
NSB002142,Tammy,Brown,1958-06-13,10,16,Lawyer,147184.87,SAVINGS,False,MEDIUM,ACTIVE
NSB002143,Brittany,Baker,1964-06-18,20,14,Data Analyst,60303.38,SAVINGS,False,LOW,ACTIVE
NSB002144,Joseph,Walker,1990-04-29,3,14,Engineer,58117.13,INHERITANCE,False,LOW,ACTIVE
NSB002145,Bryan,Durham,1957-06-26,6,2,Architect,82477.71,INVESTMENTS,False,LOW,ACTIVE
NSB002146,Gerald,Foley,1964-02-07,17,15,Financial Analyst,56784.36,BUSINESS,False,LOW,ACTIVE
NSB002147,Natalie,Martinez,1967-10-27,13,16,Software Engineer,111153.54,INVESTMENTS,False,HIGH,INACTIVE
NSB002148,Kristy,Hammond,1984-10-10,17,18,Marketing Manager,92451.9,SALARY,False,LOW,ACTIVE
NSB002149,Raymond,Harrison,1997-02-10,13,3,Marketing Manager,76086.31,BUSINESS,False,MEDIUM,ACTIVE
NSB002150,James,Willis,1976-09-22,19,20,Accountant,62383.43,BUSINESS,False,MEDIUM,ACTIVE
NSB002151,Sandra,Smith,1977-03-13,9,20,Consultant,113984.64,SALARY,False,LOW,ACTIVE
NSB002152,Kimberly,Oneill,1978-01-02,9,5,Teacher,57123.77,PENSION,False,LOW,ACTIVE
NSB002153,Michael,Flores,1985-01-07,1,10,Teacher,67800.78,PENSION,True,HIGH,ACTIVE
NSB002154,Carl,Stone,1963-12-28,10,17,Accountant,58102.98,SAVINGS,False,LOW,ACTIVE
NSB002155,Justin,Reed,1997-02-13,1,11,Architect,67082.16,PENSION,False,LOW,ACTIVE
NSB002156,Leslie,Byrd,1987-05-03,10,14,Business Owner,161096.62,SALARY,False,MEDIUM,ACTIVE
NSB002157,Kim,Randall,1970-08-14,19,13,Teacher,56538.1,SAVINGS,True,CRITICAL,ACTIVE
NSB002158,Sheri,Parrish,1950-06-24,5,15,Student,12687.24,INHERITANCE,False,MEDIUM,ACTIVE
NSB002159,Mark,Mccarty,2005-05-25,14,14,Sales Manager,123023.79,SAVINGS,False,LOW,ACTIVE
NSB002160,Dana,Zamora,2004-12-15,18,6,Lawyer,66782.82,PENSION,False,LOW,BLOCKED
NSB002161,James,Shaw,1983-08-30,20,12,Engineer,59950.77,PENSION,False,MEDIUM,ACTIVE
NSB002162,Troy,Harris,1954-07-11,4,10,Architect,94002.59,SALARY,False,MEDIUM,ACTIVE
NSB002163,Nicholas,Lindsey,2001-12-02,6,12,Architect,48166.16,INVESTMENTS,False,MEDIUM,ACTIVE
NSB002164,William,Castro,1977-02-25,12,20,Student,24510.54,BUSINESS,False,LOW,INACTIVE
NSB002165,Kimberly,Edwards,1994-06-13,17,4,Financial Analyst,70003.49,SALARY,False,LOW,ACTIVE
NSB002166,Alexandra,Francis,1955-10-01,6,17,Teacher,56561.27,PENSION,False,MEDIUM,ACTIVE
NSB002167,Michael,Morris,1976-08-07,10,19,Lawyer,63892.75,PENSION,False,LOW,INACTIVE
NSB002168,Jordan,Mathews,2003-07-12,11,19,Doctor,223705.33,PENSION,False,LOW,ACTIVE
NSB002169,Carmen,Rodriguez,1992-06-06,13,11,Lawyer,150480.54,SAVINGS,False,MEDIUM,ACTIVE
NSB002170,Sarah,Rosales,2003-09-14,11,14,Student,20049.13,SALARY,False,LOW,ACTIVE
NSB002171,Emily,Reed,1940-10-01,13,5,Student,33721.64,BUSINESS,False,LOW,ACTIVE
NSB002172,Daniel,Jackson,1947-09-18,15,6,Doctor,127323.0,BUSINESS,False,LOW,ACTIVE
NSB002173,Alyssa,Snyder,1972-03-26,10,19,Architect,74066.67,INHERITANCE,False,MEDIUM,ACTIVE
NSB002174,Ryan,Brooks,1967-04-27,6,11,Accountant,46063.1,BUSINESS,False,LOW,ACTIVE
NSB002175,Troy,Fletcher,1961-02-24,11,9,Student,11124.09,INHERITANCE,False,LOW,ACTIVE
NSB002176,Steven,Saunders,2005-06-01,9,14,Marketing Manager,95134.73,SAVINGS,False,LOW,ACTIVE
NSB002177,Gloria,Day,1986-04-08,12,20,Engineer,56417.62,SALARY,False,LOW,ACTIVE
NSB002178,Ashley,May,1992-05-19,18,9,Business Owner,165476.25,PENSION,False,LOW,ACTIVE
NSB002179,Andrea,Martinez,1984-05-26,8,13,Architect,74223.34,SALARY,False,MEDIUM,ACTIVE
NSB002180,Crystal,Shepherd,1995-12-16,4,5,Business Owner,44625.4,SAVINGS,False,MEDIUM,ACTIVE
NSB002181,Mary,Phelps,2004-12-16,6,4,Student,12500.28,SAVINGS,False,MEDIUM,ACTIVE
NSB002182,Cynthia,Pham,1950-09-05,20,4,Business Owner,245332.42,SAVINGS,False,HIGH,ACTIVE
NSB002183,Laura,Lopez,1968-10-25,3,19,Engineer,54106.38,SALARY,False,LOW,INACTIVE
NSB002184,Douglas,Erickson,1994-09-20,13,3,Consultant,105184.91,INHERITANCE,False,LOW,ACTIVE
NSB002185,Neil,Padilla,1942-05-31,8,9,Accountant,72329.75,INHERITANCE,False,MEDIUM,ACTIVE
NSB002186,Clifford,Campbell,1979-02-06,3,10,Sales Manager,42670.66,BUSINESS,False,LOW,ACTIVE
NSB002187,Alan,Martin,1966-02-02,19,5,Accountant,41760.77,SAVINGS,False,LOW,ACTIVE
NSB002188,Jason,Haney,1971-05-11,1,10,Doctor,231024.43,BUSINESS,False,LOW,ACTIVE
NSB002189,Donald,Thompson,2006-08-14,3,8,Consultant,79040.16,BUSINESS,False,HIGH,ACTIVE
NSB002190,Michael,Arellano,1979-12-03,9,4,Accountant,42425.92,INHERITANCE,False,MEDIUM,INACTIVE
NSB002191,Nicholas,Martin,1999-07-07,8,10,Lawyer,58935.64,INVESTMENTS,False,LOW,INACTIVE
NSB002192,Kathryn,Wong,1949-05-11,5,20,Lawyer,110488.49,SALARY,False,MEDIUM,ACTIVE
NSB002193,Richard,Gray,1983-06-25,6,18,Doctor,201714.47,INVESTMENTS,False,MEDIUM,ACTIVE
NSB002194,Samantha,Castro,1996-12-23,2,10,Data Analyst,76857.0,INVESTMENTS,False,LOW,ACTIVE
NSB002195,Elizabeth,Johnson,1973-04-20,11,17,Business Owner,212443.29,PENSION,False,LOW,ACTIVE
NSB002196,David,Miller,1958-02-03,18,20,Doctor,65200.58,INHERITANCE,False,LOW,ACTIVE
NSB002197,Christopher,Morse,1965-08-12,15,5,Financial Analyst,95232.66,BUSINESS,False,LOW,ACTIVE
NSB002198,Christopher,Abbott,1997-09-18,6,18,Business Owner,257476.62,BUSINESS,False,LOW,ACTIVE
NSB002199,Joshua,Andrews,1968-11-09,1,12,Consultant,79796.59,INHERITANCE,False,LOW,ACTIVE
NSB002200,Jacob,Chapman,1950-12-17,8,13,Architect,63167.16,SAVINGS,False,LOW,ACTIVE
NSB002201,Anthony,Mercer,1943-12-18,9,19,Consultant,100251.19,INHERITANCE,False,LOW,ACTIVE
NSB002202,Daniel,Rojas,1992-06-01,11,9,Marketing Manager,59068.06,SAVINGS,False,LOW,ACTIVE
NSB002203,John,Howe,1966-09-11,16,14,Doctor,221046.41,SAVINGS,False,LOW,ACTIVE
NSB002204,William,Smith,1952-04-22,11,19,Engineer,89438.26,PENSION,False,MEDIUM,ACTIVE
NSB002205,Cathy,Villa,1968-09-28,13,1,Financial Analyst,101595.48,PENSION,False,LOW,ACTIVE
NSB002206,Ashley,Wilson,1991-04-16,17,17,Doctor,230081.7,SAVINGS,False,CRITICAL,ACTIVE
NSB002207,Rebecca,Cortez,1995-03-27,11,16,Consultant,72422.99,SAVINGS,False,LOW,ACTIVE
NSB002208,Jenna,Myers,1990-07-27,18,9,Software Engineer,67107.88,SALARY,False,MEDIUM,ACTIVE
NSB002209,Steven,Brown,1980-08-30,15,19,Nurse,51620.0,INHERITANCE,False,LOW,ACTIVE
NSB002210,Jessica,Kelly,1985-12-23,5,2,Business Owner,144322.21,INVESTMENTS,False,LOW,ACTIVE
NSB002211,Maria,Stone,1996-10-15,3,15,Accountant,81974.69,BUSINESS,False,LOW,ACTIVE
NSB002212,Christopher,Stephens,1975-05-28,3,13,Financial Analyst,105892.31,SAVINGS,False,MEDIUM,ACTIVE
NSB002213,Stephanie,Wilson,1956-12-01,19,16,Architect,84167.64,SALARY,False,LOW,ACTIVE
NSB002214,Ryan,Jackson,1987-06-20,19,9,Lawyer,89704.07,SALARY,False,MEDIUM,ACTIVE
NSB002215,Thomas,Anderson,1999-10-25,14,8,Data Analyst,94951.28,INVESTMENTS,False,HIGH,ACTIVE
NSB002216,Rachel,Thomas,1951-07-18,19,11,Data Analyst,98042.32,BUSINESS,False,LOW,ACTIVE
NSB002217,April,Howard,1952-09-04,18,5,Teacher,47569.84,PENSION,False,MEDIUM,ACTIVE
NSB002218,Elizabeth,Sanchez,1957-09-20,2,12,Doctor,82166.58,SAVINGS,False,MEDIUM,ACTIVE
NSB002219,Karen,Flynn,1981-05-26,10,17,Consultant,81720.29,INHERITANCE,False,CRITICAL,CLOSED
NSB002220,Matthew,Buchanan,1983-03-12,9,19,Software Engineer,100156.15,PENSION,False,HIGH,ACTIVE
NSB002221,Joshua,Norton,1953-10-17,17,14,Marketing Manager,68757.14,PENSION,False,MEDIUM,ACTIVE
NSB002222,Vicki,Gomez,1969-05-08,4,18,Financial Analyst,47414.54,INHERITANCE,False,HIGH,ACTIVE
NSB002223,Jason,Cabrera,1976-05-15,17,12,Financial Analyst,72000.24,SALARY,False,LOW,ACTIVE
NSB002224,Sandra,Solomon,1957-04-24,12,7,Nurse,37480.98,BUSINESS,False,MEDIUM,ACTIVE
NSB002225,Alex,Walker,1947-08-22,10,5,Teacher,50910.4,SAVINGS,False,LOW,ACTIVE
NSB002226,Lisa,Jackson,1948-12-11,3,17,Software Engineer,45354.4,INVESTMENTS,False,CRITICAL,ACTIVE
NSB002227,Deborah,Gregory,1947-12-26,5,6,Business Owner,117745.52,SAVINGS,False,LOW,ACTIVE
NSB002228,Austin,Cisneros,1991-06-13,2,3,Architect,52636.25,INVESTMENTS,False,LOW,ACTIVE
NSB002229,Brett,Robinson,1953-03-09,16,12,Consultant,148247.54,PENSION,True,HIGH,ACTIVE
NSB002230,James,Mitchell,1976-09-30,8,5,Architect,56098.49,SALARY,False,MEDIUM,BLOCKED
NSB002231,Lori,Turner,1951-11-12,7,18,Nurse,60676.1,BUSINESS,False,LOW,ACTIVE
NSB002232,Tyler,Stewart,1944-12-29,19,15,Nurse,42025.9,SALARY,False,LOW,ACTIVE
NSB002233,Jill,Diaz,1958-03-20,4,18,Teacher,30251.45,BUSINESS,False,LOW,INACTIVE
NSB002234,Erika,Shepherd,1949-02-15,15,11,Teacher,34849.9,SAVINGS,False,LOW,ACTIVE
NSB002235,Molly,Wilson,1993-06-15,11,10,Marketing Manager,92808.24,SALARY,True,HIGH,ACTIVE
NSB002236,Cristian,Taylor,1977-05-27,5,3,Business Owner,157588.6,BUSINESS,False,MEDIUM,ACTIVE
NSB002237,Zachary,Yu,1967-09-29,6,6,Nurse,54832.28,SALARY,False,LOW,ACTIVE
NSB002238,Roger,Lawrence,2002-07-30,18,1,Engineer,87558.54,BUSINESS,False,MEDIUM,ACTIVE
NSB002239,Jocelyn,Becker,1979-01-13,6,16,Sales Manager,104247.06,PENSION,False,LOW,CLOSED
NSB002240,Tammy,Gibson,1984-08-03,14,18,Doctor,84049.89,PENSION,False,MEDIUM,ACTIVE
NSB002241,Kristin,Ward,1967-07-22,4,8,Teacher,49928.37,PENSION,False,HIGH,ACTIVE
NSB002242,Eric,Jones,1946-04-20,3,15,Software Engineer,114433.68,PENSION,False,LOW,ACTIVE
NSB002243,Jessica,Thompson,1998-09-28,6,16,Accountant,37772.03,SALARY,False,LOW,ACTIVE
NSB002244,Gregory,Williams,1960-12-18,11,18,Software Engineer,96750.54,PENSION,False,MEDIUM,ACTIVE
NSB002245,Logan,Jefferson,1972-07-29,5,5,Lawyer,116467.78,SALARY,False,LOW,ACTIVE
NSB002246,Abigail,Lopez,1956-06-11,11,4,Consultant,141615.01,INVESTMENTS,False,LOW,ACTIVE
NSB002247,Kevin,Singh,1985-01-11,4,11,Nurse,42072.72,BUSINESS,False,LOW,ACTIVE
NSB002248,Carmen,Rowe,1949-07-12,3,6,Marketing Manager,91083.45,SALARY,False,MEDIUM,ACTIVE
NSB002249,Robert,Murillo,1956-07-19,6,10,Lawyer,111895.78,SAVINGS,False,MEDIUM,ACTIVE
NSB002250,Alicia,Thompson,1944-10-07,12,7,Student,27804.04,SAVINGS,False,LOW,ACTIVE
NSB002251,Paul,Carey,1968-03-06,17,1,Nurse,46929.59,INHERITANCE,False,LOW,ACTIVE
NSB002252,James,Miller,1984-07-17,10,11,Architect,93548.77,BUSINESS,False,HIGH,ACTIVE
NSB002253,Lauren,Jones,1986-07-23,15,9,Consultant,51422.91,SAVINGS,False,LOW,ACTIVE
NSB002254,Kelly,Mitchell,2002-04-01,6,10,Architect,41339.3,INVESTMENTS,False,MEDIUM,ACTIVE
NSB002255,James,Drake,1988-05-04,8,10,Student,10306.31,INVESTMENTS,False,LOW,ACTIVE
NSB002256,Katie,Henson,1949-02-15,8,10,Lawyer,169719.53,BUSINESS,False,LOW,CLOSED
NSB002257,William,Henry,2000-06-11,16,20,Lawyer,96743.31,INVESTMENTS,False,HIGH,ACTIVE
NSB002258,Angela,Bryan,1966-07-27,19,10,Business Owner,141753.01,SALARY,False,LOW,ACTIVE
NSB002259,Sue,Wilkinson,1974-11-05,19,15,Financial Analyst,81230.28,INHERITANCE,True,CRITICAL,ACTIVE
NSB002260,Marc,Duke,1985-01-31,16,20,Engineer,104310.6,SALARY,False,LOW,ACTIVE
NSB002261,Nicole,Rodgers,1951-08-05,2,14,Software Engineer,102192.03,INVESTMENTS,False,MEDIUM,ACTIVE
NSB002262,Claudia,Brown,2006-07-20,3,7,Accountant,58101.54,BUSINESS,False,HIGH,ACTIVE
NSB002263,Joshua,Murray,1957-04-25,2,3,Engineer,87452.07,INVESTMENTS,False,MEDIUM,ACTIVE
NSB002264,Amanda,Johnson,1997-02-09,4,20,Data Analyst,96346.82,INVESTMENTS,False,LOW,ACTIVE
NSB002265,Alicia,Allen,1978-06-22,15,1,Consultant,129835.59,INVESTMENTS,False,MEDIUM,ACTIVE
NSB002266,Raymond,Brown,1993-09-11,4,14,Architect,74696.48,BUSINESS,False,MEDIUM,ACTIVE
NSB002267,Megan,Martinez,1998-12-24,14,2,Nurse,43502.03,INVESTMENTS,False,MEDIUM,ACTIVE
NSB002268,Christopher,Baldwin,2003-07-15,6,7,Lawyer,109819.28,BUSINESS,False,MEDIUM,ACTIVE
NSB002269,Holly,Li,1949-07-17,12,12,Software Engineer,100310.68,SALARY,False,LOW,ACTIVE
NSB002270,Jessica,Smith,1978-01-01,9,12,Doctor,242853.23,INVESTMENTS,False,LOW,ACTIVE
NSB002271,Bryan,Morales,1976-10-27,7,5,Accountant,68166.29,BUSINESS,False,LOW,ACTIVE
NSB002272,Timothy,Roberts,1967-07-04,6,9,Architect,69436.95,PENSION,False,MEDIUM,ACTIVE
NSB002273,Katelyn,King,1979-02-18,19,14,Nurse,42603.82,INVESTMENTS,False,LOW,ACTIVE
NSB002274,Krystal,Johnson,1972-05-23,9,18,Data Analyst,75506.73,BUSINESS,False,LOW,CLOSED
NSB002275,Amy,Mosley,1942-02-07,5,18,Accountant,49652.94,SALARY,False,LOW,BLOCKED
NSB002276,Kendra,Wells,1998-08-10,11,3,Business Owner,114936.61,INVESTMENTS,False,LOW,ACTIVE
NSB002277,Kelly,Lara,2005-05-27,17,14,Consultant,110091.82,PENSION,False,MEDIUM,ACTIVE
NSB002278,David,Schwartz,1971-01-15,15,2,Sales Manager,53888.71,INHERITANCE,False,LOW,ACTIVE
NSB002279,Rachel,Cohen,1998-09-07,12,11,Nurse,44457.55,PENSION,False,LOW,ACTIVE
NSB002280,Steven,Ford,1994-04-26,14,10,Marketing Manager,81331.79,INVESTMENTS,False,LOW,INACTIVE
NSB002281,Daniel,Lewis,1976-09-16,15,17,Lawyer,139432.62,PENSION,False,LOW,ACTIVE
NSB002282,Luke,Reed,1958-02-01,7,4,Engineer,105806.8,BUSINESS,False,MEDIUM,ACTIVE
NSB002283,Jose,Phillips,1993-09-25,6,7,Architect,69207.48,BUSINESS,False,LOW,ACTIVE
NSB002284,Deanna,Sweeney,1961-11-28,16,5,Sales Manager,73836.56,INVESTMENTS,False,MEDIUM,INACTIVE
NSB002285,Laurie,Hughes,1997-07-26,1,4,Engineer,46442.28,PENSION,False,MEDIUM,ACTIVE
NSB002286,Kerri,Jordan,1977-11-22,19,12,Nurse,58397.14,SAVINGS,False,LOW,ACTIVE
NSB002287,Nicholas,Curtis,1957-06-18,9,7,Student,14735.65,SAVINGS,False,LOW,ACTIVE
NSB002288,Monica,James,1979-09-01,15,10,Lawyer,155485.28,INVESTMENTS,False,LOW,ACTIVE
NSB002289,Derek,Miller,1945-01-10,1,19,Business Owner,130945.93,PENSION,False,LOW,ACTIVE
NSB002290,Erica,Mitchell,1993-11-30,10,10,Nurse,31545.14,SALARY,False,MEDIUM,ACTIVE
NSB002291,Brandi,West,1977-02-21,13,16,Lawyer,104897.07,BUSINESS,False,MEDIUM,ACTIVE
NSB002292,Ronald,Torres,1953-06-12,9,17,Software Engineer,74555.02,BUSINESS,False,LOW,ACTIVE
NSB002293,Angela,Ayala,1989-07-17,14,11,Sales Manager,67962.41,SAVINGS,False,LOW,ACTIVE
NSB002294,Alan,Anderson,1977-05-07,9,8,Software Engineer,113989.62,PENSION,False,MEDIUM,ACTIVE
NSB002295,John,Jones,1954-10-15,9,13,Data Analyst,63640.57,BUSINESS,False,MEDIUM,ACTIVE
NSB002296,Gary,Pittman,1986-04-27,4,11,Teacher,55181.57,BUSINESS,False,LOW,ACTIVE
NSB002297,Daniel,Hayes,1941-04-28,10,12,Student,29576.45,PENSION,False,LOW,ACTIVE
NSB002298,John,Davis,1983-01-28,9,4,Sales Manager,55862.84,PENSION,False,LOW,ACTIVE
NSB002299,Austin,Sims,1941-08-14,20,6,Accountant,40192.24,PENSION,False,HIGH,ACTIVE
NSB002300,John,Sims,1970-04-08,15,5,Consultant,138236.83,SALARY,False,MEDIUM,ACTIVE
NSB002301,Reginald,Brown,1993-09-14,9,10,Engineer,78749.61,SALARY,False,MEDIUM,INACTIVE
NSB002302,Kelly,Richmond,1958-05-27,19,2,Doctor,64335.99,PENSION,False,LOW,ACTIVE
NSB002303,Sally,Blevins,2003-12-12,8,11,Architect,91646.36,INHERITANCE,False,LOW,INACTIVE
NSB002304,Brett,Pope,1969-11-04,20,13,Sales Manager,123986.65,SAVINGS,False,LOW,ACTIVE
NSB002305,Michael,Rivera,1966-01-16,1,17,Engineer,47961.74,BUSINESS,False,MEDIUM,ACTIVE
NSB002306,Brenda,Paul,2006-07-04,9,8,Software Engineer,54428.05,PENSION,False,CRITICAL,INACTIVE
NSB002307,Diane,Mullins,1956-08-17,6,17,Doctor,168608.75,SALARY,False,CRITICAL,ACTIVE
NSB002308,Julie,Walker,1984-02-22,10,12,Software Engineer,106651.29,SAVINGS,False,MEDIUM,BLOCKED
NSB002309,Dwayne,Anderson,1971-02-20,16,16,Business Owner,156781.36,INHERITANCE,False,LOW,ACTIVE
NSB002310,Theresa,Mahoney,1977-08-10,2,7,Accountant,60161.36,SALARY,False,LOW,ACTIVE
NSB002311,Shannon,Ellison,1960-11-05,6,9,Sales Manager,52860.11,SALARY,False,MEDIUM,ACTIVE
NSB002312,Tammie,Jackson,1943-09-09,5,11,Architect,43180.12,BUSINESS,False,LOW,ACTIVE
NSB002313,Mary,Vaughan,1981-08-19,16,4,Software Engineer,107394.18,PENSION,False,LOW,ACTIVE
NSB002314,Mark,Myers,1958-11-07,5,4,Consultant,72008.63,SALARY,False,MEDIUM,ACTIVE
NSB002315,Lisa,Wilson,1956-03-14,15,5,Student,27450.0,BUSINESS,False,LOW,ACTIVE
NSB002316,Elizabeth,Rodriguez,1973-06-27,16,18,Teacher,53228.39,BUSINESS,False,LOW,ACTIVE
NSB002317,Annette,Elliott,1963-03-24,17,13,Nurse,47137.88,INVESTMENTS,False,LOW,ACTIVE
NSB002318,Thomas,Garner,1967-01-21,13,12,Doctor,238421.43,SALARY,False,LOW,ACTIVE
NSB002319,Heather,Parsons,1995-07-01,7,6,Doctor,180420.67,SAVINGS,False,LOW,ACTIVE
NSB002320,Brandon,Jones,1999-08-07,15,18,Data Analyst,58518.24,SAVINGS,False,LOW,ACTIVE
NSB002321,Phillip,Lee,1984-02-20,19,15,Lawyer,171552.38,BUSINESS,False,LOW,ACTIVE
NSB002322,Ashley,Duarte,1984-02-03,12,15,Consultant,103050.82,INHERITANCE,False,MEDIUM,ACTIVE
NSB002323,Charlene,Dickerson,1968-01-27,17,7,Business Owner,110426.84,PENSION,False,MEDIUM,ACTIVE
NSB002324,Benjamin,Stewart,1974-11-13,17,6,Architect,63147.1,SAVINGS,False,LOW,ACTIVE
NSB002325,Russell,Holland,1978-07-11,20,6,Financial Analyst,109113.49,BUSINESS,False,MEDIUM,ACTIVE
NSB002326,David,Poole,1943-07-04,6,6,Business Owner,214473.68,BUSINESS,False,LOW,ACTIVE
NSB002327,Tiffany,Burnett,1957-01-06,18,14,Business Owner,243972.8,PENSION,False,HIGH,ACTIVE
NSB002328,Mikayla,Decker,1976-05-28,17,2,Data Analyst,70803.23,SALARY,False,LOW,ACTIVE
NSB002329,Dustin,Prince,1955-06-28,10,19,Doctor,133872.7,BUSINESS,False,LOW,ACTIVE
NSB002330,Ruth,Washington,1988-06-13,6,5,Lawyer,169554.53,SALARY,False,HIGH,ACTIVE
NSB002331,Clinton,Fox,1994-03-20,6,18,Student,27949.28,SAVINGS,False,MEDIUM,ACTIVE
NSB002332,Douglas,Garner,1942-05-07,6,15,Accountant,36720.31,PENSION,False,LOW,ACTIVE
NSB002333,Amanda,Grimes,1945-07-17,14,17,Marketing Manager,103288.75,SAVINGS,False,LOW,ACTIVE
NSB002334,Erin,Smith,2002-02-13,5,7,Data Analyst,87590.17,SALARY,False,LOW,ACTIVE
NSB002335,Sean,Castillo,1966-02-08,6,5,Financial Analyst,108940.23,PENSION,False,LOW,ACTIVE
NSB002336,Jeffery,Bartlett,1983-08-17,15,12,Student,26841.51,PENSION,False,MEDIUM,ACTIVE
NSB002337,Stacey,Johnson,1942-01-23,8,16,Nurse,33137.73,INHERITANCE,False,LOW,ACTIVE
NSB002338,Jesse,Carter,1955-03-05,9,11,Financial Analyst,62543.15,SAVINGS,False,LOW,ACTIVE
NSB002339,Morgan,Miller,1943-05-01,3,6,Nurse,53671.3,SALARY,False,HIGH,ACTIVE
NSB002340,Amanda,Morales,2006-08-12,7,4,Financial Analyst,56503.44,BUSINESS,False,LOW,ACTIVE
NSB002341,Kristen,Christian,1985-01-18,14,5,Software Engineer,119785.86,SAVINGS,False,CRITICAL,ACTIVE
NSB002342,Jason,Carroll,1978-06-29,8,7,Software Engineer,67130.47,SAVINGS,False,LOW,ACTIVE
NSB002343,Misty,Maldonado,1983-09-08,8,18,Sales Manager,78036.77,SALARY,False,HIGH,ACTIVE
NSB002344,Brian,Knox,1963-10-02,8,20,Nurse,57665.41,PENSION,False,MEDIUM,ACTIVE
NSB002345,Christopher,Cummings,1959-12-21,18,2,Consultant,148320.68,INVESTMENTS,False,MEDIUM,ACTIVE
NSB002346,Juan,Davis,1967-06-27,13,12,Lawyer,108830.9,SALARY,False,MEDIUM,ACTIVE
NSB002347,Jillian,Hodges,1977-04-25,15,19,Financial Analyst,108264.43,PENSION,False,MEDIUM,ACTIVE
NSB002348,David,Evans,1953-07-21,19,15,Software Engineer,64296.17,SALARY,False,LOW,ACTIVE
NSB002349,Donald,Roberson,1998-01-29,3,3,Lawyer,88094.06,PENSION,False,LOW,ACTIVE
NSB002350,Wyatt,Williams,1990-02-24,11,7,Nurse,51053.81,INVESTMENTS,False,MEDIUM,BLOCKED
NSB002351,Elizabeth,Brown,1962-02-27,13,1,Teacher,43295.78,SALARY,False,LOW,ACTIVE
NSB002352,Jay,Marks,2004-03-04,1,16,Financial Analyst,51430.6,SAVINGS,False,LOW,ACTIVE
NSB002353,Howard,Robertson,1948-12-18,12,8,Software Engineer,66277.35,INHERITANCE,False,MEDIUM,ACTIVE
NSB002354,Chelsea,Schultz,1958-10-10,1,4,Student,21244.3,INVESTMENTS,False,LOW,ACTIVE
NSB002355,Monica,Anderson,1990-11-28,10,4,Software Engineer,68835.94,SALARY,False,LOW,ACTIVE
NSB002356,David,Murray,1958-05-10,9,14,Consultant,101668.38,INHERITANCE,False,MEDIUM,ACTIVE
NSB002357,Jonathan,Richards,2000-07-20,11,12,Teacher,57257.18,SALARY,False,LOW,ACTIVE
NSB002358,Chelsea,Mcdaniel,1960-03-24,17,18,Marketing Manager,56473.35,BUSINESS,False,CRITICAL,ACTIVE
NSB002359,Thomas,Hodges,1983-01-08,17,15,Nurse,49208.12,BUSINESS,False,LOW,ACTIVE
NSB002360,Andrea,Smith,1955-11-10,7,8,Doctor,216559.1,INHERITANCE,False,MEDIUM,ACTIVE
NSB002361,Jesus,Campos,1961-08-06,17,17,Engineer,69498.22,INVESTMENTS,False,LOW,ACTIVE
NSB002362,Amy,Hardy,1995-10-29,6,13,Teacher,37508.41,BUSINESS,False,LOW,ACTIVE
NSB002363,Donna,Clark,1940-12-17,13,5,Software Engineer,89045.6,PENSION,False,LOW,ACTIVE
NSB002364,Julie,Berry,1946-03-23,7,11,Nurse,66245.53,PENSION,False,LOW,ACTIVE
NSB002365,Matthew,Webb,1964-11-18,18,9,Consultant,52419.89,BUSINESS,False,MEDIUM,ACTIVE
NSB002366,Megan,Patterson,1977-12-15,18,1,Teacher,68409.52,SALARY,False,MEDIUM,ACTIVE
NSB002367,Sandra,Mcdaniel,1957-04-02,7,16,Student,31155.5,PENSION,False,MEDIUM,ACTIVE
NSB002368,Sarah,Ryan,1945-12-25,13,18,Data Analyst,46060.99,INHERITANCE,False,LOW,ACTIVE
NSB002369,Justin,Bean,1968-10-20,6,1,Accountant,73857.44,SAVINGS,False,LOW,ACTIVE
NSB002370,Arthur,Wade,2001-08-13,3,6,Consultant,121235.72,SAVINGS,False,LOW,ACTIVE
NSB002371,Michelle,Watson,1999-06-01,11,10,Business Owner,164762.33,INHERITANCE,False,LOW,ACTIVE
NSB002372,Veronica,Pollard,1979-01-26,14,10,Engineer,62189.15,INHERITANCE,False,LOW,INACTIVE
NSB002373,Jennifer,Flores,1942-01-29,12,6,Consultant,117137.0,INVESTMENTS,True,HIGH,ACTIVE
NSB002374,Melissa,Smith,1954-01-22,20,6,Accountant,66993.75,SAVINGS,False,LOW,ACTIVE
NSB002375,James,Green,1951-09-05,15,17,Architect,46020.12,SALARY,False,MEDIUM,ACTIVE
NSB002376,Ronnie,Perez,1973-07-27,13,18,Sales Manager,123590.93,SAVINGS,False,MEDIUM,ACTIVE
NSB002377,Justin,Noble,1947-11-14,4,6,Teacher,57478.77,SALARY,False,LOW,ACTIVE
NSB002378,Scott,Smith,1989-10-03,8,15,Lawyer,140272.48,INVESTMENTS,False,LOW,ACTIVE
NSB002379,Jennifer,Lewis,1974-02-22,15,7,Marketing Manager,106678.33,BUSINESS,False,LOW,ACTIVE
NSB002380,Kristin,Bender,2006-04-01,5,5,Teacher,59612.42,BUSINESS,False,LOW,ACTIVE
NSB002381,Daniel,Nixon,1998-03-22,19,9,Student,28267.29,INHERITANCE,False,LOW,ACTIVE
NSB002382,Matthew,Mitchell,1949-02-06,10,18,Architect,79793.06,PENSION,False,HIGH,ACTIVE
NSB002383,Jessica,Jordan,1944-05-20,6,17,Software Engineer,93466.42,BUSINESS,False,LOW,ACTIVE
NSB002384,Morgan,Love,1983-10-26,9,7,Financial Analyst,57452.59,SAVINGS,False,MEDIUM,ACTIVE
NSB002385,Cynthia,Sanchez,1998-12-11,3,11,Business Owner,104790.07,INVESTMENTS,False,LOW,ACTIVE
NSB002386,Adam,Johnson,2000-05-28,8,16,Engineer,107919.85,INHERITANCE,False,HIGH,ACTIVE
NSB002387,Michelle,Robbins,1960-01-25,18,20,Marketing Manager,47988.46,SAVINGS,False,LOW,ACTIVE
NSB002388,Joseph,Morales,1956-11-10,16,8,Nurse,67757.83,INHERITANCE,False,LOW,ACTIVE
NSB002389,Bruce,Sherman,1996-12-01,10,10,Engineer,84488.16,BUSINESS,False,LOW,ACTIVE
NSB002390,Heather,Gibson,1983-04-06,8,14,Consultant,135964.79,BUSINESS,False,HIGH,ACTIVE
NSB002391,Sherry,Young,1969-10-29,3,14,Consultant,65248.67,BUSINESS,False,LOW,INACTIVE
NSB002392,Matthew,Knox,1958-08-27,17,20,Consultant,67885.32,PENSION,False,MEDIUM,ACTIVE
NSB002393,Bryan,Wilson,1945-02-19,2,1,Business Owner,69514.75,PENSION,False,LOW,ACTIVE
NSB002394,Mark,Taylor,1998-04-06,15,19,Student,9676.2,SAVINGS,False,LOW,ACTIVE
NSB002395,Shannon,Morgan,1962-03-31,8,9,Data Analyst,56002.5,PENSION,False,MEDIUM,CLOSED
NSB002396,Jessica,Hicks,1956-05-04,14,10,Doctor,191435.87,PENSION,False,CRITICAL,ACTIVE
NSB002397,Wendy,Wilkerson,1997-10-02,14,1,Software Engineer,92776.49,SAVINGS,False,LOW,ACTIVE
NSB002398,Danielle,Hicks,1959-06-13,3,15,Accountant,40864.96,INHERITANCE,False,LOW,ACTIVE
NSB002399,James,Horton,1956-09-10,12,19,Sales Manager,101635.86,BUSINESS,False,MEDIUM,ACTIVE
NSB002400,Charles,Harris,1980-11-03,10,16,Data Analyst,96318.94,INHERITANCE,False,MEDIUM,ACTIVE
NSB002401,Brittany,Le,1975-08-19,13,7,Data Analyst,49933.79,BUSINESS,False,LOW,ACTIVE
NSB002402,Amber,Atkins,1973-01-13,18,14,Accountant,71386.88,INHERITANCE,False,LOW,ACTIVE
NSB002403,Crystal,Robinson,1950-08-17,3,19,Accountant,35222.64,PENSION,False,LOW,ACTIVE
NSB002404,Michael,Todd,1988-07-05,3,10,Nurse,47996.09,SAVINGS,False,MEDIUM,ACTIVE
NSB002405,Kristina,Johnson,2005-03-26,19,12,Sales Manager,60743.07,SALARY,False,LOW,ACTIVE
NSB002406,Rebecca,Walker,1977-10-11,19,8,Architect,96887.57,BUSINESS,False,CRITICAL,ACTIVE
NSB002407,Bruce,Matthews,2003-01-02,17,14,Engineer,49793.56,SAVINGS,False,LOW,ACTIVE
NSB002408,Todd,Oconnell,2003-05-06,3,18,Sales Manager,107357.67,PENSION,False,MEDIUM,ACTIVE
NSB002409,John,Sellers,1977-01-17,14,12,Student,29218.79,INHERITANCE,False,MEDIUM,ACTIVE
NSB002410,Elizabeth,Garcia,1990-07-24,16,5,Marketing Manager,64774.77,SAVINGS,False,MEDIUM,ACTIVE
NSB002411,Mary,Smith,2002-12-17,19,14,Data Analyst,40985.22,BUSINESS,False,LOW,ACTIVE
NSB002412,Stephen,Smith,1949-02-08,18,16,Engineer,97835.05,PENSION,False,HIGH,ACTIVE
NSB002413,Kimberly,Carr,2002-02-16,17,20,Student,23477.21,BUSINESS,False,LOW,ACTIVE
NSB002414,Natalie,Walker,1945-04-25,6,17,Architect,85217.81,SAVINGS,False,LOW,ACTIVE
NSB002415,Patrick,Thompson,1980-10-28,19,11,Software Engineer,102673.4,SAVINGS,False,LOW,ACTIVE
NSB002416,Kimberly,Rodriguez,1970-03-03,10,17,Financial Analyst,50981.65,BUSINESS,False,LOW,ACTIVE
NSB002417,Nancy,Jordan,1962-11-30,13,9,Nurse,53783.98,INVESTMENTS,False,LOW,ACTIVE
NSB002418,Jeffery,Carter,1992-05-19,7,9,Software Engineer,47658.41,SALARY,False,MEDIUM,INACTIVE
NSB002419,Kimberly,Williams,1941-11-03,8,9,Marketing Manager,62989.0,BUSINESS,False,LOW,ACTIVE
NSB002420,Briana,Marquez,1969-04-25,15,3,Data Analyst,46837.46,INVESTMENTS,False,LOW,ACTIVE
NSB002421,Joseph,Lawson,2000-05-10,18,6,Marketing Manager,60250.31,SALARY,False,MEDIUM,ACTIVE
NSB002422,Richard,Mays,1959-01-15,7,6,Sales Manager,40272.11,INVESTMENTS,False,MEDIUM,ACTIVE
NSB002423,Tina,Young,1997-12-15,1,7,Architect,79748.34,INHERITANCE,False,MEDIUM,ACTIVE
NSB002424,Jeffrey,Fernandez,2000-10-08,8,2,Software Engineer,52850.87,SALARY,False,MEDIUM,ACTIVE
NSB002425,Marcus,Brown,1969-12-23,4,5,Teacher,33175.06,PENSION,False,MEDIUM,ACTIVE
NSB002426,Steven,Hawkins,1992-07-03,19,13,Nurse,49336.94,INVESTMENTS,False,LOW,ACTIVE
NSB002427,Richard,Holmes,2005-04-17,16,11,Nurse,42793.01,PENSION,False,MEDIUM,ACTIVE
NSB002428,Amanda,Huffman,1951-04-27,8,20,Engineer,54644.9,SAVINGS,False,LOW,ACTIVE
NSB002429,William,Carter,1952-07-13,20,20,Engineer,107163.66,INVESTMENTS,False,LOW,ACTIVE
NSB002430,Steven,Stone,1948-07-11,19,4,Student,8830.12,SAVINGS,False,LOW,ACTIVE
NSB002431,Ashley,Smith,2001-04-11,1,16,Financial Analyst,99132.55,BUSINESS,False,MEDIUM,ACTIVE
NSB002432,Amber,Ortiz,1986-02-13,14,11,Marketing Manager,48193.84,SAVINGS,False,LOW,ACTIVE
NSB002433,David,King,1949-04-07,13,12,Business Owner,297460.58,BUSINESS,False,LOW,ACTIVE
NSB002434,Michelle,Fox,1984-07-06,8,3,Doctor,82468.87,PENSION,False,MEDIUM,ACTIVE
NSB002435,Jeffrey,Scott,1962-01-29,6,5,Software Engineer,107827.54,SAVINGS,False,LOW,INACTIVE
NSB002436,Donna,Price,1980-01-16,3,8,Student,31837.54,INVESTMENTS,False,LOW,ACTIVE
NSB002437,Laura,Burnett,1983-02-28,15,5,Engineer,70366.36,SALARY,False,MEDIUM,ACTIVE
NSB002438,Diamond,Brady,1976-11-07,2,5,Accountant,51629.75,BUSINESS,False,MEDIUM,ACTIVE
NSB002439,Haley,Gardner,1954-03-21,10,13,Accountant,55657.41,PENSION,False,HIGH,ACTIVE
NSB002440,Veronica,Charles,1973-05-05,18,7,Sales Manager,83884.14,BUSINESS,False,HIGH,CLOSED
NSB002441,Stephanie,Davis,1987-02-19,13,10,Marketing Manager,102579.9,INVESTMENTS,False,LOW,ACTIVE
NSB002442,Michael,Rodriguez,1990-05-11,13,1,Data Analyst,83206.75,INVESTMENTS,False,MEDIUM,ACTIVE
NSB002443,Kim,Baker,1949-10-15,18,5,Software Engineer,90294.03,INVESTMENTS,False,LOW,ACTIVE
NSB002444,Christina,Perez,1989-12-23,20,8,Business Owner,189747.32,BUSINESS,False,LOW,ACTIVE
NSB002445,Scott,Lucas,1942-07-04,6,2,Accountant,67515.68,INVESTMENTS,False,LOW,ACTIVE
NSB002446,Tiffany,Palmer,1978-03-07,14,6,Consultant,53771.26,INVESTMENTS,False,LOW,ACTIVE
NSB002447,Matthew,Houston,1975-01-11,9,19,Teacher,48326.43,PENSION,False,LOW,ACTIVE
NSB002448,Wendy,Johnson,1948-06-20,16,17,Nurse,31265.01,PENSION,False,CRITICAL,ACTIVE
NSB002449,Joshua,Shelton,1966-05-09,8,4,Financial Analyst,94598.34,INVESTMENTS,True,MEDIUM,ACTIVE
NSB002450,Paula,Butler,1941-07-22,16,8,Nurse,34356.53,SAVINGS,False,LOW,ACTIVE
NSB002451,Tina,Powers,1943-12-18,1,6,Financial Analyst,64278.47,SAVINGS,False,HIGH,ACTIVE
NSB002452,Kristen,Sandoval,2000-10-25,20,15,Sales Manager,65920.29,SAVINGS,False,LOW,ACTIVE
NSB002453,Jennifer,Ramirez,1948-07-20,16,16,Business Owner,145902.95,SALARY,False,MEDIUM,ACTIVE
NSB002454,Jessica,Munoz,1966-07-24,9,1,Sales Manager,43805.32,PENSION,False,LOW,ACTIVE
NSB002455,Cheryl,Rodriguez,1952-12-21,16,10,Nurse,33328.43,INHERITANCE,False,MEDIUM,ACTIVE
NSB002456,Johnny,Watson,1968-10-09,1,1,Data Analyst,56791.73,SAVINGS,False,LOW,INACTIVE
NSB002457,Dennis,Rose,1957-12-01,9,5,Architect,93882.56,INHERITANCE,False,LOW,ACTIVE
NSB002458,Kimberly,Ramos,1997-01-27,17,2,Doctor,210895.16,BUSINESS,False,HIGH,ACTIVE
NSB002459,Laura,West,1978-10-19,14,5,Accountant,87601.44,SALARY,False,MEDIUM,ACTIVE
NSB002460,James,Bentley,1982-05-20,11,9,Architect,82663.73,SAVINGS,False,LOW,ACTIVE
NSB002461,Zachary,Keller,1943-07-28,4,12,Student,13440.07,SALARY,False,LOW,ACTIVE
NSB002462,Linda,Vasquez,1945-08-27,11,2,Lawyer,54893.66,SAVINGS,False,LOW,ACTIVE
NSB002463,Nicholas,Freeman,2003-07-28,4,19,Marketing Manager,76949.84,INHERITANCE,False,MEDIUM,ACTIVE
NSB002464,Larry,Rodriguez,1983-02-24,16,15,Business Owner,106463.44,BUSINESS,False,MEDIUM,ACTIVE
NSB002465,Gregory,Boyer,1944-03-21,5,17,Lawyer,73578.94,INVESTMENTS,False,LOW,ACTIVE
NSB002466,Gary,Harris,1952-03-21,1,16,Architect,58769.05,PENSION,False,MEDIUM,DECEASED
NSB002467,Christina,Peterson,2005-04-27,16,9,Lawyer,158395.32,PENSION,False,LOW,BLOCKED
NSB002468,Jessica,Hall,1958-08-17,9,11,Software Engineer,105344.9,BUSINESS,False,LOW,INACTIVE
NSB002469,Emily,Hall,1951-04-10,5,12,Business Owner,127446.79,INHERITANCE,False,LOW,ACTIVE
NSB002470,Victoria,Jenkins,1942-03-04,2,19,Lawyer,131043.08,INVESTMENTS,False,LOW,ACTIVE
NSB002471,Taylor,Bradley,1985-03-15,14,17,Data Analyst,53663.55,SALARY,False,LOW,ACTIVE
NSB002472,William,Sutton,1995-12-09,20,2,Student,30358.46,INHERITANCE,False,LOW,ACTIVE
NSB002473,Michael,Curtis,1957-05-28,2,19,Sales Manager,92145.27,PENSION,False,MEDIUM,ACTIVE
NSB002474,Robert,Russell,1972-04-12,4,3,Marketing Manager,102345.42,SAVINGS,False,MEDIUM,BLOCKED
NSB002475,Michelle,Fischer,1973-09-16,17,20,Sales Manager,56924.85,BUSINESS,False,MEDIUM,ACTIVE
NSB002476,Craig,Martin,1983-07-31,16,14,Engineer,108857.2,SALARY,False,LOW,ACTIVE
NSB002477,Ashley,Davis,1942-06-15,3,12,Data Analyst,82590.15,PENSION,False,LOW,BLOCKED
NSB002478,Erica,Peterson,1972-10-31,15,8,Consultant,122856.58,PENSION,False,HIGH,ACTIVE
NSB002479,Andrew,Peterson,1967-08-10,4,16,Accountant,56514.36,SAVINGS,False,MEDIUM,ACTIVE
NSB002480,Walter,Thomas,1989-03-16,11,5,Consultant,70573.85,INVESTMENTS,False,LOW,ACTIVE
NSB002481,Jenny,Roberson,1945-04-30,20,6,Student,13581.55,PENSION,False,MEDIUM,ACTIVE
NSB002482,Debra,Moore,1989-04-14,19,7,Doctor,120574.13,INHERITANCE,False,LOW,ACTIVE
NSB002483,Holly,Pace,1982-09-02,3,5,Student,26345.2,BUSINESS,False,LOW,ACTIVE
NSB002484,Marcus,Carey,1958-02-10,12,2,Data Analyst,40147.34,PENSION,False,HIGH,ACTIVE
NSB002485,Karen,Pierce,1965-12-03,2,1,Financial Analyst,108041.03,BUSINESS,False,LOW,ACTIVE
NSB002486,Lauren,Davies,1961-05-06,2,13,Software Engineer,98824.77,INVESTMENTS,False,HIGH,ACTIVE
NSB002487,Jessica,Perry,1966-06-11,7,13,Nurse,61666.55,SALARY,False,MEDIUM,ACTIVE
NSB002488,Melissa,Marshall,1977-11-19,17,12,Lawyer,92337.7,BUSINESS,False,MEDIUM,ACTIVE
NSB002489,Paul,Krause,1974-10-18,7,20,Financial Analyst,70904.54,SALARY,False,MEDIUM,BLOCKED
NSB002490,David,Brown,1963-11-28,14,16,Nurse,55875.48,BUSINESS,False,MEDIUM,ACTIVE
NSB002491,Sharon,Ferguson,1975-04-05,18,20,Engineer,57368.0,BUSINESS,False,LOW,ACTIVE
NSB002492,Danielle,Patel,1970-12-30,14,4,Accountant,39702.06,SALARY,False,LOW,ACTIVE
NSB002493,Stephen,Campbell,1951-11-15,12,8,Software Engineer,117083.73,INVESTMENTS,False,HIGH,ACTIVE
NSB002494,Ryan,Conway,2002-08-10,14,15,Business Owner,62775.21,PENSION,False,MEDIUM,ACTIVE
NSB002495,Derek,Stark,1983-03-13,14,5,Consultant,105727.65,BUSINESS,False,LOW,ACTIVE
NSB002496,Gregory,Dixon,1988-09-06,20,17,Nurse,50545.89,INHERITANCE,False,MEDIUM,ACTIVE
NSB002497,Brian,Rhodes,1973-06-22,6,8,Marketing Manager,90584.67,INHERITANCE,False,LOW,ACTIVE
NSB002498,Timothy,Smith,1962-04-17,11,13,Data Analyst,57112.89,INVESTMENTS,False,LOW,ACTIVE
NSB002499,Melanie,Banks,1964-12-14,2,8,Sales Manager,92485.36,INHERITANCE,False,LOW,ACTIVE
NSB002500,Robert,Neal,1997-01-25,13,9,Data Analyst,81034.47,SALARY,False,LOW,ACTIVE
NSB002501,Carol,Rodriguez,2003-02-20,12,12,Accountant,65794.14,SALARY,False,HIGH,BLOCKED
NSB002502,Kathleen,Sherman,1976-03-15,6,2,Student,5801.99,SALARY,False,LOW,ACTIVE
NSB002503,Erica,Mathis,1992-01-16,15,3,Marketing Manager,110409.86,SALARY,False,LOW,ACTIVE
NSB002504,Jason,Lowe,1982-08-22,3,1,Software Engineer,58008.91,INHERITANCE,False,MEDIUM,ACTIVE
NSB002505,Brittany,Wood,1978-10-27,1,7,Consultant,113212.36,BUSINESS,False,LOW,ACTIVE
NSB002506,Brian,Robbins,1993-05-27,11,10,Lawyer,125591.92,SAVINGS,False,LOW,CLOSED
NSB002507,Mallory,Mitchell,2001-04-11,11,6,Engineer,87007.57,INVESTMENTS,False,MEDIUM,ACTIVE
NSB002508,Mark,Armstrong,1948-03-17,6,19,Lawyer,130009.7,INVESTMENTS,False,MEDIUM,ACTIVE
NSB002509,Doris,Dickson,1998-10-26,16,17,Consultant,119372.52,INVESTMENTS,False,LOW,ACTIVE
NSB002510,Stacey,Bishop,1991-06-22,16,12,Architect,63041.95,SAVINGS,False,HIGH,ACTIVE
NSB002511,Erik,Davis,1998-10-30,9,8,Business Owner,128765.49,SALARY,False,LOW,ACTIVE
NSB002512,Jeffrey,Terry,1973-05-03,14,14,Financial Analyst,56946.94,BUSINESS,False,LOW,ACTIVE
NSB002513,Tracy,Miller,1988-04-17,13,17,Lawyer,178077.77,SALARY,False,HIGH,ACTIVE
NSB002514,William,Trujillo,1975-09-07,4,9,Student,20236.43,SALARY,False,LOW,ACTIVE
NSB002515,Casey,Stevens,1968-04-09,7,20,Engineer,88862.21,SAVINGS,False,MEDIUM,ACTIVE
NSB002516,Toni,Carter,1988-08-14,1,12,Consultant,146579.36,BUSINESS,False,LOW,ACTIVE
NSB002517,Christopher,Lane,1949-04-16,4,5,Architect,51207.82,INVESTMENTS,False,LOW,ACTIVE
NSB002518,Jeffrey,Mcdaniel,1997-09-11,20,4,Data Analyst,79237.81,SALARY,False,MEDIUM,ACTIVE
NSB002519,Lori,Dean,1976-03-04,12,6,Marketing Manager,85974.84,SALARY,False,LOW,ACTIVE
NSB002520,Curtis,Fisher,1961-11-17,6,9,Lawyer,116061.77,INVESTMENTS,False,LOW,ACTIVE
NSB002521,Abigail,Cox,1971-06-16,7,17,Engineer,102968.39,INHERITANCE,False,LOW,ACTIVE
NSB002522,Nicholas,Jones,1999-04-08,13,13,Financial Analyst,48552.91,SAVINGS,False,HIGH,ACTIVE
NSB002523,Jeffrey,Schroeder,1981-06-13,10,2,Lawyer,162472.89,INHERITANCE,False,MEDIUM,ACTIVE
NSB002524,Levi,Morrison,1995-06-05,17,10,Teacher,44681.55,BUSINESS,False,LOW,ACTIVE
NSB002525,Richard,Williams,1970-04-11,16,18,Architect,70731.53,INHERITANCE,False,LOW,ACTIVE
NSB002526,John,Randolph,1988-02-20,9,16,Accountant,73469.91,SALARY,False,LOW,ACTIVE
NSB002527,Jamie,Taylor,1997-07-14,16,7,Business Owner,241407.11,BUSINESS,False,HIGH,ACTIVE
NSB002528,James,Sanders,2002-06-29,17,9,Engineer,62678.5,SALARY,False,HIGH,ACTIVE
NSB002529,Todd,Burton,2001-06-22,13,7,Business Owner,136220.7,INHERITANCE,False,LOW,ACTIVE
NSB002530,Eric,Porter,2002-04-10,9,18,Teacher,57459.88,PENSION,False,LOW,BLOCKED
NSB002531,Daniel,Boyer,1976-04-18,13,7,Engineer,115446.1,SAVINGS,False,LOW,ACTIVE
NSB002532,Evan,Brooks,1941-04-09,5,17,Software Engineer,113572.55,INVESTMENTS,False,MEDIUM,ACTIVE
NSB002533,Christina,Carter,2004-05-08,19,3,Marketing Manager,61045.65,BUSINESS,False,LOW,ACTIVE
NSB002534,Michael,Griffin,1981-03-16,16,15,Financial Analyst,79564.34,SAVINGS,False,LOW,ACTIVE
NSB002535,Nathan,Snyder,1956-11-10,7,11,Accountant,67505.06,SAVINGS,False,MEDIUM,ACTIVE
NSB002536,Sara,Rodriguez,1961-12-05,9,11,Teacher,46154.81,BUSINESS,False,MEDIUM,CLOSED
NSB002537,Patrick,Taylor,1946-09-11,12,6,Architect,86228.98,SALARY,True,CRITICAL,ACTIVE
NSB002538,Pamela,Garcia,1990-11-08,11,17,Engineer,74918.13,SALARY,False,LOW,ACTIVE
NSB002539,Justin,Ferrell,1946-08-07,1,20,Consultant,50403.51,INHERITANCE,False,MEDIUM,ACTIVE
NSB002540,Benjamin,Bright,1953-02-19,3,19,Lawyer,79334.27,INHERITANCE,False,LOW,ACTIVE
NSB002541,Deborah,Bradley,1965-12-11,2,20,Engineer,51967.24,BUSINESS,False,LOW,ACTIVE
NSB002542,Kimberly,Adams,2004-08-22,3,1,Financial Analyst,104562.13,SALARY,False,LOW,ACTIVE
NSB002543,Caleb,Alvarez,1984-10-17,11,20,Lawyer,127000.59,PENSION,False,MEDIUM,INACTIVE
NSB002544,Amber,Arnold,1941-08-23,8,1,Financial Analyst,71674.89,BUSINESS,False,LOW,ACTIVE
NSB002545,Robert,Grant,1990-02-01,5,4,Marketing Manager,72820.46,SALARY,False,MEDIUM,ACTIVE
NSB002546,Eric,Dawson,1968-08-04,5,7,Business Owner,43640.91,PENSION,False,MEDIUM,ACTIVE
NSB002547,Eric,Sandoval,1962-09-21,1,13,Marketing Manager,118529.95,INVESTMENTS,False,LOW,INACTIVE
NSB002548,Colton,Jones,1997-09-21,10,16,Teacher,56323.63,SALARY,False,MEDIUM,ACTIVE
NSB002549,Alexander,Perry,1973-05-18,13,4,Nurse,54165.09,INVESTMENTS,False,LOW,ACTIVE
NSB002550,William,Hamilton,2002-10-26,1,3,Engineer,46535.7,INHERITANCE,False,LOW,ACTIVE
NSB002551,Jennifer,Jones,1962-12-21,9,5,Engineer,54436.37,PENSION,False,LOW,ACTIVE
NSB002552,Amy,Clark,1966-01-23,11,17,Lawyer,169438.33,BUSINESS,False,HIGH,ACTIVE
NSB002553,Erika,Jones,1974-05-13,2,18,Engineer,48404.29,SAVINGS,False,LOW,ACTIVE
NSB002554,Daniel,Hubbard,1991-01-03,19,18,Architect,93496.36,INHERITANCE,False,LOW,ACTIVE
NSB002555,Steven,Paul,1990-07-16,15,11,Accountant,64638.24,INVESTMENTS,False,LOW,ACTIVE
NSB002556,Tammy,Taylor,1945-04-05,11,7,Student,19205.5,SAVINGS,False,MEDIUM,ACTIVE
NSB002557,William,Harris,1996-08-20,3,17,Financial Analyst,75630.55,SAVINGS,False,LOW,ACTIVE
NSB002558,Donna,Christian,1966-12-02,6,2,Data Analyst,42543.27,INVESTMENTS,False,LOW,ACTIVE
NSB002559,Richard,Miller,1941-07-01,20,6,Engineer,114199.18,INVESTMENTS,False,MEDIUM,ACTIVE
NSB002560,David,Austin,1957-04-29,12,12,Consultant,51636.67,INHERITANCE,False,LOW,ACTIVE
NSB002561,Samantha,Carter,1963-08-18,17,11,Nurse,31766.49,SALARY,False,LOW,ACTIVE
NSB002562,Marissa,Luna,1960-05-09,4,18,Engineer,87722.88,PENSION,False,LOW,ACTIVE
NSB002563,Brandi,Rush,1984-08-09,3,4,Architect,97164.39,BUSINESS,False,MEDIUM,DECEASED
NSB002564,Ashley,Parker,1970-03-27,4,9,Sales Manager,64054.79,INHERITANCE,False,LOW,ACTIVE
NSB002565,Joseph,Delgado,1952-05-27,9,1,Student,28680.62,INVESTMENTS,False,LOW,ACTIVE
NSB002566,Stephen,Macias,1978-03-02,10,4,Nurse,44309.61,SALARY,False,LOW,ACTIVE
NSB002567,John,Gardner,1946-05-24,10,19,Software Engineer,65323.96,SALARY,False,MEDIUM,ACTIVE
NSB002568,Brandy,Morris,1996-12-31,10,6,Nurse,51411.73,INVESTMENTS,False,LOW,ACTIVE
NSB002569,Allen,Turner,1991-02-14,19,3,Lawyer,155786.83,INHERITANCE,False,MEDIUM,INACTIVE
NSB002570,Diane,Payne,2006-02-13,19,2,Consultant,115638.79,INVESTMENTS,False,LOW,ACTIVE
NSB002571,Henry,Moreno,1996-02-12,10,2,Consultant,85215.24,SAVINGS,False,LOW,ACTIVE
NSB002572,Kim,Williams,1952-08-30,17,7,Doctor,126730.46,INVESTMENTS,False,MEDIUM,ACTIVE
NSB002573,Anthony,Clark,1949-09-30,17,15,Data Analyst,50331.55,SALARY,False,MEDIUM,ACTIVE
NSB002574,Sherry,Johnson,1983-10-27,9,9,Sales Manager,80805.87,SALARY,False,LOW,ACTIVE
NSB002575,Carla,Hester,1948-05-27,10,10,Accountant,67579.37,SALARY,False,CRITICAL,ACTIVE
NSB002576,Walter,Kennedy,2002-07-27,17,20,Architect,43552.92,SALARY,False,MEDIUM,ACTIVE
NSB002577,Jason,Dalton,1966-10-13,8,16,Accountant,35120.38,SALARY,False,LOW,ACTIVE
NSB002578,Shannon,White,1957-12-05,16,10,Nurse,57655.3,INVESTMENTS,False,LOW,ACTIVE
NSB002579,Jennifer,Martin,1941-05-15,16,2,Architect,63626.67,SAVINGS,False,LOW,ACTIVE
NSB002580,Amanda,Hall,1963-01-11,10,20,Student,23438.38,SAVINGS,False,LOW,ACTIVE
NSB002581,Melissa,Waters,1945-11-23,16,4,Doctor,121755.88,PENSION,False,LOW,ACTIVE
NSB002582,Daniel,Jackson,1971-10-05,3,5,Data Analyst,47216.61,PENSION,False,HIGH,CLOSED
NSB002583,Anita,Williams,1948-11-20,7,16,Accountant,58396.2,SALARY,False,LOW,ACTIVE
NSB002584,Dawn,King,1941-05-16,20,13,Teacher,34338.33,SALARY,False,LOW,ACTIVE
NSB002585,Bruce,Hernandez,2005-02-14,5,11,Accountant,79658.37,BUSINESS,False,LOW,ACTIVE
NSB002586,Dorothy,Willis,1957-12-01,17,19,Doctor,150504.03,PENSION,False,MEDIUM,ACTIVE
NSB002587,Dawn,Vaughan,1960-10-15,10,15,Engineer,59374.91,PENSION,False,LOW,ACTIVE
NSB002588,Jose,Mayo,1945-11-06,16,12,Data Analyst,51550.03,PENSION,False,LOW,INACTIVE
NSB002589,Brian,Miller,1981-08-17,19,11,Data Analyst,59315.32,SAVINGS,False,LOW,ACTIVE
NSB002590,Yolanda,Harris,1947-10-14,16,1,Doctor,90560.3,SAVINGS,False,LOW,BLOCKED
NSB002591,Thomas,Fernandez,1967-07-09,10,8,Engineer,65073.39,INHERITANCE,False,MEDIUM,INACTIVE
NSB002592,Cynthia,Davis,1975-12-30,8,16,Consultant,47469.09,SALARY,False,MEDIUM,ACTIVE
NSB002593,Laura,Blanchard,1980-06-18,8,16,Nurse,58609.96,BUSINESS,False,MEDIUM,ACTIVE
NSB002594,Eugene,Chen,1982-03-31,1,12,Marketing Manager,115201.17,BUSINESS,False,LOW,ACTIVE
NSB002595,Courtney,Ingram,1993-06-10,18,12,Financial Analyst,45454.75,INVESTMENTS,False,HIGH,ACTIVE
NSB002596,Jeffrey,Jordan,1960-07-10,20,20,Software Engineer,67193.21,INHERITANCE,False,LOW,ACTIVE
NSB002597,Kaitlin,Guerrero,1941-05-30,4,8,Teacher,67522.82,SAVINGS,False,LOW,ACTIVE
NSB002598,Kelly,Brooks,2005-02-19,15,13,Sales Manager,65135.97,SALARY,False,LOW,ACTIVE
NSB002599,Bradley,Chavez,2006-02-11,13,19,Consultant,75314.15,INVESTMENTS,False,MEDIUM,ACTIVE
NSB002600,Kristin,Munoz,1963-01-02,9,1,Architect,47610.59,INHERITANCE,False,LOW,DECEASED
NSB002601,Timothy,Spencer,1994-12-13,9,16,Architect,60096.87,BUSINESS,False,LOW,ACTIVE
NSB002602,Michele,Campbell,1947-03-14,11,6,Student,8909.92,INVESTMENTS,False,MEDIUM,ACTIVE
NSB002603,Joseph,Salinas,1995-03-09,9,19,Consultant,74687.31,BUSINESS,False,LOW,ACTIVE
NSB002604,Adam,Benjamin,2002-07-16,1,8,Nurse,55407.18,SAVINGS,False,MEDIUM,ACTIVE
NSB002605,Sara,Parks,1989-03-10,15,14,Teacher,60143.07,SALARY,False,MEDIUM,ACTIVE
NSB002606,Samuel,Colon,2000-10-31,9,3,Consultant,109663.03,PENSION,False,MEDIUM,ACTIVE
NSB002607,Kathryn,Johnson,1998-02-27,8,6,Marketing Manager,106531.16,SAVINGS,False,CRITICAL,ACTIVE
NSB002608,Manuel,Adams,1955-08-26,1,16,Student,14644.22,PENSION,False,LOW,ACTIVE
NSB002609,Alexander,Baker,1960-10-24,11,7,Student,28247.13,BUSINESS,False,LOW,ACTIVE
NSB002610,John,Mcneil,1957-11-01,9,13,Engineer,97614.25,INHERITANCE,False,LOW,ACTIVE
NSB002611,Dennis,Alexander,1980-08-11,19,16,Data Analyst,97534.1,BUSINESS,False,LOW,ACTIVE
NSB002612,Benjamin,Chavez,1997-02-22,18,7,Lawyer,154492.97,SAVINGS,False,HIGH,ACTIVE
NSB002613,Theresa,Malone,1970-06-04,14,11,Marketing Manager,103377.47,BUSINESS,False,HIGH,ACTIVE
NSB002614,Linda,Dean,1997-08-03,9,9,Accountant,77391.25,BUSINESS,False,LOW,ACTIVE
NSB002615,Lauren,Harris,1985-01-18,18,1,Data Analyst,78141.77,INVESTMENTS,False,LOW,ACTIVE
NSB002616,Phillip,Kramer,1963-05-19,11,4,Doctor,192752.73,INVESTMENTS,False,LOW,ACTIVE
NSB002617,Patricia,Jackson,1998-08-22,5,10,Consultant,148583.47,INHERITANCE,False,LOW,ACTIVE
NSB002618,Sarah,Simpson,1993-07-20,18,17,Student,25384.71,PENSION,False,MEDIUM,ACTIVE
NSB002619,Jennifer,Davis,1949-11-02,20,17,Consultant,72066.51,SAVINGS,False,LOW,ACTIVE
NSB002620,Lisa,Petersen,1945-12-18,16,5,Accountant,86122.81,BUSINESS,False,LOW,ACTIVE
NSB002621,Luis,Fitzpatrick,1955-11-20,16,16,Business Owner,242511.52,PENSION,False,MEDIUM,ACTIVE
NSB002622,Alexander,Hall,2006-05-29,15,13,Marketing Manager,76162.59,SALARY,False,LOW,ACTIVE
NSB002623,Jamie,Johnson,1982-06-09,13,10,Teacher,30836.75,BUSINESS,False,LOW,ACTIVE
NSB002624,Mark,Ramirez,1967-04-16,12,13,Business Owner,113866.6,INVESTMENTS,False,MEDIUM,ACTIVE
NSB002625,Jacqueline,Wilson,1942-11-01,3,12,Architect,97143.75,INHERITANCE,False,LOW,ACTIVE
NSB002626,Kimberly,Lopez,1941-05-26,5,17,Consultant,140244.32,PENSION,False,LOW,ACTIVE
NSB002627,Anita,Hughes,2006-08-18,2,13,Doctor,73387.41,INVESTMENTS,False,LOW,ACTIVE
NSB002628,Cody,Miller,1993-07-21,1,19,Student,30282.76,SALARY,False,LOW,ACTIVE
NSB002629,Mark,Pearson,1970-09-03,18,2,Doctor,163269.96,SALARY,False,HIGH,ACTIVE
NSB002630,Elizabeth,Newton,1965-12-18,9,12,Marketing Manager,68956.3,PENSION,False,LOW,ACTIVE
NSB002631,James,Brown,1995-09-18,16,18,Teacher,64358.67,INVESTMENTS,False,MEDIUM,ACTIVE
NSB002632,Brad,Goodwin,1985-06-15,15,6,Teacher,66515.64,SAVINGS,False,MEDIUM,ACTIVE
NSB002633,Richard,Flores,1981-11-07,8,12,Business Owner,149825.88,PENSION,False,LOW,ACTIVE
NSB002634,Matthew,Morgan,1996-07-23,10,19,Consultant,97273.87,INVESTMENTS,False,MEDIUM,ACTIVE
NSB002635,Charles,Williams,1952-06-16,8,1,Engineer,69114.29,SAVINGS,False,MEDIUM,BLOCKED
NSB002636,William,Steele,1985-08-31,13,13,Student,20066.15,INHERITANCE,False,LOW,ACTIVE
NSB002637,Jose,Myers,1998-09-15,5,5,Business Owner,135604.54,SAVINGS,False,MEDIUM,ACTIVE
NSB002638,Alexis,Brooks,1947-11-10,5,4,Lawyer,127805.23,BUSINESS,False,CRITICAL,ACTIVE
NSB002639,Timothy,Wood,1997-03-09,12,3,Teacher,44680.67,SALARY,False,HIGH,ACTIVE
NSB002640,Anna,Casey,1956-07-01,10,4,Consultant,131017.11,SAVINGS,False,LOW,ACTIVE
NSB002641,David,Aguilar,1954-02-16,2,9,Doctor,146751.17,SAVINGS,False,HIGH,ACTIVE
NSB002642,William,Mann,1965-09-20,2,2,Doctor,163419.7,SAVINGS,False,HIGH,ACTIVE
NSB002643,James,Harvey,2005-02-05,1,2,Consultant,47185.79,INHERITANCE,False,CRITICAL,ACTIVE
NSB002644,Kenneth,Nichols,1975-09-05,10,8,Student,15280.7,INHERITANCE,False,LOW,ACTIVE
NSB002645,William,Chapman,1985-06-04,5,3,Lawyer,157917.96,BUSINESS,False,MEDIUM,ACTIVE
NSB002646,Omar,Rosales,1968-07-17,2,13,Lawyer,160189.0,INVESTMENTS,False,LOW,ACTIVE
NSB002647,Maria,Rogers,1966-03-31,6,10,Accountant,85754.28,INHERITANCE,False,MEDIUM,DECEASED
NSB002648,Dana,Schaefer,1994-06-18,16,14,Accountant,59211.24,SALARY,False,MEDIUM,ACTIVE
NSB002649,Sean,Singh,1989-10-27,17,19,Software Engineer,114745.65,INVESTMENTS,False,LOW,BLOCKED
NSB002650,Kathleen,Kramer,1960-06-29,14,4,Teacher,66562.35,BUSINESS,False,LOW,ACTIVE
NSB002651,William,Garcia,1947-10-10,16,14,Sales Manager,47718.38,SALARY,False,LOW,ACTIVE
NSB002652,Nicholas,Mann,1971-11-11,11,17,Financial Analyst,83270.83,SALARY,False,MEDIUM,ACTIVE
NSB002653,Kristen,Mcconnell,1987-08-07,8,3,Sales Manager,103735.39,INHERITANCE,False,LOW,CLOSED
NSB002654,Bailey,Moyer,1984-08-22,3,19,Doctor,120494.3,SALARY,False,LOW,ACTIVE
NSB002655,Tracy,Miller,1948-08-20,5,19,Software Engineer,50428.32,INVESTMENTS,True,HIGH,ACTIVE
NSB002656,Daniel,Drake,1974-05-25,19,12,Teacher,53763.03,SALARY,False,LOW,ACTIVE
NSB002657,Debra,Thomas,1990-02-13,19,7,Student,10666.85,SALARY,False,LOW,ACTIVE
NSB002658,Brett,Goodwin,1956-11-09,12,3,Accountant,43903.99,SALARY,False,CRITICAL,ACTIVE
NSB002659,David,Bryan,1978-02-02,7,18,Engineer,74053.26,BUSINESS,False,LOW,BLOCKED
NSB002660,Laura,Cameron,1953-10-10,6,4,Data Analyst,69713.95,INHERITANCE,False,MEDIUM,ACTIVE
NSB002661,Cheryl,Cobb,1956-08-30,4,15,Marketing Manager,66122.83,INHERITANCE,False,LOW,ACTIVE
NSB002662,Kelly,Schroeder,1949-07-30,6,4,Consultant,94640.08,INHERITANCE,False,HIGH,INACTIVE
NSB002663,Jeremiah,Rivera,1961-04-30,20,13,Nurse,56680.53,INHERITANCE,False,MEDIUM,ACTIVE
NSB002664,Rachel,Klein,1957-06-08,12,6,Architect,61648.37,BUSINESS,False,MEDIUM,ACTIVE
NSB002665,Michael,White,1984-03-16,13,16,Architect,80929.93,INHERITANCE,False,HIGH,INACTIVE
NSB002666,Christopher,Myers,1979-07-20,12,16,Teacher,52517.2,PENSION,False,LOW,ACTIVE
NSB002667,Linda,Carter,1965-10-27,19,10,Accountant,84375.33,INHERITANCE,False,LOW,ACTIVE
NSB002668,Lawrence,Santiago,2002-06-15,7,13,Data Analyst,76093.25,BUSINESS,False,MEDIUM,ACTIVE
NSB002669,Michael,Pena,1955-01-21,15,17,Nurse,53211.2,INVESTMENTS,False,MEDIUM,ACTIVE
NSB002670,Shirley,Williams,1966-08-17,14,14,Software Engineer,73209.01,PENSION,False,LOW,ACTIVE
NSB002671,Joseph,Jones,1977-03-16,1,1,Nurse,65980.72,BUSINESS,False,MEDIUM,ACTIVE
NSB002672,Ashley,Carpenter,1969-01-14,16,13,Data Analyst,81160.59,INVESTMENTS,False,LOW,ACTIVE
NSB002673,Julie,Pearson,1953-07-28,2,17,Nurse,57646.83,SAVINGS,False,LOW,ACTIVE
NSB002674,Jasmine,Spencer,1970-08-25,13,17,Nurse,53517.26,SAVINGS,False,MEDIUM,INACTIVE
NSB002675,Kaitlyn,Chapman,1971-05-20,8,7,Lawyer,73308.7,INVESTMENTS,False,MEDIUM,ACTIVE
NSB002676,Veronica,White,1988-03-06,14,1,Lawyer,79552.87,SALARY,False,MEDIUM,ACTIVE
NSB002677,Debbie,Palmer,1964-08-09,16,9,Accountant,47617.56,SAVINGS,False,MEDIUM,BLOCKED
NSB002678,Rebecca,Williams,2002-08-11,14,13,Architect,52411.47,SAVINGS,False,MEDIUM,ACTIVE
NSB002679,Jillian,Figueroa,1995-11-06,18,12,Financial Analyst,88331.22,BUSINESS,False,LOW,ACTIVE
NSB002680,Deborah,Mcguire,1993-01-20,16,18,Doctor,154599.91,BUSINESS,False,LOW,ACTIVE
NSB002681,Michele,Garcia,1983-07-25,1,13,Software Engineer,52144.43,PENSION,True,HIGH,ACTIVE
NSB002682,Richard,Stephens,1968-09-21,11,8,Sales Manager,63191.65,INVESTMENTS,False,LOW,ACTIVE
NSB002683,Amanda,Velasquez,1959-04-29,13,12,Consultant,45822.95,PENSION,False,LOW,ACTIVE
NSB002684,Shelly,Pearson,2003-06-30,10,4,Consultant,53780.26,SALARY,False,LOW,ACTIVE
NSB002685,Wendy,Warren,2002-10-23,4,16,Lawyer,113145.66,PENSION,False,LOW,ACTIVE
NSB002686,Robert,Grimes,1960-11-11,16,7,Business Owner,280823.77,INHERITANCE,False,MEDIUM,ACTIVE
NSB002687,Billy,Griffin,1964-03-23,14,20,Teacher,44592.79,SALARY,False,LOW,ACTIVE
NSB002688,Kyle,Smith,1984-07-03,10,16,Student,26059.35,BUSINESS,False,MEDIUM,ACTIVE
NSB002689,Kristina,Daniels,1963-02-06,15,18,Lawyer,152055.8,INVESTMENTS,False,LOW,ACTIVE
NSB002690,Natasha,Ware,1961-08-27,1,14,Doctor,100564.86,PENSION,False,HIGH,INACTIVE
NSB002691,Randall,Grant,1986-04-17,1,11,Sales Manager,54433.83,PENSION,False,CRITICAL,ACTIVE
NSB002692,Anthony,Davis,1991-06-05,3,2,Consultant,46735.11,SAVINGS,False,LOW,ACTIVE
NSB002693,Rodney,Lopez,1961-02-24,18,20,Doctor,169595.48,SALARY,False,MEDIUM,ACTIVE
NSB002694,Alison,Carlson,1967-04-26,7,12,Business Owner,63507.39,SALARY,False,LOW,ACTIVE
NSB002695,Mary,Brooks,1948-02-11,7,16,Marketing Manager,51560.87,INHERITANCE,False,MEDIUM,ACTIVE
NSB002696,Erika,Manning,1979-11-28,9,15,Financial Analyst,82502.45,BUSINESS,True,LOW,ACTIVE
NSB002697,Brianna,Hunt,1970-08-19,3,19,Data Analyst,89908.85,INHERITANCE,False,LOW,ACTIVE
NSB002698,Michael,Jordan,1951-05-24,17,17,Engineer,88621.16,BUSINESS,False,LOW,ACTIVE
NSB002699,Jason,Hutchinson,2005-01-05,1,19,Architect,88069.09,INVESTMENTS,False,MEDIUM,ACTIVE
NSB002700,Jenna,Massey,1993-06-16,18,4,Student,13195.18,INHERITANCE,False,HIGH,ACTIVE
NSB002701,Alison,Rangel,2004-10-31,7,1,Data Analyst,54021.58,BUSINESS,False,LOW,ACTIVE
NSB002702,Nicholas,Simmons,1959-01-03,8,18,Business Owner,94308.02,INVESTMENTS,False,MEDIUM,ACTIVE
NSB002703,Wesley,Choi,1973-06-23,10,6,Consultant,122581.03,INVESTMENTS,False,LOW,ACTIVE
NSB002704,Michael,Higgins,1997-09-12,10,10,Sales Manager,124774.29,PENSION,False,MEDIUM,ACTIVE
NSB002705,Cynthia,Matthews,1997-03-10,4,14,Data Analyst,78588.16,PENSION,False,MEDIUM,ACTIVE
NSB002706,Kevin,Jarvis,1988-12-04,9,17,Doctor,63776.29,SAVINGS,False,MEDIUM,ACTIVE
NSB002707,Edwin,Caldwell,1948-01-19,17,14,Nurse,33800.39,BUSINESS,False,MEDIUM,ACTIVE
NSB002708,Wanda,Davis,1999-12-25,15,6,Student,8841.21,BUSINESS,False,LOW,ACTIVE
NSB002709,Elizabeth,Davis,1992-11-27,7,12,Business Owner,238264.38,SALARY,False,LOW,ACTIVE
NSB002710,John,Jacobs,1956-10-26,9,11,Marketing Manager,95368.69,SALARY,False,LOW,ACTIVE
NSB002711,Amy,Fritz,1998-03-22,10,5,Marketing Manager,63465.48,INVESTMENTS,False,LOW,ACTIVE
NSB002712,Tasha,Everett,1986-08-04,16,13,Architect,71659.31,SAVINGS,False,CRITICAL,ACTIVE
NSB002713,Alexandria,Kelley,1948-09-27,18,19,Lawyer,79053.88,INVESTMENTS,False,MEDIUM,ACTIVE
NSB002714,Matthew,Robinson,1961-07-14,20,8,Business Owner,89469.47,SAVINGS,False,MEDIUM,ACTIVE
NSB002715,Katherine,Lopez,1959-02-07,14,7,Business Owner,193672.16,PENSION,False,MEDIUM,ACTIVE
NSB002716,Emily,Collins,1943-01-08,18,18,Sales Manager,88655.82,INVESTMENTS,False,LOW,ACTIVE
NSB002717,Christine,Kramer,1993-10-06,11,15,Business Owner,102581.23,SALARY,False,LOW,ACTIVE
NSB002718,Steven,Herrera,1986-08-28,8,9,Financial Analyst,108955.78,SALARY,False,LOW,ACTIVE
NSB002719,Shawn,Patel,1949-12-09,15,4,Student,22750.9,INHERITANCE,False,LOW,ACTIVE
NSB002720,Ashley,Lambert,1985-04-23,7,6,Software Engineer,80269.36,SAVINGS,False,LOW,DECEASED
NSB002721,Joe,Kelley,1969-05-04,3,18,Business Owner,140195.12,INVESTMENTS,False,MEDIUM,ACTIVE
NSB002722,Shannon,Santiago,1981-05-06,7,7,Marketing Manager,67398.14,SALARY,False,LOW,ACTIVE
NSB002723,Erin,Fisher,1959-02-27,9,13,Student,28135.02,SAVINGS,False,LOW,ACTIVE
NSB002724,Jonathan,Vance,1957-04-05,6,14,Teacher,57286.73,SAVINGS,False,MEDIUM,ACTIVE
NSB002725,Christopher,Castillo,1957-04-29,12,16,Engineer,98912.34,BUSINESS,False,LOW,ACTIVE
NSB002726,Patricia,Meyer,1987-05-14,10,13,Engineer,112529.75,PENSION,False,CRITICAL,ACTIVE
NSB002727,Dawn,Taylor,1967-11-10,8,8,Teacher,50108.24,PENSION,False,LOW,ACTIVE
NSB002728,Daniel,Perez,2001-08-31,16,16,Software Engineer,113180.87,INVESTMENTS,False,MEDIUM,ACTIVE
NSB002729,Andrew,White,1958-05-03,19,20,Business Owner,205781.42,SALARY,False,LOW,BLOCKED
NSB002730,Jacob,Meyer,1987-12-04,19,19,Student,8889.88,SALARY,False,LOW,ACTIVE
NSB002731,Sara,Macias,1966-10-12,17,3,Consultant,87799.54,INVESTMENTS,False,LOW,ACTIVE
NSB002732,Carol,Morales,1991-07-30,14,8,Marketing Manager,96122.5,INHERITANCE,False,MEDIUM,ACTIVE
NSB002733,Trevor,Cardenas,1984-02-16,6,8,Accountant,75233.26,SALARY,False,MEDIUM,ACTIVE
NSB002734,Cynthia,Thomas,1983-04-29,3,13,Teacher,53303.75,PENSION,False,MEDIUM,ACTIVE
NSB002735,Joshua,Shields,1968-10-16,12,14,Software Engineer,77981.2,SALARY,False,CRITICAL,ACTIVE
NSB002736,James,Spencer,1993-08-27,10,20,Financial Analyst,86998.52,INVESTMENTS,False,MEDIUM,INACTIVE
NSB002737,Megan,Kennedy,1950-05-18,2,7,Teacher,65753.49,INHERITANCE,False,MEDIUM,INACTIVE
NSB002738,Jennifer,Morales,1973-06-13,17,9,Student,20839.97,BUSINESS,False,LOW,ACTIVE
NSB002739,Kyle,Sutton,2002-07-11,6,1,Lawyer,176411.61,SALARY,False,MEDIUM,ACTIVE
NSB002740,James,Martin,1942-12-02,12,5,Engineer,89543.2,INHERITANCE,False,LOW,ACTIVE
NSB002741,David,Salazar,1999-08-29,15,8,Software Engineer,58143.04,PENSION,False,HIGH,ACTIVE
NSB002742,Heidi,Haley,2003-02-22,13,6,Business Owner,247088.08,BUSINESS,False,LOW,ACTIVE
NSB002743,Amanda,Edwards,1952-01-21,9,12,Consultant,149977.79,SAVINGS,True,HIGH,ACTIVE
NSB002744,James,Conrad,1988-06-02,3,6,Teacher,31567.91,SAVINGS,False,MEDIUM,ACTIVE
NSB002745,Jeffery,Anderson,1994-10-08,2,13,Nurse,63358.06,SAVINGS,False,MEDIUM,ACTIVE
NSB002746,Teresa,Jones,1943-06-12,6,14,Doctor,215270.31,INVESTMENTS,False,MEDIUM,ACTIVE
NSB002747,Lance,Kidd,1948-05-17,9,3,Accountant,65389.7,SAVINGS,False,LOW,ACTIVE
NSB002748,Jason,Edwards,1997-01-03,6,15,Consultant,79014.47,BUSINESS,False,LOW,ACTIVE
NSB002749,Austin,Atkins,1997-07-18,1,15,Data Analyst,91847.2,INVESTMENTS,False,LOW,CLOSED
NSB002750,Andrea,Wells,1975-12-11,2,15,Architect,42939.65,BUSINESS,False,LOW,CLOSED
NSB002751,Lori,Curry,1977-02-15,9,9,Marketing Manager,115514.97,PENSION,False,MEDIUM,ACTIVE
NSB002752,Erika,Vargas,1969-12-01,16,17,Consultant,69930.34,INHERITANCE,False,MEDIUM,ACTIVE
NSB002753,Melanie,Martinez,1960-02-22,19,10,Doctor,184676.65,SAVINGS,False,LOW,ACTIVE
NSB002754,Christine,Hamilton,1994-04-19,1,18,Lawyer,101291.97,SALARY,False,LOW,ACTIVE
NSB002755,Nicole,King,1997-05-23,1,10,Teacher,63029.08,SALARY,False,MEDIUM,ACTIVE
NSB002756,Becky,Smith,1986-07-10,16,11,Lawyer,129886.42,INHERITANCE,False,LOW,ACTIVE
NSB002757,Samantha,Mccann,1989-11-30,15,14,Sales Manager,124197.35,INHERITANCE,False,MEDIUM,ACTIVE
NSB002758,Terrence,Jones,1999-08-13,12,7,Sales Manager,106356.6,SALARY,False,MEDIUM,ACTIVE
NSB002759,Susan,Scott,1965-04-13,1,12,Financial Analyst,45724.41,SALARY,False,LOW,ACTIVE
NSB002760,Nicholas,Price,1993-07-12,11,19,Doctor,62446.3,SAVINGS,False,LOW,ACTIVE
NSB002761,Elijah,Mcmahon,2002-11-20,5,6,Sales Manager,119725.89,SAVINGS,False,LOW,ACTIVE
NSB002762,Maria,Garcia,1972-04-24,2,6,Doctor,65238.18,SALARY,False,LOW,ACTIVE
NSB002763,Charles,Copeland,2001-10-04,12,18,Lawyer,88895.57,BUSINESS,False,LOW,ACTIVE
NSB002764,Nicole,Ball,1971-12-09,15,19,Software Engineer,71512.7,BUSINESS,False,LOW,ACTIVE
NSB002765,Karen,Houston,1983-08-22,3,6,Engineer,97923.49,SAVINGS,False,HIGH,ACTIVE
NSB002766,Cynthia,Stone,1960-11-05,3,11,Business Owner,285927.51,SAVINGS,False,LOW,ACTIVE
NSB002767,Andrew,Stephens,1988-01-23,12,8,Lawyer,156921.86,SAVINGS,False,LOW,ACTIVE
NSB002768,Karen,Pugh,2005-10-09,19,2,Marketing Manager,58977.98,INHERITANCE,False,LOW,ACTIVE
NSB002769,Gina,Jenkins,1949-03-31,18,14,Sales Manager,44282.02,SALARY,False,HIGH,ACTIVE
NSB002770,Kenneth,Middleton,1944-06-26,10,13,Student,28825.95,PENSION,False,LOW,ACTIVE
NSB002771,Sharon,Clark,1964-10-08,18,5,Engineer,96348.23,INVESTMENTS,False,LOW,ACTIVE
NSB002772,Kerri,Gonzales,2000-05-11,6,11,Sales Manager,99408.49,BUSINESS,False,LOW,ACTIVE
NSB002773,Nancy,Pruitt,1980-11-24,7,6,Teacher,61907.2,BUSINESS,False,LOW,ACTIVE
NSB002774,David,Stewart,1974-12-22,11,13,Consultant,52130.63,PENSION,False,LOW,ACTIVE
NSB002775,Mason,Alexander,1941-10-05,8,8,Sales Manager,129224.76,INHERITANCE,False,LOW,ACTIVE
NSB002776,Christian,Parker,1951-10-05,12,15,Sales Manager,57897.87,SAVINGS,False,LOW,ACTIVE
NSB002777,Thomas,Mcknight,1948-01-21,15,6,Lawyer,178565.03,PENSION,False,LOW,DECEASED
NSB002778,Michael,Castro,2002-02-22,20,18,Student,14821.65,PENSION,False,MEDIUM,ACTIVE
NSB002779,Thomas,Brady,1982-10-14,16,14,Engineer,115002.61,SAVINGS,False,HIGH,ACTIVE
NSB002780,Matthew,Mcdonald,2003-08-07,11,16,Student,29524.37,INVESTMENTS,False,LOW,ACTIVE
NSB002781,Daniel,Thompson,1992-07-12,9,20,Student,22175.33,SALARY,False,MEDIUM,ACTIVE
NSB002782,Cheryl,Oneal,1943-08-29,20,14,Engineer,100869.32,INHERITANCE,False,MEDIUM,ACTIVE
NSB002783,Amber,Miller,1962-07-21,1,13,Engineer,96890.87,SAVINGS,False,CRITICAL,ACTIVE
NSB002784,Kristine,Gallagher,1990-12-03,2,15,Data Analyst,70435.42,INVESTMENTS,False,LOW,ACTIVE
NSB002785,Diana,Reed,1972-08-04,6,8,Architect,88253.88,SALARY,False,LOW,ACTIVE
NSB002786,Jason,Tucker,1942-09-11,14,19,Student,23018.86,BUSINESS,False,MEDIUM,ACTIVE
NSB002787,Shannon,Moses,2001-09-03,4,20,Accountant,37846.19,PENSION,False,LOW,ACTIVE
NSB002788,Melissa,Evans,1978-12-16,10,1,Financial Analyst,100679.38,INHERITANCE,False,LOW,ACTIVE
NSB002789,Renee,Lopez,1978-10-01,6,18,Teacher,43188.53,BUSINESS,False,LOW,ACTIVE
NSB002790,Brian,Conway,1943-11-20,12,17,Marketing Manager,84882.71,INHERITANCE,False,LOW,ACTIVE
NSB002791,Amanda,Lopez,1971-11-11,4,6,Data Analyst,68463.46,BUSINESS,False,HIGH,ACTIVE
NSB002792,Daniel,Harrell,1984-08-29,11,19,Consultant,123948.43,PENSION,False,MEDIUM,ACTIVE
NSB002793,Stephanie,Booth,1986-05-20,18,8,Nurse,40178.97,SALARY,False,MEDIUM,ACTIVE
NSB002794,Ricky,Fuller,1974-05-18,9,20,Engineer,90772.54,SALARY,False,LOW,ACTIVE
NSB002795,Heidi,Price,2003-06-25,6,15,Data Analyst,87019.13,INVESTMENTS,False,LOW,ACTIVE
NSB002796,Mary,Khan,1954-04-21,10,19,Business Owner,222669.99,BUSINESS,False,MEDIUM,ACTIVE
NSB002797,Hannah,Gross,1952-08-02,7,8,Accountant,82471.68,INHERITANCE,False,MEDIUM,ACTIVE
NSB002798,Jennifer,Gordon,1978-06-24,13,8,Business Owner,173274.75,SAVINGS,False,LOW,ACTIVE
NSB002799,Shawn,Wagner,1975-12-16,2,6,Financial Analyst,83050.18,BUSINESS,False,LOW,ACTIVE
NSB002800,Jessica,Sparks,1996-06-20,2,14,Engineer,56817.43,INHERITANCE,False,LOW,ACTIVE
NSB002801,Jon,Klein,2001-06-11,10,6,Architect,40083.02,SAVINGS,False,HIGH,ACTIVE
NSB002802,David,Green,1957-05-07,5,12,Architect,58910.02,SAVINGS,False,LOW,BLOCKED
NSB002803,Benjamin,Sanchez,1970-11-01,10,15,Business Owner,84074.24,SAVINGS,False,LOW,ACTIVE
NSB002804,Sean,Combs,1974-01-29,19,10,Nurse,60855.14,BUSINESS,False,LOW,ACTIVE
NSB002805,Samuel,Brown,1999-03-29,10,18,Consultant,73274.66,SALARY,False,LOW,ACTIVE
NSB002806,Brandi,Ford,1979-12-08,6,19,Business Owner,274790.77,INVESTMENTS,False,LOW,ACTIVE
NSB002807,Glenda,Griffith,2006-01-13,17,10,Business Owner,86050.03,PENSION,False,LOW,ACTIVE
NSB002808,Jessica,Rubio,1965-01-23,1,17,Teacher,67383.06,INHERITANCE,False,LOW,ACTIVE
NSB002809,Briana,Hernandez,1982-03-14,12,8,Engineer,83938.73,INVESTMENTS,False,LOW,ACTIVE
NSB002810,Miguel,Mcguire,1956-08-01,8,3,Accountant,53594.71,INHERITANCE,True,CRITICAL,ACTIVE
NSB002811,Matthew,Rodriguez,1997-03-29,10,11,Business Owner,292990.65,SAVINGS,False,LOW,ACTIVE
NSB002812,Thomas,Carpenter,1987-01-22,3,11,Marketing Manager,107707.12,SALARY,False,MEDIUM,CLOSED
NSB002813,Gloria,Maldonado,1997-11-06,16,16,Student,31259.6,SAVINGS,False,MEDIUM,INACTIVE
NSB002814,Gregory,Thompson,1981-04-09,8,17,Architect,74716.24,PENSION,False,LOW,ACTIVE
NSB002815,Lauren,Shaw,1989-08-27,19,18,Student,7191.23,INHERITANCE,False,MEDIUM,ACTIVE
NSB002816,Thomas,Nguyen,1960-04-28,19,9,Financial Analyst,46985.08,INHERITANCE,False,LOW,ACTIVE
NSB002817,Matthew,Young,1995-07-16,9,3,Business Owner,87131.1,SALARY,False,MEDIUM,ACTIVE
NSB002818,Anthony,Griffin,1968-07-31,11,5,Teacher,58922.5,INVESTMENTS,False,HIGH,ACTIVE
NSB002819,David,York,1970-09-17,12,16,Engineer,73836.4,INVESTMENTS,False,MEDIUM,ACTIVE
NSB002820,Tamara,Miller,1957-11-07,19,3,Business Owner,107208.51,SAVINGS,False,MEDIUM,ACTIVE
NSB002821,William,Johnson,1964-01-11,13,11,Financial Analyst,112037.28,SAVINGS,False,LOW,ACTIVE
NSB002822,Ashley,Heath,1945-11-22,11,9,Student,30095.16,SALARY,False,LOW,ACTIVE
NSB002823,Rebecca,Christian,1999-04-20,14,14,Lawyer,79662.03,INVESTMENTS,False,LOW,CLOSED
NSB002824,Kevin,Faulkner,1998-06-24,11,14,Lawyer,178347.99,BUSINESS,False,LOW,ACTIVE
NSB002825,Shawn,Christensen,2000-07-16,12,9,Sales Manager,44086.25,PENSION,False,LOW,ACTIVE
NSB002826,Nicole,Lewis,1968-08-12,13,5,Architect,90379.46,SAVINGS,False,LOW,ACTIVE
NSB002827,Betty,Carter,1943-02-18,3,10,Lawyer,101647.46,BUSINESS,False,MEDIUM,ACTIVE
NSB002828,Emma,Waller,1966-09-11,13,17,Sales Manager,102430.02,BUSINESS,False,LOW,ACTIVE
NSB002829,Thomas,Dean,1990-12-16,9,7,Architect,58922.02,SAVINGS,False,LOW,ACTIVE
NSB002830,George,Coleman,1985-06-05,16,12,Doctor,210103.73,PENSION,False,HIGH,ACTIVE
NSB002831,David,Sheppard,1990-02-28,1,13,Architect,47588.68,PENSION,False,MEDIUM,ACTIVE
NSB002832,Brandon,Navarro,1968-04-11,7,14,Teacher,47298.11,PENSION,False,LOW,ACTIVE
NSB002833,Max,Ellis,1972-05-11,5,13,Sales Manager,84260.25,SAVINGS,False,MEDIUM,ACTIVE
NSB002834,Chad,Clark,1953-01-10,10,7,Business Owner,61931.12,SAVINGS,False,MEDIUM,ACTIVE
NSB002835,James,Chavez,1956-10-06,16,14,Consultant,98201.79,INHERITANCE,False,LOW,ACTIVE
NSB002836,Patrick,Williams,1977-10-25,7,12,Teacher,31437.48,SALARY,False,LOW,ACTIVE
NSB002837,Melinda,Miller,1979-09-22,18,6,Student,34572.14,PENSION,False,LOW,INACTIVE
NSB002838,John,Rodriguez,1967-06-18,13,3,Sales Manager,112790.9,INHERITANCE,False,LOW,ACTIVE
NSB002839,Jessica,Santos,1976-08-17,1,3,Student,22584.81,PENSION,False,MEDIUM,ACTIVE
NSB002840,Joshua,Romero,1996-11-13,6,8,Consultant,75990.23,SALARY,False,LOW,ACTIVE
NSB002841,Michelle,Mueller,1990-05-12,17,5,Nurse,42590.81,SAVINGS,False,MEDIUM,ACTIVE
NSB002842,Chad,Simpson,2000-03-26,4,11,Architect,40854.95,PENSION,False,LOW,ACTIVE
NSB002843,William,Hernandez,1958-09-07,2,17,Software Engineer,99388.51,SALARY,False,LOW,ACTIVE
NSB002844,Robert,West,1998-09-20,4,6,Data Analyst,96136.85,INHERITANCE,False,MEDIUM,ACTIVE
NSB002845,Carrie,Mitchell,1996-07-24,19,13,Doctor,200771.23,INVESTMENTS,False,MEDIUM,ACTIVE
NSB002846,Shelly,Garcia,1943-06-30,17,1,Marketing Manager,51192.58,PENSION,False,MEDIUM,ACTIVE
NSB002847,Charles,Long,1949-12-16,13,19,Doctor,126938.77,SAVINGS,False,LOW,ACTIVE
NSB002848,James,Jones,2005-05-12,14,7,Software Engineer,62833.77,SAVINGS,False,MEDIUM,ACTIVE
NSB002849,Nichole,Hogan,2002-01-27,18,12,Data Analyst,64292.76,PENSION,False,MEDIUM,ACTIVE
NSB002850,Richard,Bowen,1971-09-17,17,20,Student,13022.73,BUSINESS,False,LOW,ACTIVE
NSB002851,Alejandra,Lewis,1984-05-05,17,17,Accountant,62154.64,INVESTMENTS,False,LOW,ACTIVE
NSB002852,Michael,Patterson,1968-03-27,12,11,Nurse,58013.25,PENSION,False,LOW,ACTIVE
NSB002853,Jennifer,Ferguson,1942-02-23,20,4,Financial Analyst,108825.84,PENSION,False,LOW,CLOSED
NSB002854,Sarah,Sanchez,1974-09-23,14,18,Marketing Manager,73677.8,SALARY,False,LOW,ACTIVE
NSB002855,Robert,White,2000-03-18,16,12,Accountant,36676.21,INHERITANCE,False,LOW,ACTIVE
NSB002856,Marcus,Brock,1976-09-02,17,14,Lawyer,143343.35,PENSION,False,MEDIUM,ACTIVE
NSB002857,Denise,Gonzalez,1947-10-08,15,14,Data Analyst,80081.71,SALARY,False,LOW,ACTIVE
NSB002858,Charles,Johnson,2006-02-03,15,11,Software Engineer,107733.49,PENSION,False,LOW,ACTIVE
NSB002859,Jenny,Turner,1995-01-27,2,18,Architect,82102.37,BUSINESS,False,MEDIUM,ACTIVE
NSB002860,David,Mack,1999-02-22,9,3,Doctor,197349.14,SALARY,False,MEDIUM,ACTIVE
NSB002861,Marissa,Ashley,1985-06-13,19,6,Student,34729.4,BUSINESS,False,LOW,ACTIVE
NSB002862,David,Martin,1997-11-22,3,13,Consultant,139312.67,BUSINESS,False,LOW,ACTIVE
NSB002863,Stephanie,Lambert,1972-08-20,5,17,Business Owner,266081.09,INVESTMENTS,False,LOW,ACTIVE
NSB002864,Matthew,Diaz,1949-02-23,7,8,Sales Manager,104681.02,PENSION,False,LOW,ACTIVE
NSB002865,John,Brooks,1977-11-02,14,10,Doctor,120662.62,INHERITANCE,False,LOW,ACTIVE
NSB002866,John,Walker,1992-06-19,12,6,Consultant,81094.4,INHERITANCE,False,LOW,ACTIVE
NSB002867,Jennifer,Martin,2006-05-22,9,12,Lawyer,53856.0,BUSINESS,False,LOW,ACTIVE
NSB002868,Tiffany,Jones,1980-09-24,19,18,Nurse,67829.1,BUSINESS,False,LOW,ACTIVE
NSB002869,Nicholas,Williams,1978-05-08,20,16,Teacher,69873.46,INHERITANCE,False,LOW,ACTIVE
NSB002870,Shannon,Carroll,1962-07-13,17,4,Accountant,45256.92,INHERITANCE,False,LOW,ACTIVE
NSB002871,Morgan,Schneider,1969-10-03,14,2,Data Analyst,68194.24,INHERITANCE,False,MEDIUM,ACTIVE
NSB002872,Kyle,Jackson,1976-06-24,19,17,Software Engineer,117876.96,PENSION,False,MEDIUM,ACTIVE
NSB002873,Stephanie,Bentley,1964-01-29,6,4,Software Engineer,85450.58,SALARY,False,CRITICAL,ACTIVE
NSB002874,Patrick,Jordan,1991-04-21,10,10,Teacher,53257.88,INHERITANCE,False,LOW,ACTIVE
NSB002875,Brittney,Ellis,1964-06-15,19,2,Business Owner,98354.99,SALARY,False,MEDIUM,ACTIVE
NSB002876,Samuel,Alvarado,1953-08-11,19,16,Architect,56988.45,BUSINESS,True,CRITICAL,ACTIVE
NSB002877,Lisa,Martinez,1981-05-16,5,2,Architect,63791.58,SAVINGS,False,LOW,ACTIVE
NSB002878,Jacob,Wilson,1988-06-24,2,7,Sales Manager,58499.29,SAVINGS,False,LOW,ACTIVE
NSB002879,Jose,Salazar,1945-02-07,11,9,Sales Manager,128556.28,BUSINESS,False,LOW,ACTIVE
NSB002880,Warren,Baxter,1964-11-18,13,9,Marketing Manager,63867.04,PENSION,False,MEDIUM,ACTIVE
NSB002881,Alyssa,Wolf,1955-11-05,19,9,Data Analyst,40715.5,PENSION,False,LOW,ACTIVE
NSB002882,Kevin,Bailey,1992-11-28,13,20,Consultant,139991.8,BUSINESS,False,HIGH,ACTIVE
NSB002883,Jamie,Wilson,1985-12-20,14,2,Consultant,50730.31,PENSION,False,LOW,ACTIVE
NSB002884,Danielle,Payne,1973-01-18,5,20,Doctor,109918.52,PENSION,False,LOW,ACTIVE
NSB002885,Albert,Reynolds,1996-02-14,11,14,Data Analyst,54642.87,INVESTMENTS,False,LOW,ACTIVE
NSB002886,Kelly,Mendoza,1989-08-29,13,3,Marketing Manager,50748.05,SAVINGS,False,LOW,ACTIVE
NSB002887,Jonathan,Smith,1962-11-28,7,9,Financial Analyst,63372.99,INVESTMENTS,False,LOW,ACTIVE
NSB002888,Nicole,Thompson,1961-09-03,12,7,Financial Analyst,83684.15,PENSION,False,MEDIUM,ACTIVE
NSB002889,Mario,Williams,1948-04-07,13,12,Software Engineer,52461.86,SALARY,False,MEDIUM,ACTIVE
NSB002890,Cynthia,Young,1948-03-28,7,12,Software Engineer,56412.07,BUSINESS,False,MEDIUM,ACTIVE
NSB002891,Donna,Rosario,1953-11-24,8,19,Financial Analyst,88603.54,INHERITANCE,False,LOW,ACTIVE
NSB002892,Laura,Rose,1959-10-24,12,17,Accountant,77227.2,INVESTMENTS,False,MEDIUM,BLOCKED
NSB002893,Jesse,Holloway,1989-05-03,16,3,Sales Manager,83804.69,BUSINESS,False,MEDIUM,ACTIVE
NSB002894,Jason,Sullivan,2000-11-15,3,4,Student,30818.11,INHERITANCE,False,MEDIUM,ACTIVE
NSB002895,Andrea,Mejia,2000-05-31,1,4,Engineer,90915.69,INVESTMENTS,False,MEDIUM,ACTIVE
NSB002896,William,Rodriguez,1980-12-05,19,19,Engineer,53141.24,SALARY,False,LOW,CLOSED
NSB002897,Gloria,Roberts,1987-01-06,18,4,Student,25996.86,BUSINESS,False,MEDIUM,ACTIVE
NSB002898,Julie,Anderson,1969-07-31,4,1,Teacher,36779.0,INVESTMENTS,False,LOW,ACTIVE
NSB002899,Michael,Smith,1952-02-17,3,9,Lawyer,58719.96,SALARY,False,MEDIUM,ACTIVE
NSB002900,Carolyn,Brown,1973-09-11,20,17,Teacher,32904.96,INVESTMENTS,False,LOW,ACTIVE
NSB002901,Kristy,Sanders,1950-01-19,15,18,Doctor,60001.53,SALARY,False,LOW,ACTIVE
NSB002902,Rebecca,Harris,1956-01-06,1,13,Financial Analyst,100912.67,INVESTMENTS,False,MEDIUM,ACTIVE
NSB002903,Olivia,Allen,1996-10-29,13,15,Data Analyst,65400.53,PENSION,False,LOW,ACTIVE
NSB002904,Robert,Snyder,2001-11-11,17,8,Marketing Manager,99418.88,PENSION,False,LOW,ACTIVE
NSB002905,Jacob,Smith,1996-09-12,15,14,Architect,44193.16,INVESTMENTS,False,LOW,ACTIVE
NSB002906,Matthew,Martin,1980-03-31,7,8,Consultant,74723.35,INVESTMENTS,False,LOW,INACTIVE
NSB002907,Brandon,Smith,1975-08-18,1,2,Engineer,59064.52,INVESTMENTS,False,LOW,ACTIVE
NSB002908,Kyle,Perez,1941-08-04,17,7,Architect,87394.03,SALARY,False,LOW,ACTIVE
NSB002909,Steven,Flores,1955-10-14,15,19,Software Engineer,72655.95,PENSION,False,LOW,ACTIVE
NSB002910,Michael,Romero,2005-06-23,10,20,Marketing Manager,53901.74,INVESTMENTS,False,HIGH,ACTIVE
NSB002911,Sarah,Avery,1991-11-19,18,13,Nurse,57734.88,SALARY,False,LOW,ACTIVE
NSB002912,Patrick,Peterson,1981-01-28,5,2,Accountant,80910.97,BUSINESS,False,LOW,BLOCKED
NSB002913,Lorraine,Miller,1965-04-18,2,17,Business Owner,212542.92,SALARY,False,LOW,ACTIVE
NSB002914,Brittney,Garcia,1970-11-09,13,7,Software Engineer,119581.2,SALARY,False,LOW,BLOCKED
NSB002915,Jillian,Bush,1965-09-28,10,10,Nurse,65242.72,INVESTMENTS,False,LOW,ACTIVE
NSB002916,Charles,Byrd,1952-05-02,1,8,Data Analyst,73648.3,SAVINGS,False,LOW,ACTIVE
NSB002917,Kelly,Shepherd,1972-06-17,8,6,Accountant,47608.49,SALARY,False,LOW,ACTIVE
NSB002918,Andrew,Wilson,1980-02-03,19,1,Data Analyst,70777.19,INVESTMENTS,False,LOW,ACTIVE
NSB002919,Cynthia,Robinson,1948-03-24,9,9,Data Analyst,49347.02,SAVINGS,False,LOW,ACTIVE
NSB002920,Laura,Shelton,1959-06-16,20,9,Business Owner,160097.36,SALARY,False,CRITICAL,CLOSED
NSB002921,Michael,Hernandez,1961-07-27,6,12,Software Engineer,66355.17,PENSION,False,MEDIUM,ACTIVE
NSB002922,Thomas,Hebert,1943-01-04,16,12,Business Owner,188082.9,SALARY,False,MEDIUM,ACTIVE
NSB002923,Laura,Velez,1977-06-09,20,20,Business Owner,181859.41,SALARY,False,MEDIUM,ACTIVE
NSB002924,Kevin,Stout,1956-11-02,9,16,Business Owner,59532.58,BUSINESS,False,LOW,BLOCKED
NSB002925,Nancy,Barnes,1948-09-29,5,16,Nurse,38833.87,SAVINGS,False,MEDIUM,CLOSED
NSB002926,Justin,Ellis,1966-05-18,14,10,Business Owner,47631.22,SALARY,False,HIGH,ACTIVE
NSB002927,Stephen,Sampson,1988-10-17,20,2,Software Engineer,82081.02,SALARY,False,LOW,ACTIVE
NSB002928,Tina,Jones,2004-06-23,11,8,Business Owner,281986.56,INHERITANCE,False,LOW,ACTIVE
NSB002929,Sarah,Roberts,1978-04-26,18,3,Financial Analyst,61138.06,INVESTMENTS,False,LOW,ACTIVE
NSB002930,Kevin,Gutierrez,1960-05-31,2,7,Financial Analyst,77068.51,BUSINESS,False,LOW,ACTIVE
NSB002931,Andre,Preston,1965-11-04,14,5,Teacher,67240.57,INHERITANCE,False,LOW,ACTIVE
NSB002932,Jacob,Harrington,1991-03-16,8,4,Nurse,52909.73,BUSINESS,False,MEDIUM,ACTIVE
NSB002933,Michelle,Carrillo,1942-01-04,17,6,Architect,85306.88,BUSINESS,False,LOW,ACTIVE
NSB002934,Christine,Johnston,1967-03-25,12,20,Software Engineer,47190.6,INVESTMENTS,False,LOW,ACTIVE
NSB002935,Katelyn,Lloyd,1947-07-06,17,15,Data Analyst,96725.56,INVESTMENTS,False,LOW,ACTIVE
NSB002936,Maria,Tucker,1989-06-06,6,18,Consultant,98991.83,INHERITANCE,False,MEDIUM,ACTIVE
NSB002937,Matthew,Shaffer,1972-10-22,7,8,Data Analyst,55714.98,SAVINGS,False,LOW,ACTIVE
NSB002938,Derek,Salazar,1943-03-12,1,10,Nurse,62966.73,INHERITANCE,False,LOW,ACTIVE
NSB002939,Danielle,Wilson,1971-08-14,11,19,Sales Manager,42969.55,INVESTMENTS,False,LOW,ACTIVE
NSB002940,Ronald,Garcia,1950-12-20,1,1,Architect,64162.19,INHERITANCE,False,LOW,ACTIVE
NSB002941,Lucas,Murray,1985-09-10,12,12,Lawyer,79404.59,PENSION,False,MEDIUM,ACTIVE
NSB002942,Amanda,Barber,2006-05-13,20,16,Teacher,64739.34,PENSION,False,LOW,ACTIVE
NSB002943,Cole,Evans,1969-03-21,19,16,Consultant,113901.8,INVESTMENTS,False,LOW,ACTIVE
NSB002944,Mary,Zimmerman,2001-01-23,20,16,Business Owner,274730.21,PENSION,False,LOW,DECEASED
NSB002945,Kevin,Martinez,1998-12-13,12,1,Software Engineer,73710.28,INVESTMENTS,False,LOW,ACTIVE
NSB002946,Kelsey,Stevens,1969-12-23,1,7,Financial Analyst,85969.68,SAVINGS,False,MEDIUM,ACTIVE
NSB002947,Reginald,Ward,1997-12-11,15,1,Sales Manager,78871.36,PENSION,False,HIGH,INACTIVE
NSB002948,Jason,Clark,1973-06-22,13,5,Teacher,31131.27,SAVINGS,False,MEDIUM,ACTIVE
NSB002949,Ashley,Hernandez,1979-08-05,12,4,Sales Manager,82530.71,INHERITANCE,False,MEDIUM,ACTIVE
NSB002950,Kimberly,Hodge,1950-12-01,14,8,Architect,69850.8,SAVINGS,False,LOW,ACTIVE
NSB002951,Edward,Sanders,1971-07-01,7,8,Business Owner,165293.76,PENSION,False,LOW,ACTIVE
NSB002952,Robert,Kim,1948-02-27,15,18,Lawyer,62875.01,BUSINESS,False,MEDIUM,ACTIVE
NSB002953,Shawn,Morgan,1947-04-06,4,10,Software Engineer,105577.02,SALARY,False,MEDIUM,ACTIVE
NSB002954,Penny,Tran,1996-04-09,5,15,Nurse,49097.67,SAVINGS,False,MEDIUM,ACTIVE
NSB002955,Justin,Arnold,1943-01-10,3,5,Marketing Manager,111475.82,INHERITANCE,False,LOW,ACTIVE
NSB002956,Tracey,Rangel,2005-10-06,8,13,Lawyer,129287.62,SAVINGS,False,MEDIUM,ACTIVE
NSB002957,Pamela,Wilson,1976-04-25,2,14,Business Owner,114569.88,INHERITANCE,False,MEDIUM,ACTIVE
NSB002958,Zachary,Price,1993-08-15,6,9,Lawyer,119941.69,BUSINESS,False,MEDIUM,ACTIVE
NSB002959,Elizabeth,Lam,1964-08-01,20,13,Sales Manager,63769.07,SAVINGS,False,LOW,INACTIVE
NSB002960,Stephanie,Dickerson,1997-12-27,17,14,Nurse,35804.44,INHERITANCE,False,MEDIUM,ACTIVE
NSB002961,Ann,Figueroa,1987-05-09,8,19,Teacher,54036.11,PENSION,False,LOW,ACTIVE
NSB002962,Sharon,Cordova,1978-03-10,13,19,Sales Manager,79230.2,PENSION,False,LOW,ACTIVE
NSB002963,Kevin,Navarro,1952-09-05,8,13,Sales Manager,117624.7,PENSION,False,LOW,ACTIVE
NSB002964,Brandon,Crosby,2006-07-24,18,2,Financial Analyst,66349.07,INHERITANCE,True,HIGH,ACTIVE
NSB002965,Julie,Delgado,1992-07-10,1,20,Consultant,123199.39,INVESTMENTS,False,LOW,ACTIVE
NSB002966,Dennis,Hall,1954-08-02,7,8,Accountant,86465.8,INVESTMENTS,False,CRITICAL,ACTIVE
NSB002967,Kenneth,Sanchez,1987-06-03,10,16,Student,28863.3,INHERITANCE,False,LOW,ACTIVE
NSB002968,Ann,Rivera,1977-01-15,12,5,Sales Manager,84704.77,PENSION,False,MEDIUM,ACTIVE
NSB002969,Wendy,Allen,1977-12-11,7,17,Sales Manager,104157.82,INHERITANCE,False,LOW,ACTIVE
NSB002970,Allison,Austin,1978-05-17,20,3,Financial Analyst,73549.03,INHERITANCE,False,LOW,ACTIVE
NSB002971,Marissa,Marshall,2004-09-27,20,16,Teacher,64265.63,SAVINGS,False,LOW,ACTIVE
NSB002972,Randall,Smith,2002-05-03,4,8,Software Engineer,106943.5,INHERITANCE,False,LOW,ACTIVE
NSB002973,Krystal,Rogers,1986-11-26,8,3,Accountant,52160.19,SAVINGS,False,LOW,ACTIVE
NSB002974,Brandon,Mitchell,1988-03-24,7,4,Doctor,92356.95,PENSION,False,MEDIUM,ACTIVE
NSB002975,Natalie,Bush,1949-12-22,18,15,Doctor,110917.21,PENSION,False,LOW,ACTIVE
NSB002976,Matthew,Ryan,1940-11-05,20,3,Accountant,59021.51,SALARY,False,LOW,ACTIVE
NSB002977,Dana,Decker,1971-02-06,19,1,Architect,80484.51,BUSINESS,False,MEDIUM,ACTIVE
NSB002978,Peter,Brown,1990-11-10,5,20,Lawyer,153071.99,INHERITANCE,False,LOW,ACTIVE
NSB002979,Melanie,George,1991-12-02,6,18,Data Analyst,62454.27,BUSINESS,False,LOW,ACTIVE
NSB002980,Nancy,Elliott,1988-10-26,1,20,Financial Analyst,60848.06,BUSINESS,False,CRITICAL,ACTIVE
NSB002981,Jennifer,Farrell,1995-12-31,6,8,Financial Analyst,86891.34,PENSION,False,CRITICAL,ACTIVE
NSB002982,Christina,Ritter,1945-04-10,11,19,Data Analyst,51138.17,SALARY,False,HIGH,ACTIVE
NSB002983,Rebecca,Figueroa,1943-03-16,7,16,Financial Analyst,78343.27,BUSINESS,False,LOW,ACTIVE
NSB002984,Angela,Smith,1979-10-14,17,10,Engineer,56067.54,BUSINESS,False,LOW,ACTIVE
NSB002985,Joshua,Reese,1992-10-15,2,10,Engineer,115095.07,PENSION,False,MEDIUM,ACTIVE
NSB002986,Steven,Brady,1947-04-03,17,13,Financial Analyst,117358.73,INHERITANCE,False,LOW,ACTIVE
NSB002987,Natasha,Turner,1947-08-17,16,8,Sales Manager,125903.5,SALARY,False,LOW,ACTIVE
NSB002988,Charles,Lopez,2000-09-09,9,6,Sales Manager,104822.01,BUSINESS,False,LOW,CLOSED
NSB002989,Stacy,Williams,1997-04-10,2,11,Teacher,60744.56,SALARY,False,LOW,ACTIVE
NSB002990,Laura,Jones,1950-06-27,1,14,Architect,50347.72,INVESTMENTS,False,MEDIUM,ACTIVE
NSB002991,Jason,Tyler,1976-08-30,2,10,Marketing Manager,114915.95,BUSINESS,False,LOW,ACTIVE
NSB002992,Stephanie,Harris,1977-12-21,9,1,Teacher,51561.84,INHERITANCE,False,LOW,ACTIVE
NSB002993,James,Marsh,1997-03-22,7,13,Software Engineer,109370.7,INVESTMENTS,False,MEDIUM,CLOSED
NSB002994,Theresa,Dennis,1959-12-16,1,1,Financial Analyst,73452.86,INVESTMENTS,False,LOW,ACTIVE
NSB002995,Corey,Melton,1987-08-01,7,16,Accountant,81197.97,INVESTMENTS,False,LOW,INACTIVE
NSB002996,Amanda,Schwartz,1978-04-27,11,13,Business Owner,255323.13,INHERITANCE,False,MEDIUM,ACTIVE
NSB002997,Samuel,Hudson,1989-08-01,19,17,Consultant,143711.22,PENSION,False,HIGH,INACTIVE
NSB002998,Nathan,Campbell,1984-04-13,10,1,Architect,82754.77,PENSION,False,LOW,ACTIVE
NSB002999,April,Lewis,2003-01-16,7,11,Data Analyst,67911.11,SAVINGS,False,LOW,ACTIVE
NSB003000,Kristine,Nolan,1946-04-19,13,15,Marketing Manager,69033.5,PENSION,False,LOW,ACTIVE
NSB003001,Jeffrey,White,1979-08-18,9,17,Doctor,202502.17,INVESTMENTS,False,LOW,ACTIVE
NSB003002,Colleen,Davis,1977-05-08,10,17,Consultant,56281.01,SAVINGS,False,LOW,ACTIVE
NSB003003,Michael,Hancock,1955-10-10,17,2,Teacher,60431.91,SAVINGS,False,LOW,ACTIVE
NSB003004,Jason,Johnson,1943-05-29,19,18,Architect,63073.61,INVESTMENTS,False,LOW,ACTIVE
NSB003005,Brandy,Howard,1951-02-12,1,17,Financial Analyst,119043.33,PENSION,False,HIGH,ACTIVE
NSB003006,Stephanie,Hernandez,1971-03-22,13,17,Lawyer,137254.8,SAVINGS,False,LOW,ACTIVE
NSB003007,Tristan,Miller,1952-02-12,8,18,Nurse,34178.77,SAVINGS,False,LOW,ACTIVE
NSB003008,Alison,Meyers,1999-04-24,13,19,Teacher,45376.96,SAVINGS,False,LOW,ACTIVE
NSB003009,Cindy,Sutton,1948-04-15,2,19,Teacher,30021.51,SALARY,False,HIGH,ACTIVE
NSB003010,William,Perry,1943-03-21,11,13,Data Analyst,53969.73,SALARY,False,LOW,ACTIVE
NSB003011,Michael,Hurst,1957-01-03,20,9,Teacher,34554.08,BUSINESS,False,CRITICAL,ACTIVE
NSB003012,Rachel,Olson,1976-11-14,3,3,Engineer,77756.82,INVESTMENTS,False,HIGH,ACTIVE
NSB003013,Andrew,Murphy,1992-04-12,16,18,Teacher,41059.86,INHERITANCE,False,LOW,ACTIVE
NSB003014,Karen,Paul,1947-05-09,7,16,Architect,61349.63,INHERITANCE,False,LOW,ACTIVE
NSB003015,William,Wallace,1955-08-10,10,9,Data Analyst,61285.69,SAVINGS,False,MEDIUM,CLOSED
NSB003016,Donald,Hernandez,1972-04-10,2,6,Data Analyst,57563.08,SALARY,False,LOW,ACTIVE
NSB003017,David,Roberts,1948-10-15,18,15,Doctor,218515.39,INVESTMENTS,False,HIGH,ACTIVE
NSB003018,Tracey,Johnson,1994-12-12,4,14,Accountant,85204.5,INHERITANCE,False,CRITICAL,ACTIVE
NSB003019,Brendan,Campbell,1987-08-21,14,18,Lawyer,81677.14,INVESTMENTS,False,MEDIUM,ACTIVE
NSB003020,Christopher,Evans,1948-12-15,14,11,Software Engineer,53198.03,PENSION,False,LOW,ACTIVE
NSB003021,Brittney,Lucas,1988-11-21,6,5,Financial Analyst,94251.83,BUSINESS,False,MEDIUM,ACTIVE
NSB003022,Jeremy,Madden,2002-11-08,4,6,Business Owner,189721.96,PENSION,False,LOW,ACTIVE
NSB003023,Mary,Long,1963-03-02,16,7,Student,7373.15,INVESTMENTS,False,MEDIUM,ACTIVE
NSB003024,Jeffery,Washington,1943-07-19,5,6,Lawyer,71985.07,BUSINESS,False,MEDIUM,ACTIVE
NSB003025,Tyrone,Kerr,1991-02-13,17,14,Software Engineer,93149.37,INVESTMENTS,False,LOW,ACTIVE
NSB003026,David,Mason,1952-09-27,4,14,Accountant,41271.88,PENSION,False,MEDIUM,ACTIVE
NSB003027,James,Dillon,1997-03-12,19,17,Business Owner,121640.56,INVESTMENTS,False,HIGH,ACTIVE
NSB003028,Michelle,Green,1971-02-07,12,7,Student,29611.0,PENSION,False,MEDIUM,ACTIVE
NSB003029,James,Boyd,1956-09-06,2,15,Student,27916.96,INVESTMENTS,False,LOW,ACTIVE
NSB003030,Mary,Berry,1950-04-22,10,15,Financial Analyst,107327.12,BUSINESS,False,MEDIUM,ACTIVE
NSB003031,Shannon,Wolfe,1946-11-09,17,11,Architect,96165.48,BUSINESS,False,LOW,DECEASED
NSB003032,Melissa,Leonard,2001-11-27,9,16,Financial Analyst,87462.66,BUSINESS,False,LOW,ACTIVE
NSB003033,Kayla,Lewis,1988-07-16,6,15,Lawyer,71717.73,INVESTMENTS,False,LOW,ACTIVE
NSB003034,Laurie,Bennett,1974-03-14,2,15,Financial Analyst,65744.4,INVESTMENTS,False,MEDIUM,ACTIVE
NSB003035,Jessica,Parker,1978-05-05,6,10,Sales Manager,96375.38,PENSION,False,MEDIUM,ACTIVE
NSB003036,Cindy,Reed,1977-09-27,3,4,Teacher,48248.21,SALARY,False,MEDIUM,ACTIVE
NSB003037,Kirk,Harper,1953-10-10,2,4,Architect,49121.86,INVESTMENTS,False,LOW,ACTIVE
NSB003038,Deborah,Tucker,1992-09-30,2,3,Sales Manager,45414.27,SAVINGS,False,LOW,ACTIVE
NSB003039,Tiffany,Jones,1996-01-24,13,18,Accountant,59955.88,INHERITANCE,False,MEDIUM,ACTIVE
NSB003040,Christopher,Beck,1974-03-04,19,8,Business Owner,63103.66,INHERITANCE,False,MEDIUM,ACTIVE
NSB003041,Brandi,Collins,1957-10-08,16,1,Marketing Manager,95871.0,SAVINGS,False,LOW,ACTIVE
NSB003042,April,Johnson,2001-05-14,3,4,Architect,70674.32,PENSION,False,LOW,ACTIVE
NSB003043,Francis,Benson,2003-12-12,18,20,Student,13101.21,BUSINESS,False,MEDIUM,ACTIVE
NSB003044,Paul,Clay,1980-04-12,4,12,Lawyer,55504.62,INHERITANCE,False,LOW,INACTIVE
NSB003045,Danielle,Bailey,2004-10-16,8,13,Doctor,233861.96,PENSION,False,LOW,INACTIVE
NSB003046,Erica,Hill,1964-10-12,17,19,Business Owner,100651.75,BUSINESS,False,LOW,INACTIVE
NSB003047,Tony,Wells,1977-05-13,9,11,Data Analyst,87015.36,INHERITANCE,False,MEDIUM,ACTIVE
NSB003048,Louis,Gallagher,1963-06-01,17,13,Data Analyst,43675.76,SAVINGS,False,LOW,ACTIVE
NSB003049,Breanna,Kidd,1985-08-22,20,8,Student,30596.73,SAVINGS,False,LOW,ACTIVE
NSB003050,Ashley,Sanchez,1958-12-19,1,14,Accountant,84812.68,INVESTMENTS,False,LOW,ACTIVE
NSB003051,Erik,Castro,1987-06-05,18,13,Sales Manager,92812.12,PENSION,False,CRITICAL,ACTIVE
NSB003052,Alexander,Fernandez,1955-03-19,12,18,Teacher,59314.16,INHERITANCE,False,LOW,ACTIVE
NSB003053,Eric,Cruz,1993-03-31,2,6,Student,19093.72,SAVINGS,False,HIGH,ACTIVE
NSB003054,Ashley,Lewis,1965-01-26,15,15,Teacher,56970.1,PENSION,False,LOW,ACTIVE
NSB003055,Grace,Patterson,1951-03-17,6,5,Teacher,48911.41,SALARY,False,MEDIUM,ACTIVE
NSB003056,Daniel,Mccormick,1990-01-11,12,10,Financial Analyst,46315.32,BUSINESS,False,LOW,ACTIVE
NSB003057,Dennis,Vazquez,1989-05-23,3,7,Architect,45688.99,SAVINGS,False,MEDIUM,ACTIVE
NSB003058,Heather,Hartman,1945-02-15,8,2,Sales Manager,70840.17,PENSION,False,LOW,ACTIVE
NSB003059,Michelle,Burgess,1970-01-26,8,13,Doctor,206780.57,PENSION,False,MEDIUM,ACTIVE
NSB003060,Tamara,Avery,1970-07-22,12,16,Marketing Manager,86054.97,SAVINGS,False,LOW,ACTIVE
NSB003061,Stephen,Mitchell,2004-03-08,14,3,Consultant,148623.0,SAVINGS,False,LOW,ACTIVE
NSB003062,Jennifer,White,1959-06-07,16,17,Nurse,40268.76,INHERITANCE,False,LOW,ACTIVE
NSB003063,Gabrielle,Lucas,1976-03-14,12,4,Marketing Manager,77226.44,SALARY,False,MEDIUM,ACTIVE
NSB003064,William,Carrillo,1993-05-15,3,2,Business Owner,140934.28,INVESTMENTS,False,LOW,ACTIVE
NSB003065,Kenneth,Brown,1953-02-08,1,13,Business Owner,133430.12,INVESTMENTS,False,MEDIUM,ACTIVE
NSB003066,Nicole,Vargas,1984-11-30,5,15,Business Owner,167023.27,INHERITANCE,False,MEDIUM,ACTIVE
NSB003067,Bianca,Hill,1956-02-01,7,10,Data Analyst,69180.85,SAVINGS,False,MEDIUM,ACTIVE
NSB003068,Brian,Guerrero,1950-01-30,18,11,Student,26343.79,PENSION,False,LOW,ACTIVE
NSB003069,Veronica,Dean,1944-01-28,20,16,Engineer,95529.94,BUSINESS,False,LOW,ACTIVE
NSB003070,Andrew,Moran,2003-12-10,3,9,Business Owner,136624.72,SALARY,True,CRITICAL,ACTIVE
NSB003071,Aaron,Jackson,1986-09-14,1,8,Data Analyst,67079.23,SAVINGS,False,MEDIUM,ACTIVE
NSB003072,Tracy,Dixon,1967-06-13,14,11,Accountant,66566.45,BUSINESS,False,LOW,ACTIVE
NSB003073,Jessica,Mason,1943-10-25,17,9,Sales Manager,54997.95,SALARY,False,LOW,ACTIVE
NSB003074,Maria,Stewart,1997-09-25,8,3,Engineer,118900.86,INVESTMENTS,False,MEDIUM,INACTIVE
NSB003075,Joshua,King,1971-12-20,12,15,Nurse,46502.59,INHERITANCE,False,LOW,ACTIVE
NSB003076,Michael,Davis,1954-08-17,11,20,Architect,72998.03,SALARY,False,LOW,ACTIVE
NSB003077,Emily,Nelson,1983-04-22,3,2,Software Engineer,106868.8,INHERITANCE,False,MEDIUM,ACTIVE
NSB003078,William,Khan,2000-10-20,2,15,Accountant,50952.97,BUSINESS,False,HIGH,ACTIVE
NSB003079,Holly,Daniels,1981-05-26,12,5,Teacher,55558.84,SALARY,False,MEDIUM,ACTIVE
NSB003080,Crystal,Spencer,1975-05-21,13,16,Marketing Manager,90537.27,PENSION,False,LOW,ACTIVE
NSB003081,Blake,Chan,1976-10-15,19,2,Nurse,66256.49,PENSION,False,LOW,ACTIVE
NSB003082,Christopher,Baker,1973-08-13,9,16,Financial Analyst,89143.5,BUSINESS,False,LOW,ACTIVE
NSB003083,Michelle,Rice,1986-05-06,17,13,Doctor,223418.05,SAVINGS,False,LOW,ACTIVE
NSB003084,Ryan,Richard,1967-05-22,8,18,Teacher,63166.34,PENSION,False,LOW,ACTIVE
NSB003085,Sandra,Caldwell,1944-06-14,4,13,Lawyer,63247.78,SALARY,False,LOW,ACTIVE
NSB003086,Devin,Mcdaniel,1947-10-10,3,9,Accountant,41281.69,PENSION,False,MEDIUM,DECEASED
NSB003087,Kimberly,Richards,1957-12-11,9,14,Accountant,70614.96,INVESTMENTS,False,LOW,ACTIVE
NSB003088,Vanessa,Bennett,1993-07-26,13,8,Student,19219.56,SAVINGS,False,LOW,ACTIVE
NSB003089,Seth,Rice,1962-05-12,12,20,Lawyer,50974.36,BUSINESS,False,LOW,ACTIVE
NSB003090,Debra,Nguyen,1969-01-31,10,15,Engineer,54781.2,INVESTMENTS,False,MEDIUM,CLOSED
NSB003091,Brittany,Nelson,1997-02-26,18,20,Nurse,67132.32,INVESTMENTS,False,MEDIUM,ACTIVE
NSB003092,Roger,Houston,1945-08-23,8,4,Sales Manager,77674.34,INVESTMENTS,False,LOW,ACTIVE
NSB003093,Jacob,Peterson,1990-06-06,10,15,Architect,85820.98,INVESTMENTS,False,LOW,ACTIVE
NSB003094,Helen,Jones,1957-01-24,11,16,Engineer,96138.85,BUSINESS,False,MEDIUM,ACTIVE
NSB003095,James,Hill,1971-08-20,6,14,Engineer,113210.37,INHERITANCE,False,HIGH,ACTIVE
NSB003096,Melissa,Acosta,1963-12-29,8,11,Marketing Manager,95645.35,BUSINESS,False,LOW,ACTIVE
NSB003097,Emily,Johnson,1988-12-02,14,19,Doctor,204295.34,SAVINGS,False,MEDIUM,ACTIVE
NSB003098,Tami,Jones,1949-10-12,16,6,Consultant,145087.72,INVESTMENTS,False,HIGH,ACTIVE
NSB003099,Jocelyn,Rogers,1996-02-25,16,12,Marketing Manager,54699.03,INVESTMENTS,False,LOW,ACTIVE
NSB003100,Amy,Jones,1949-04-02,4,19,Consultant,96626.91,INHERITANCE,False,LOW,ACTIVE
NSB003101,David,Foster,1944-05-05,14,18,Marketing Manager,114964.58,SAVINGS,False,LOW,ACTIVE
NSB003102,Jeffrey,Hardin,1987-05-16,15,7,Doctor,193332.59,INVESTMENTS,False,HIGH,ACTIVE
NSB003103,Valerie,Cardenas,1949-02-13,17,1,Financial Analyst,67261.89,SALARY,False,LOW,ACTIVE
NSB003104,Sarah,Schroeder,1977-06-17,14,19,Software Engineer,93316.93,BUSINESS,False,LOW,INACTIVE
NSB003105,Julie,Williams,1977-05-08,7,12,Architect,61336.63,SALARY,False,LOW,ACTIVE
NSB003106,Amy,Ellis,1973-05-19,11,10,Student,26242.8,INHERITANCE,False,LOW,ACTIVE
NSB003107,Christopher,Lewis,1959-09-28,1,16,Student,8182.07,BUSINESS,True,HIGH,ACTIVE
NSB003108,Michelle,Boyd,1942-11-22,19,3,Nurse,47424.04,BUSINESS,False,LOW,ACTIVE
NSB003109,Laurie,Obrien,1955-07-01,7,16,Marketing Manager,76428.9,INHERITANCE,False,LOW,ACTIVE
NSB003110,Allison,Santos,1946-07-13,7,13,Accountant,88434.2,BUSINESS,False,MEDIUM,ACTIVE
NSB003111,Maria,Perkins,1976-11-26,7,15,Nurse,45077.4,INVESTMENTS,False,LOW,ACTIVE
NSB003112,John,Anderson,1998-08-27,15,9,Student,20230.97,INVESTMENTS,False,LOW,ACTIVE
NSB003113,Michael,Bender,1955-05-08,18,2,Nurse,68882.71,SAVINGS,False,MEDIUM,ACTIVE
NSB003114,Cassandra,Short,1993-11-07,6,3,Lawyer,57225.26,SAVINGS,False,LOW,ACTIVE
NSB003115,David,Walls,1973-02-28,17,2,Lawyer,55116.1,INHERITANCE,False,LOW,ACTIVE
NSB003116,Amanda,Thomas,1971-09-19,5,7,Sales Manager,73179.28,PENSION,False,HIGH,BLOCKED
NSB003117,Michelle,Carr,1955-05-10,7,13,Nurse,55019.24,PENSION,False,LOW,ACTIVE
NSB003118,Rachel,Joseph,1983-12-08,4,6,Software Engineer,114263.83,INVESTMENTS,False,LOW,INACTIVE
NSB003119,Dennis,Sullivan,1997-09-03,9,10,Nurse,58139.18,BUSINESS,False,LOW,ACTIVE
NSB003120,Kevin,Hernandez,1970-01-14,12,3,Sales Manager,85419.42,SAVINGS,False,LOW,ACTIVE
NSB003121,William,Edwards,1960-05-31,15,8,Nurse,59704.47,SALARY,True,CRITICAL,INACTIVE
NSB003122,Corey,Stewart,1947-01-08,20,7,Data Analyst,76172.65,BUSINESS,False,LOW,ACTIVE
NSB003123,Angela,Hayden,2005-03-16,2,15,Marketing Manager,87535.14,SALARY,False,LOW,ACTIVE
NSB003124,Cynthia,Callahan,1950-12-10,19,17,Accountant,55690.55,SAVINGS,False,LOW,ACTIVE
NSB003125,Richard,Cooper,1968-04-04,18,14,Teacher,53852.99,BUSINESS,False,HIGH,ACTIVE
NSB003126,Angela,Day,1976-11-15,7,18,Nurse,58078.25,SALARY,True,MEDIUM,ACTIVE
NSB003127,Luis,Lewis,1951-02-24,18,10,Consultant,94293.51,BUSINESS,False,MEDIUM,ACTIVE
NSB003128,Cynthia,Allen,1997-12-22,4,10,Financial Analyst,60946.33,SALARY,False,LOW,ACTIVE
NSB003129,Kevin,Powers,1941-07-04,18,17,Student,13098.87,PENSION,False,LOW,ACTIVE
NSB003130,David,Mack,1966-04-25,14,5,Student,7562.41,INHERITANCE,False,MEDIUM,CLOSED
NSB003131,Nancy,Allen,1989-12-15,12,5,Lawyer,58769.97,INHERITANCE,False,LOW,ACTIVE
NSB003132,Patricia,Macdonald,1983-12-24,6,7,Business Owner,132387.12,PENSION,False,CRITICAL,ACTIVE
NSB003133,Beverly,King,2005-05-27,13,4,Engineer,98690.7,INVESTMENTS,False,LOW,ACTIVE
NSB003134,Bryan,Mckee,1945-03-06,1,18,Software Engineer,45721.89,SAVINGS,False,LOW,ACTIVE
NSB003135,Kristine,Martin,1971-09-01,9,10,Doctor,84968.84,INVESTMENTS,False,LOW,ACTIVE
NSB003136,William,Thomas,1989-12-31,13,2,Financial Analyst,79323.99,INHERITANCE,False,MEDIUM,CLOSED
NSB003137,Stacie,Meyer,1986-03-22,12,8,Nurse,30208.3,INVESTMENTS,False,LOW,ACTIVE
NSB003138,Beth,Mckay,1993-08-09,12,5,Student,34674.1,INVESTMENTS,False,HIGH,ACTIVE
NSB003139,Ronald,Weaver,1975-05-12,16,20,Lawyer,127546.15,SAVINGS,False,LOW,ACTIVE
NSB003140,Dillon,Gross,2006-03-16,14,1,Doctor,247769.38,INHERITANCE,False,HIGH,ACTIVE
NSB003141,John,Ramsey,1985-01-20,1,16,Architect,83262.25,PENSION,False,MEDIUM,INACTIVE
NSB003142,Amy,Hunter,1971-02-04,9,1,Engineer,53457.71,SAVINGS,False,MEDIUM,CLOSED
NSB003143,Jared,Kemp,1994-12-14,4,16,Student,25919.99,SALARY,False,MEDIUM,ACTIVE
NSB003144,Brandon,Ward,1965-04-12,19,1,Sales Manager,99160.1,SAVINGS,False,LOW,ACTIVE
NSB003145,James,Jenkins,1997-03-13,16,18,Software Engineer,81786.59,SALARY,False,LOW,ACTIVE
NSB003146,Scott,Barrett,1953-02-16,13,20,Marketing Manager,104284.26,SALARY,False,MEDIUM,ACTIVE
NSB003147,Steven,Patrick,1941-01-12,6,15,Business Owner,38044.18,BUSINESS,False,LOW,BLOCKED
NSB003148,Carolyn,Nelson,1940-09-08,14,11,Engineer,110114.88,SAVINGS,False,LOW,ACTIVE
NSB003149,James,Hartman,1966-06-01,11,15,Data Analyst,47668.34,INVESTMENTS,False,LOW,ACTIVE
NSB003150,Allen,Blackwell,1997-05-19,3,8,Lawyer,133397.22,INVESTMENTS,False,LOW,ACTIVE
NSB003151,Cassandra,Rodriguez,1962-04-11,6,2,Marketing Manager,50881.38,SAVINGS,False,MEDIUM,ACTIVE
NSB003152,David,Powers,1969-10-04,8,14,Student,13534.98,INHERITANCE,False,LOW,ACTIVE
NSB003153,Marcus,Bean,1995-05-08,10,16,Data Analyst,77665.07,PENSION,False,LOW,ACTIVE
NSB003154,Samantha,Davis,2002-02-10,14,2,Software Engineer,87766.82,BUSINESS,False,MEDIUM,ACTIVE
NSB003155,Lori,Hughes,1950-10-21,6,15,Sales Manager,42775.75,PENSION,False,MEDIUM,ACTIVE
NSB003156,Jessica,Buck,1986-01-15,7,19,Data Analyst,82054.28,SALARY,False,MEDIUM,ACTIVE
NSB003157,Kathryn,Drake,1989-06-05,19,5,Financial Analyst,50714.9,INHERITANCE,False,LOW,ACTIVE
NSB003158,Douglas,Barber,1987-11-29,5,16,Nurse,60044.49,SAVINGS,False,LOW,ACTIVE
NSB003159,Kathryn,White,1952-08-22,17,20,Financial Analyst,82312.92,SAVINGS,False,LOW,ACTIVE
NSB003160,Veronica,Yang,1959-06-06,13,20,Data Analyst,53989.12,BUSINESS,False,MEDIUM,ACTIVE
NSB003161,John,Gutierrez,1997-10-21,15,1,Lawyer,85012.41,INVESTMENTS,False,LOW,ACTIVE
NSB003162,Connie,Barnes,1953-10-29,18,9,Sales Manager,88599.71,SAVINGS,True,HIGH,ACTIVE
NSB003163,Gwendolyn,Oconnor,1957-12-11,14,3,Lawyer,166360.69,PENSION,False,MEDIUM,ACTIVE
NSB003164,Barbara,Flores,1983-01-26,14,18,Consultant,46363.99,INVESTMENTS,False,LOW,ACTIVE
NSB003165,Brian,Gordon,2004-01-30,16,12,Lawyer,179145.49,INVESTMENTS,False,HIGH,ACTIVE
NSB003166,Melanie,Garcia,1943-01-31,16,12,Lawyer,53989.05,BUSINESS,False,LOW,ACTIVE
NSB003167,Stephen,Jensen,1980-09-19,3,2,Accountant,66765.95,SALARY,False,LOW,ACTIVE
NSB003168,Susan,Zuniga,1977-01-11,2,10,Teacher,68758.89,INVESTMENTS,False,MEDIUM,ACTIVE
NSB003169,Lawrence,Carroll,1945-06-15,18,9,Consultant,74395.94,SAVINGS,False,LOW,ACTIVE
NSB003170,Joseph,Diaz,1975-10-26,14,3,Accountant,84050.85,SAVINGS,False,LOW,ACTIVE
NSB003171,Nicole,Stuart,1979-06-18,7,10,Teacher,61423.75,PENSION,False,MEDIUM,ACTIVE
NSB003172,Tony,Craig,2004-10-27,14,8,Software Engineer,100080.79,PENSION,False,LOW,ACTIVE
NSB003173,Jennifer,Brown,1979-08-16,12,16,Doctor,158395.62,BUSINESS,False,LOW,ACTIVE
NSB003174,Sean,Castaneda,1980-03-30,20,18,Engineer,90970.66,BUSINESS,False,MEDIUM,ACTIVE
NSB003175,Matthew,Shannon,1969-09-14,15,14,Software Engineer,116459.68,INHERITANCE,False,LOW,ACTIVE
NSB003176,Jillian,Wilkins,1986-05-25,1,10,Business Owner,162860.98,BUSINESS,False,MEDIUM,ACTIVE
NSB003177,Henry,Hale,1965-03-22,10,8,Financial Analyst,69364.19,INVESTMENTS,False,HIGH,ACTIVE
NSB003178,Jennifer,Lee,2001-08-19,7,13,Marketing Manager,117400.58,SALARY,False,LOW,ACTIVE
NSB003179,Bethany,Lewis,1949-07-25,7,5,Lawyer,115807.05,SAVINGS,False,LOW,ACTIVE
NSB003180,Jennifer,Valenzuela,1974-10-22,17,20,Nurse,39050.38,SAVINGS,False,LOW,ACTIVE
NSB003181,Diana,Wang,1961-10-31,15,7,Engineer,48524.33,SALARY,False,LOW,ACTIVE
NSB003182,Mark,Roman,1951-10-08,10,16,Marketing Manager,76277.62,INHERITANCE,False,MEDIUM,ACTIVE
NSB003183,Teresa,Gonzales,1944-02-10,16,1,Teacher,65200.16,SAVINGS,True,HIGH,ACTIVE
NSB003184,Leslie,Taylor,1983-04-02,11,5,Architect,84665.43,SAVINGS,True,CRITICAL,ACTIVE
NSB003185,Laura,Adams,1940-11-16,2,14,Data Analyst,79158.87,INVESTMENTS,False,LOW,ACTIVE
NSB003186,Christian,Garza,1958-09-07,6,1,Accountant,40823.77,PENSION,False,HIGH,ACTIVE
NSB003187,Rachel,Nelson,1970-01-19,10,3,Business Owner,35572.35,SAVINGS,False,HIGH,ACTIVE
NSB003188,Tony,Richard,1999-04-30,12,9,Accountant,44068.87,SAVINGS,False,LOW,ACTIVE
NSB003189,Susan,White,1988-10-31,13,15,Doctor,170358.9,INHERITANCE,False,LOW,ACTIVE
NSB003190,Anthony,Davis,1954-12-26,11,2,Marketing Manager,86220.49,INVESTMENTS,False,MEDIUM,ACTIVE
NSB003191,Richard,Cervantes,1965-08-25,1,14,Lawyer,52148.18,SAVINGS,False,LOW,ACTIVE
NSB003192,Kayla,Lee,1985-11-04,1,12,Marketing Manager,99606.22,SALARY,False,MEDIUM,ACTIVE
NSB003193,Steven,Ferguson,1983-06-18,4,6,Teacher,40519.17,INVESTMENTS,False,HIGH,ACTIVE
NSB003194,Dustin,Kirk,1983-10-03,12,4,Business Owner,184442.3,PENSION,False,MEDIUM,BLOCKED
NSB003195,Madison,Taylor,2003-01-12,6,11,Data Analyst,84517.52,BUSINESS,False,MEDIUM,ACTIVE
NSB003196,Bailey,Jackson,1970-11-02,8,12,Sales Manager,101534.93,INVESTMENTS,False,LOW,ACTIVE
NSB003197,Jason,Combs,2003-05-29,15,9,Doctor,94495.47,INVESTMENTS,False,LOW,ACTIVE
NSB003198,Joshua,Griffin,1974-05-13,7,5,Data Analyst,90729.54,SALARY,False,MEDIUM,ACTIVE
NSB003199,Nathan,Morgan,1984-09-19,1,15,Marketing Manager,106610.45,PENSION,False,LOW,ACTIVE
NSB003200,Christine,Sutton,2004-06-27,16,4,Lawyer,70203.92,BUSINESS,False,MEDIUM,ACTIVE
NSB003201,Desiree,Farley,1987-05-03,8,12,Marketing Manager,119698.17,INVESTMENTS,False,MEDIUM,ACTIVE
NSB003202,David,Delacruz,1990-05-01,9,9,Teacher,49129.34,INVESTMENTS,False,LOW,ACTIVE
NSB003203,Misty,Hardy,1941-08-04,10,4,Accountant,69427.24,PENSION,True,HIGH,ACTIVE
NSB003204,Dawn,Baldwin,1969-11-01,5,2,Data Analyst,97230.33,INVESTMENTS,False,MEDIUM,ACTIVE
NSB003205,Kristina,Williamson,1945-10-07,4,17,Consultant,143937.32,PENSION,False,LOW,ACTIVE
NSB003206,Rita,Woodard,1958-11-08,4,19,Marketing Manager,109871.7,PENSION,False,MEDIUM,ACTIVE
NSB003207,Tina,Daniel,2001-07-29,1,5,Software Engineer,107539.78,BUSINESS,False,LOW,ACTIVE
NSB003208,Sandra,Shah,1966-02-04,9,5,Accountant,73897.17,PENSION,False,MEDIUM,ACTIVE
NSB003209,Andrea,Parker,1986-05-30,7,10,Accountant,72054.12,SALARY,False,LOW,ACTIVE
NSB003210,Kenneth,Jones,1995-10-26,15,13,Business Owner,291142.47,PENSION,False,LOW,ACTIVE
NSB003211,Victor,Owens,1992-10-03,11,7,Financial Analyst,52876.54,INHERITANCE,False,LOW,ACTIVE
NSB003212,Patrick,Bates,1947-12-03,12,17,Marketing Manager,60665.69,SAVINGS,False,HIGH,ACTIVE
NSB003213,Robert,Macdonald,1952-05-14,15,20,Business Owner,242895.96,INHERITANCE,False,LOW,ACTIVE
NSB003214,Robert,Gutierrez,2003-04-10,13,9,Marketing Manager,91843.2,PENSION,False,LOW,ACTIVE
NSB003215,Alisha,Brewer,1987-02-21,16,8,Nurse,48720.07,INVESTMENTS,False,LOW,ACTIVE
NSB003216,Michelle,Allison,1998-07-30,9,20,Marketing Manager,105224.25,INHERITANCE,False,HIGH,ACTIVE
NSB003217,Wesley,Morgan,1941-07-09,19,15,Software Engineer,54810.56,INVESTMENTS,False,LOW,ACTIVE
NSB003218,Jean,Boyle,1946-08-10,7,13,Teacher,62698.52,PENSION,False,LOW,ACTIVE
NSB003219,Emily,Patrick,1953-10-17,7,16,Lawyer,146036.99,INHERITANCE,False,HIGH,ACTIVE
NSB003220,Jennifer,Sanchez,1959-08-14,4,18,Marketing Manager,47654.75,SAVINGS,False,LOW,ACTIVE
NSB003221,Brandon,Johnson,1988-10-10,1,5,Sales Manager,66650.7,BUSINESS,False,LOW,ACTIVE
NSB003222,Derrick,Moore,1959-12-29,16,12,Doctor,122258.53,BUSINESS,False,LOW,ACTIVE
NSB003223,Charles,Allen,1961-11-17,20,2,Teacher,31322.91,SAVINGS,False,LOW,ACTIVE
NSB003224,David,Carson,1975-11-13,1,10,Lawyer,80030.85,SAVINGS,False,MEDIUM,ACTIVE
NSB003225,Allison,Mccall,2001-10-01,14,11,Lawyer,123848.82,PENSION,False,MEDIUM,ACTIVE
NSB003226,Thomas,Pearson,1956-07-16,20,6,Engineer,117383.48,INVESTMENTS,False,LOW,ACTIVE
NSB003227,Daniel,Ford,1986-08-20,7,2,Engineer,100816.21,PENSION,False,MEDIUM,BLOCKED
NSB003228,Brittany,Conner,2003-09-13,2,13,Consultant,58322.03,SAVINGS,False,LOW,ACTIVE
NSB003229,Debra,Barron,1985-10-29,18,7,Business Owner,266066.16,SALARY,False,LOW,ACTIVE
NSB003230,Brandy,Lopez,1972-01-10,5,2,Marketing Manager,111383.48,PENSION,False,LOW,ACTIVE
NSB003231,Keith,Lawrence,1965-05-03,8,16,Engineer,119869.64,PENSION,False,MEDIUM,ACTIVE
NSB003232,James,Moses,1942-03-08,10,16,Doctor,136679.11,SALARY,False,HIGH,ACTIVE
NSB003233,Jessica,Clark,1958-08-08,14,7,Data Analyst,68029.69,SAVINGS,False,LOW,ACTIVE
NSB003234,Trevor,Nelson,1983-10-14,19,13,Software Engineer,74287.71,INHERITANCE,False,HIGH,ACTIVE
NSB003235,Manuel,Mitchell,1952-03-30,17,6,Business Owner,72583.03,SALARY,False,LOW,ACTIVE
NSB003236,Raymond,Simpson,1950-07-05,19,12,Engineer,99222.53,SAVINGS,False,MEDIUM,ACTIVE
NSB003237,Karen,Forbes,2004-10-01,18,5,Software Engineer,73595.38,BUSINESS,False,LOW,ACTIVE
NSB003238,Kristen,Lucas,1982-07-01,1,11,Software Engineer,56432.09,PENSION,False,LOW,ACTIVE
NSB003239,Blake,Harvey,1988-08-13,8,17,Financial Analyst,102095.52,BUSINESS,False,HIGH,ACTIVE
NSB003240,Donald,Green,1987-11-12,2,18,Student,8459.39,INVESTMENTS,False,CRITICAL,ACTIVE
NSB003241,Sarah,Brown,1992-02-21,7,8,Accountant,84293.62,INHERITANCE,False,LOW,ACTIVE
NSB003242,Andrea,Oliver,1964-09-04,8,9,Doctor,153149.8,BUSINESS,False,LOW,ACTIVE
NSB003243,Stacey,Mccarty,1940-10-05,12,10,Doctor,138504.78,SALARY,False,LOW,INACTIVE
NSB003244,Robert,Howe,1967-01-30,6,11,Marketing Manager,86967.38,PENSION,False,MEDIUM,CLOSED
NSB003245,Kevin,Velasquez,1981-08-07,12,9,Software Engineer,76077.01,SAVINGS,False,MEDIUM,ACTIVE
NSB003246,Lee,Barnes,1965-06-07,3,12,Financial Analyst,47088.66,PENSION,False,LOW,ACTIVE
NSB003247,Catherine,Khan,1964-08-05,12,7,Accountant,47435.23,PENSION,False,LOW,ACTIVE
NSB003248,Jessica,Hernandez,1996-02-18,15,12,Software Engineer,105245.03,BUSINESS,False,MEDIUM,ACTIVE
NSB003249,Robert,Cook,1979-12-09,17,6,Data Analyst,40217.15,INVESTMENTS,False,LOW,ACTIVE
NSB003250,Robin,Rubio,1966-02-24,1,20,Marketing Manager,105249.85,SAVINGS,False,LOW,ACTIVE
NSB003251,Zachary,Jackson,1977-02-08,4,14,Architect,76927.76,INVESTMENTS,False,LOW,ACTIVE
NSB003252,Donna,Brown,1989-05-06,5,9,Doctor,63555.48,BUSINESS,False,MEDIUM,ACTIVE
NSB003253,Cody,Riddle,2001-05-30,1,9,Financial Analyst,77190.05,BUSINESS,False,MEDIUM,ACTIVE
NSB003254,James,Soto,1974-12-21,18,10,Student,5613.73,INHERITANCE,False,MEDIUM,ACTIVE
NSB003255,Monica,Alvarez,1998-08-16,7,11,Data Analyst,73169.18,INVESTMENTS,False,LOW,ACTIVE
NSB003256,Tonya,Clark,2006-03-02,6,17,Software Engineer,56822.86,INVESTMENTS,False,MEDIUM,ACTIVE
NSB003257,Selena,Nguyen,1984-02-02,10,16,Software Engineer,109211.43,SALARY,False,LOW,ACTIVE
NSB003258,Katherine,Owen,1997-10-12,18,18,Financial Analyst,80311.71,INVESTMENTS,False,LOW,INACTIVE
NSB003259,Bryan,Boyer,1995-04-12,17,11,Accountant,64337.68,PENSION,False,LOW,ACTIVE
NSB003260,Sarah,Smith,1991-06-29,10,13,Financial Analyst,54523.31,PENSION,False,CRITICAL,ACTIVE
NSB003261,Heather,Thompson,2000-12-01,3,11,Architect,74598.87,INVESTMENTS,False,MEDIUM,ACTIVE
NSB003262,Scott,Williams,1958-08-21,17,6,Sales Manager,60856.21,SAVINGS,False,MEDIUM,ACTIVE
NSB003263,Craig,Jones,1974-02-02,4,2,Business Owner,92705.85,SAVINGS,False,LOW,CLOSED
NSB003264,Jeremy,Dunn,1944-01-17,2,8,Architect,48205.38,SAVINGS,False,LOW,CLOSED
NSB003265,Matthew,Gonzalez,1993-05-22,17,9,Software Engineer,95121.52,INHERITANCE,False,LOW,ACTIVE
NSB003266,William,Smith,1954-10-16,12,6,Doctor,160731.77,SAVINGS,False,MEDIUM,ACTIVE
NSB003267,Sarah,Brown,2002-09-08,4,16,Nurse,39488.93,INHERITANCE,False,MEDIUM,ACTIVE
NSB003268,Alex,Smith,2001-01-27,2,7,Data Analyst,98076.53,INHERITANCE,False,MEDIUM,ACTIVE
NSB003269,Melissa,Salas,1978-05-01,1,3,Financial Analyst,70103.9,INVESTMENTS,False,HIGH,INACTIVE
NSB003270,Karen,Hill,1955-01-06,12,20,Teacher,50143.35,SALARY,False,MEDIUM,ACTIVE
NSB003271,Savannah,Green,1944-05-10,16,17,Architect,90926.95,INHERITANCE,False,LOW,ACTIVE
NSB003272,Ryan,Wood,2001-12-16,9,7,Consultant,107139.55,BUSINESS,False,LOW,CLOSED
NSB003273,Rachael,Pratt,1988-08-26,8,18,Marketing Manager,76538.99,PENSION,False,LOW,ACTIVE
NSB003274,Ashley,James,1992-05-24,10,19,Financial Analyst,62193.31,SAVINGS,False,HIGH,ACTIVE
NSB003275,Jennifer,Parker,1990-07-26,4,16,Data Analyst,92948.99,INHERITANCE,False,LOW,ACTIVE
NSB003276,Christina,Martinez,1944-02-07,2,5,Architect,67069.9,INVESTMENTS,False,HIGH,ACTIVE
NSB003277,Charles,Miller,1993-07-27,4,14,Financial Analyst,64957.41,BUSINESS,False,MEDIUM,ACTIVE
NSB003278,Dillon,Snyder,1983-08-01,6,2,Business Owner,287205.16,SALARY,False,LOW,ACTIVE
NSB003279,Tammy,Brown,1940-10-13,1,19,Nurse,30289.28,INVESTMENTS,False,LOW,ACTIVE
NSB003280,John,Martinez,1950-11-25,11,15,Nurse,31025.3,BUSINESS,False,HIGH,ACTIVE
NSB003281,Joshua,Jackson,1997-07-08,16,9,Lawyer,112475.68,PENSION,False,HIGH,ACTIVE
NSB003282,Julie,Williams,1964-07-17,1,10,Lawyer,146266.03,INVESTMENTS,False,LOW,INACTIVE
NSB003283,Christian,Gardner,1974-10-19,15,7,Data Analyst,61747.79,SALARY,False,MEDIUM,ACTIVE
NSB003284,Marie,York,1969-10-20,16,4,Doctor,239128.93,SAVINGS,False,LOW,ACTIVE
NSB003285,Michael,Carter,1953-01-27,2,3,Doctor,93157.57,INVESTMENTS,False,LOW,ACTIVE
NSB003286,Jeffrey,Castaneda,1974-05-29,7,6,Software Engineer,97673.84,SAVINGS,False,LOW,ACTIVE
NSB003287,Scott,Reed,1976-01-03,5,2,Architect,91482.37,PENSION,False,LOW,ACTIVE
NSB003288,Travis,Lowe,1954-10-08,16,20,Consultant,110621.96,PENSION,False,LOW,ACTIVE
NSB003289,Theresa,Patterson,1969-03-18,5,12,Doctor,156505.74,SAVINGS,False,LOW,ACTIVE
NSB003290,Mark,Nielsen,1960-04-19,13,20,Software Engineer,100339.49,PENSION,False,LOW,ACTIVE
NSB003291,Travis,Garcia,1979-09-15,11,7,Teacher,50083.43,BUSINESS,False,MEDIUM,ACTIVE
NSB003292,Spencer,Rodriguez,1963-10-20,16,20,Lawyer,75437.42,SAVINGS,False,LOW,ACTIVE
NSB003293,Erin,Brown,1960-02-05,11,20,Student,22460.59,SALARY,False,LOW,ACTIVE
NSB003294,Regina,Simmons,1988-07-04,14,1,Financial Analyst,89432.17,SAVINGS,False,MEDIUM,ACTIVE
NSB003295,Adam,Lewis,1999-04-10,2,3,Financial Analyst,45096.87,INHERITANCE,False,MEDIUM,ACTIVE
NSB003296,Melissa,Watson,1956-06-15,7,10,Data Analyst,75904.64,PENSION,False,MEDIUM,ACTIVE
NSB003297,Timothy,Lloyd,1997-04-02,8,2,Accountant,42441.16,PENSION,False,LOW,ACTIVE
NSB003298,Carl,Williams,1947-03-20,8,11,Consultant,66980.5,INVESTMENTS,False,HIGH,ACTIVE
NSB003299,Amy,Bird,1960-08-31,12,5,Teacher,54690.27,INHERITANCE,False,LOW,INACTIVE
NSB003300,Michelle,Marquez,2006-03-27,11,18,Doctor,221769.32,SALARY,False,MEDIUM,ACTIVE
NSB003301,Sierra,Allen,1947-03-25,15,4,Doctor,202559.06,BUSINESS,False,LOW,ACTIVE
NSB003302,Sean,Gallagher,1978-07-25,9,19,Consultant,114383.8,SALARY,False,LOW,ACTIVE
NSB003303,Jorge,Young,1965-11-12,9,3,Marketing Manager,60141.57,SALARY,False,CRITICAL,ACTIVE
NSB003304,Diane,Garcia,1986-04-02,19,7,Nurse,30256.28,INVESTMENTS,False,LOW,ACTIVE
NSB003305,Joseph,Cantu,1941-08-14,11,6,Financial Analyst,93863.63,SAVINGS,False,LOW,ACTIVE
NSB003306,Brenda,Lee,1954-07-27,14,2,Sales Manager,108412.59,BUSINESS,False,LOW,ACTIVE
NSB003307,Joshua,Thomas,1973-04-23,15,19,Doctor,83605.42,PENSION,False,MEDIUM,ACTIVE
NSB003308,Aaron,Hess,1942-04-13,3,17,Doctor,152762.96,BUSINESS,False,LOW,ACTIVE
NSB003309,Monica,Cooper,1965-05-01,3,5,Lawyer,130362.5,SALARY,False,LOW,ACTIVE
NSB003310,Christine,Wilson,1965-01-08,18,2,Accountant,88698.05,SALARY,False,CRITICAL,ACTIVE
NSB003311,Craig,Moore,1955-02-24,8,19,Financial Analyst,95775.17,SALARY,False,LOW,ACTIVE
NSB003312,Terry,Palmer,1954-08-07,6,10,Accountant,61238.1,SALARY,False,LOW,CLOSED
NSB003313,Elizabeth,Carroll,1983-08-09,2,3,Financial Analyst,72204.03,PENSION,False,MEDIUM,ACTIVE
NSB003314,Jonathan,Rodriguez,1942-05-17,1,10,Nurse,59553.96,SALARY,False,LOW,ACTIVE
NSB003315,Nicholas,Williams,1978-09-24,4,4,Sales Manager,107118.6,SALARY,False,LOW,INACTIVE
NSB003316,Angela,Griffin,1995-03-11,4,7,Software Engineer,60289.91,SALARY,False,MEDIUM,ACTIVE
NSB003317,Michael,Perez,1997-01-14,19,7,Student,15499.13,INHERITANCE,True,HIGH,ACTIVE
NSB003318,Michael,Gill,1998-05-31,18,7,Lawyer,85328.12,PENSION,False,MEDIUM,ACTIVE
NSB003319,Sherri,Pena,1960-06-04,14,9,Architect,77556.01,BUSINESS,False,LOW,ACTIVE
NSB003320,John,Wade,1947-07-08,14,9,Business Owner,273173.83,SALARY,False,LOW,ACTIVE
NSB003321,Benjamin,Burch,1965-08-21,9,6,Nurse,39745.84,INVESTMENTS,False,CRITICAL,ACTIVE
NSB003322,Richard,Spears,1997-07-14,11,18,Software Engineer,109797.15,SALARY,False,LOW,ACTIVE
NSB003323,John,Hamilton,1973-08-04,3,15,Architect,93792.27,PENSION,False,LOW,ACTIVE
NSB003324,Erica,Russell,1952-12-14,11,13,Data Analyst,87803.64,PENSION,False,MEDIUM,ACTIVE
NSB003325,Karen,Jones,2004-10-22,1,9,Financial Analyst,106276.06,SAVINGS,False,MEDIUM,ACTIVE
NSB003326,Chad,Mason,1968-10-06,14,11,Student,34635.8,BUSINESS,False,MEDIUM,ACTIVE
NSB003327,Jason,Ball,1998-05-12,8,14,Sales Manager,44177.52,INVESTMENTS,False,MEDIUM,ACTIVE
NSB003328,Caitlin,Koch,1974-01-30,16,12,Engineer,48883.58,SALARY,False,LOW,ACTIVE
NSB003329,Melvin,White,1973-06-21,15,13,Consultant,106985.41,INHERITANCE,False,LOW,ACTIVE
NSB003330,Victoria,Love,1954-02-11,14,12,Data Analyst,56095.67,SALARY,False,LOW,CLOSED
NSB003331,Andrew,Johnson,1971-08-21,1,6,Nurse,60694.34,SAVINGS,False,HIGH,ACTIVE
NSB003332,Billy,Obrien,1964-12-29,4,2,Business Owner,175379.22,PENSION,False,LOW,ACTIVE
NSB003333,Eric,Briggs,1984-11-18,12,8,Accountant,38643.27,INHERITANCE,False,LOW,ACTIVE
NSB003334,David,Petersen,1974-03-28,9,16,Marketing Manager,73791.72,SAVINGS,False,LOW,ACTIVE
NSB003335,Brittney,Petersen,1949-08-26,6,9,Engineer,105960.49,BUSINESS,False,LOW,ACTIVE
NSB003336,Daniel,Simmons,1980-08-07,16,6,Marketing Manager,89065.47,INHERITANCE,False,MEDIUM,ACTIVE
NSB003337,Dana,Soto,1960-12-16,17,13,Sales Manager,83873.79,SAVINGS,False,HIGH,BLOCKED
NSB003338,Tanya,Obrien,1972-04-27,2,4,Engineer,113301.07,SAVINGS,True,CRITICAL,ACTIVE
NSB003339,Dylan,Delgado,1967-07-29,15,1,Business Owner,41379.21,INVESTMENTS,False,MEDIUM,ACTIVE
NSB003340,Thomas,Terry,1971-09-18,14,4,Engineer,108589.2,INVESTMENTS,False,MEDIUM,ACTIVE
NSB003341,Michael,Diaz,1978-12-21,1,8,Architect,42628.42,SALARY,False,MEDIUM,ACTIVE
NSB003342,Brenda,Avery,1998-01-06,17,8,Marketing Manager,55514.57,SALARY,False,MEDIUM,ACTIVE
NSB003343,Jeremy,Stevenson,1952-12-08,7,14,Sales Manager,43320.53,SALARY,False,LOW,ACTIVE
NSB003344,William,Houston,1994-08-10,3,15,Doctor,199435.3,BUSINESS,False,LOW,BLOCKED
NSB003345,James,Melton,1943-06-19,18,18,Lawyer,81682.4,INHERITANCE,False,LOW,ACTIVE
NSB003346,Matthew,Castillo,1941-11-01,11,5,Teacher,67015.63,PENSION,False,LOW,ACTIVE
NSB003347,Jeremy,Clark,1957-10-03,16,15,Lawyer,58158.72,BUSINESS,False,LOW,ACTIVE
NSB003348,Jeremy,Martinez,1969-01-23,4,16,Teacher,31479.61,INVESTMENTS,False,LOW,ACTIVE
NSB003349,Maria,Anderson,1980-12-21,12,14,Engineer,89598.01,SAVINGS,False,LOW,ACTIVE
NSB003350,Gwendolyn,Hayes,1992-10-24,6,13,Sales Manager,99899.25,SAVINGS,False,LOW,ACTIVE
NSB003351,John,Davis,1971-04-28,7,11,Consultant,124160.06,SALARY,False,HIGH,ACTIVE
NSB003352,Thomas,Malone,1979-10-28,6,12,Financial Analyst,89588.87,SALARY,False,HIGH,ACTIVE
NSB003353,Mark,Guerrero,1942-11-11,9,19,Doctor,147278.22,BUSINESS,False,LOW,ACTIVE
NSB003354,Krista,Becker,1955-01-16,2,10,Doctor,232278.33,SALARY,False,LOW,BLOCKED
NSB003355,Jon,Lee,1948-11-11,19,5,Engineer,99637.72,SAVINGS,False,LOW,ACTIVE
NSB003356,Tamara,Lloyd,1954-05-04,18,19,Marketing Manager,66860.84,SALARY,False,HIGH,ACTIVE
NSB003357,Brianna,Martinez,1952-12-07,18,15,Doctor,88343.32,INHERITANCE,False,LOW,ACTIVE
NSB003358,William,Baker,1966-03-26,20,9,Doctor,144471.25,BUSINESS,False,MEDIUM,ACTIVE
NSB003359,Jessica,Morgan,1963-12-15,15,20,Marketing Manager,115096.51,SALARY,False,LOW,ACTIVE
NSB003360,Jeffrey,Ruiz,1990-08-18,3,12,Lawyer,139936.15,SAVINGS,False,LOW,ACTIVE
NSB003361,Jose,Walton,1952-03-09,15,12,Consultant,147325.55,SALARY,False,LOW,ACTIVE
NSB003362,Jessica,Serrano,2005-12-28,5,8,Teacher,44928.99,INHERITANCE,False,MEDIUM,ACTIVE
NSB003363,Theresa,Schmidt,1976-09-24,3,8,Nurse,41268.68,SAVINGS,False,MEDIUM,ACTIVE
NSB003364,Collin,Peterson,2006-03-05,6,5,Financial Analyst,66157.52,INVESTMENTS,False,MEDIUM,ACTIVE
NSB003365,Kimberly,Davis,1979-10-31,2,13,Architect,74657.73,PENSION,False,LOW,ACTIVE
NSB003366,James,Collins,1954-02-05,17,4,Software Engineer,47738.16,INHERITANCE,False,LOW,ACTIVE
NSB003367,Adam,Garcia,1984-02-07,17,17,Financial Analyst,62569.59,INVESTMENTS,False,LOW,ACTIVE
NSB003368,Sarah,Vargas,1959-01-08,3,5,Architect,53842.32,INHERITANCE,False,HIGH,ACTIVE
NSB003369,Sarah,Newton,1980-12-19,11,2,Sales Manager,83549.64,INHERITANCE,False,MEDIUM,ACTIVE
NSB003370,Deborah,Chen,1988-03-17,16,11,Accountant,82766.79,INVESTMENTS,False,LOW,ACTIVE
NSB003371,Shannon,Jackson,1994-12-06,14,18,Business Owner,175537.03,SALARY,False,HIGH,ACTIVE
NSB003372,Jacqueline,Young,1952-10-05,16,6,Teacher,63553.75,BUSINESS,False,LOW,ACTIVE
NSB003373,Randy,Henderson,1964-03-27,4,15,Sales Manager,108189.98,PENSION,False,MEDIUM,ACTIVE
NSB003374,Elaine,Moore,1997-12-02,15,17,Marketing Manager,52443.53,SALARY,False,MEDIUM,ACTIVE
NSB003375,Robert,Tate,1964-11-02,10,9,Architect,50177.24,INVESTMENTS,False,HIGH,ACTIVE
NSB003376,Lori,Ray,1991-03-12,8,4,Lawyer,165658.58,SALARY,False,LOW,ACTIVE
NSB003377,Paul,Moore,1993-01-22,1,18,Marketing Manager,80164.72,SALARY,False,LOW,ACTIVE
NSB003378,Brandon,Cruz,1985-10-28,8,1,Accountant,79105.29,INVESTMENTS,False,LOW,ACTIVE
NSB003379,Juan,Smith,1986-09-23,5,1,Financial Analyst,94895.06,SAVINGS,False,LOW,ACTIVE
NSB003380,Nathan,Stout,1999-12-26,2,5,Business Owner,139467.28,SALARY,False,LOW,ACTIVE
NSB003381,Jennifer,Howard,1977-03-05,7,18,Teacher,40959.25,PENSION,False,MEDIUM,CLOSED
NSB003382,Amanda,Zimmerman,1954-11-29,17,10,Student,7450.98,PENSION,False,MEDIUM,ACTIVE
NSB003383,Nicholas,Mcgrath,1998-01-16,15,3,Sales Manager,95041.26,INVESTMENTS,False,LOW,ACTIVE
NSB003384,Kristi,Allen,1999-07-16,17,3,Marketing Manager,109079.82,SAVINGS,True,HIGH,ACTIVE
NSB003385,James,Jones,1994-06-24,20,5,Sales Manager,127543.97,INVESTMENTS,False,LOW,ACTIVE
NSB003386,Erik,Greer,1970-04-04,10,5,Software Engineer,47126.33,SAVINGS,False,MEDIUM,ACTIVE
NSB003387,Kerry,Ward,1953-11-13,2,15,Business Owner,204772.46,SALARY,False,LOW,ACTIVE
NSB003388,Matthew,Henry,1977-06-11,2,4,Financial Analyst,109865.58,BUSINESS,False,MEDIUM,ACTIVE
NSB003389,Emily,Newton,1968-04-23,5,7,Student,15766.02,PENSION,False,LOW,ACTIVE
NSB003390,Cynthia,Adkins,1998-07-09,20,20,Marketing Manager,115745.13,INVESTMENTS,False,LOW,ACTIVE
NSB003391,Joe,Martin,1990-07-25,12,15,Consultant,76173.8,SALARY,False,LOW,ACTIVE
NSB003392,Oscar,Larsen,1974-09-18,4,16,Lawyer,71969.96,SALARY,False,LOW,ACTIVE
NSB003393,Troy,Jordan,1975-04-12,14,10,Marketing Manager,46849.36,SALARY,False,LOW,ACTIVE
NSB003394,Hannah,Kennedy,1947-01-07,8,15,Architect,77385.8,INVESTMENTS,False,MEDIUM,ACTIVE
NSB003395,Susan,Rodgers,1963-08-06,16,11,Architect,86518.21,SALARY,False,MEDIUM,INACTIVE
NSB003396,Brent,Pearson,1980-02-18,4,18,Software Engineer,85305.83,INHERITANCE,False,LOW,ACTIVE
NSB003397,Michael,Anderson,2004-10-12,14,20,Engineer,96447.17,INVESTMENTS,False,LOW,ACTIVE
NSB003398,Susan,Day,1997-09-27,6,9,Student,28148.28,SALARY,False,LOW,BLOCKED
NSB003399,Tara,Thompson,1990-02-07,8,17,Financial Analyst,76179.67,INHERITANCE,False,LOW,ACTIVE
NSB003400,Jeffrey,Moore,1998-10-25,4,11,Data Analyst,79503.99,INVESTMENTS,False,LOW,ACTIVE
NSB003401,Lisa,Day,1964-03-23,18,18,Consultant,59119.09,BUSINESS,False,MEDIUM,ACTIVE
NSB003402,Stephen,Kim,1943-03-08,14,6,Marketing Manager,69685.5,INVESTMENTS,False,LOW,ACTIVE
NSB003403,Laura,Gibson,1966-05-17,13,14,Nurse,42960.1,INHERITANCE,False,LOW,ACTIVE
NSB003404,Heather,Hernandez,1954-01-16,1,10,Data Analyst,81082.94,BUSINESS,False,MEDIUM,ACTIVE
NSB003405,Nicole,Hodges,1955-05-01,8,9,Consultant,74038.87,PENSION,False,HIGH,ACTIVE
NSB003406,Kevin,Diaz,1954-04-27,9,15,Nurse,46449.5,PENSION,False,LOW,ACTIVE
NSB003407,James,Conley,1964-01-08,12,9,Accountant,81576.58,BUSINESS,False,LOW,ACTIVE
NSB003408,Bruce,Larson,1957-07-21,7,16,Financial Analyst,75818.27,INVESTMENTS,False,LOW,ACTIVE
NSB003409,Julie,Ingram,1987-10-08,17,5,Teacher,60164.95,INVESTMENTS,False,LOW,ACTIVE
NSB003410,Michael,Rodriguez,1986-10-19,13,4,Software Engineer,98779.99,INVESTMENTS,False,MEDIUM,ACTIVE
NSB003411,Crystal,Schultz,1985-12-15,11,5,Consultant,105003.47,BUSINESS,False,CRITICAL,ACTIVE
NSB003412,Alan,Garner,1968-02-16,20,17,Software Engineer,63484.51,INHERITANCE,False,LOW,ACTIVE
NSB003413,Susan,Kelley,1992-07-22,13,1,Sales Manager,121093.92,BUSINESS,False,LOW,ACTIVE
NSB003414,Bridget,Wilkerson,1951-07-08,10,17,Student,8584.27,PENSION,False,LOW,ACTIVE
NSB003415,Michael,Cole,1958-08-25,6,9,Software Engineer,101447.56,SALARY,False,HIGH,ACTIVE
NSB003416,Rebecca,Mason,1951-06-23,17,17,Accountant,49016.85,SAVINGS,False,LOW,ACTIVE
NSB003417,Nicole,Macias,1956-07-23,5,11,Software Engineer,111401.71,INHERITANCE,False,LOW,ACTIVE
NSB003418,David,Jackson,1973-02-27,13,3,Teacher,57280.18,INHERITANCE,False,LOW,ACTIVE
NSB003419,William,Green,1991-11-24,4,10,Student,26987.75,INVESTMENTS,False,LOW,ACTIVE
NSB003420,Sabrina,Anderson,1995-10-16,2,8,Nurse,48453.91,SALARY,False,LOW,ACTIVE
NSB003421,Jacob,Richardson,1971-10-30,16,20,Consultant,129741.16,SAVINGS,False,LOW,ACTIVE
NSB003422,Nancy,Mendoza,1971-08-11,13,15,Sales Manager,73711.7,INVESTMENTS,False,MEDIUM,ACTIVE
NSB003423,Daniel,Welch,1971-12-22,9,18,Consultant,135126.24,INVESTMENTS,False,LOW,ACTIVE
NSB003424,Kimberly,Browning,1995-02-04,13,1,Architect,92662.98,BUSINESS,False,LOW,ACTIVE
NSB003425,David,Abbott,1991-07-31,9,16,Engineer,106732.06,INHERITANCE,False,LOW,ACTIVE
NSB003426,Joshua,Carter,1985-08-17,6,19,Engineer,60439.96,BUSINESS,False,LOW,ACTIVE
NSB003427,Catherine,Hopkins,1964-05-19,3,18,Lawyer,109345.1,SALARY,False,LOW,ACTIVE
NSB003428,Scott,Hansen,1965-06-21,19,2,Lawyer,60472.79,BUSINESS,False,LOW,ACTIVE
NSB003429,Kimberly,Brewer,1973-11-05,7,3,Lawyer,134516.17,SAVINGS,False,LOW,ACTIVE
NSB003430,Alexander,Adams,2002-12-20,13,10,Software Engineer,48834.19,SAVINGS,False,LOW,ACTIVE
NSB003431,Amanda,Underwood,1962-11-16,13,16,Data Analyst,68041.66,PENSION,False,LOW,ACTIVE
NSB003432,Caleb,Roberts,1941-03-22,8,10,Marketing Manager,103514.22,BUSINESS,False,LOW,ACTIVE
NSB003433,Laura,Rivera,1962-05-12,19,7,Engineer,106306.99,BUSINESS,False,MEDIUM,ACTIVE
NSB003434,James,Williams,1990-12-14,13,1,Financial Analyst,98294.37,SAVINGS,False,MEDIUM,ACTIVE
NSB003435,Jenna,Jensen,1986-09-23,17,14,Doctor,195277.74,SAVINGS,False,LOW,ACTIVE
NSB003436,Tracy,Martinez,1961-12-15,17,7,Engineer,82676.7,SAVINGS,False,LOW,ACTIVE
NSB003437,Daniel,Romero,1960-12-21,15,8,Engineer,71158.66,SALARY,False,HIGH,ACTIVE
NSB003438,Sean,Acosta,1946-08-10,19,19,Software Engineer,85880.25,PENSION,False,LOW,ACTIVE
NSB003439,Brittany,Whitaker,1950-01-14,7,9,Accountant,50136.3,INVESTMENTS,False,LOW,ACTIVE
NSB003440,Christopher,Morales,1969-12-29,17,20,Financial Analyst,83504.86,BUSINESS,False,LOW,ACTIVE
NSB003441,Richard,Cummings,2002-11-05,18,4,Nurse,41620.48,INVESTMENTS,True,HIGH,BLOCKED
NSB003442,Jessica,Schaefer,1951-11-07,17,2,Consultant,123144.96,PENSION,False,HIGH,ACTIVE
NSB003443,Stephanie,Hernandez,1967-01-07,20,11,Data Analyst,87791.93,SAVINGS,False,MEDIUM,ACTIVE
NSB003444,Olivia,Clark,1957-03-22,18,17,Teacher,58926.83,INHERITANCE,True,LOW,ACTIVE
NSB003445,Guy,Leonard,1961-08-21,8,11,Student,25817.59,INHERITANCE,False,LOW,ACTIVE
NSB003446,Ashley,Parks,1992-12-10,19,20,Business Owner,82489.88,INHERITANCE,False,LOW,INACTIVE
NSB003447,Noah,Bright,1986-04-24,13,13,Sales Manager,65634.02,SAVINGS,False,LOW,ACTIVE
NSB003448,Blake,Collier,1975-10-09,7,7,Student,7730.85,SAVINGS,False,LOW,ACTIVE
NSB003449,Dennis,Guzman,1948-11-11,15,7,Engineer,63448.72,SALARY,False,MEDIUM,ACTIVE
NSB003450,Wesley,Morgan,1958-08-13,19,10,Business Owner,187693.36,SALARY,False,LOW,ACTIVE
NSB003451,Anita,Harris,1945-12-13,20,7,Data Analyst,63726.0,PENSION,False,MEDIUM,ACTIVE
NSB003452,Randy,French,1978-08-04,5,19,Doctor,156470.69,PENSION,False,HIGH,ACTIVE
NSB003453,Ashley,Shaw,1949-09-04,12,10,Nurse,32381.52,SAVINGS,False,LOW,ACTIVE
NSB003454,Brett,Jordan,1942-12-21,13,15,Marketing Manager,72079.52,PENSION,False,HIGH,ACTIVE
NSB003455,Joshua,Taylor,1966-12-18,18,8,Software Engineer,59284.29,SAVINGS,False,MEDIUM,ACTIVE
NSB003456,Bobby,Evans,1960-08-28,1,3,Sales Manager,70836.45,SALARY,False,MEDIUM,ACTIVE
NSB003457,Melissa,Skinner,1991-06-25,7,7,Financial Analyst,77982.7,INVESTMENTS,False,LOW,ACTIVE
NSB003458,Marie,Lewis,1997-05-27,2,15,Business Owner,264723.45,PENSION,False,LOW,ACTIVE
NSB003459,Rachel,Warren,1994-04-19,6,16,Sales Manager,49833.33,PENSION,False,LOW,ACTIVE
NSB003460,Jessica,Smith,1969-02-21,19,4,Engineer,98242.75,SAVINGS,False,LOW,ACTIVE
NSB003461,Vanessa,Jensen,1999-05-12,8,19,Marketing Manager,66149.48,PENSION,False,LOW,BLOCKED
NSB003462,Donna,Mcpherson,1989-08-07,15,2,Software Engineer,67452.91,SALARY,False,LOW,ACTIVE
NSB003463,Ricky,Tucker,1968-05-14,3,9,Data Analyst,68347.12,INVESTMENTS,False,MEDIUM,CLOSED
NSB003464,Courtney,Farley,1982-02-09,4,9,Marketing Manager,100575.83,PENSION,False,MEDIUM,ACTIVE
NSB003465,Terri,Carey,1975-08-06,14,11,Student,21709.83,BUSINESS,False,MEDIUM,ACTIVE
NSB003466,Amy,James,1953-08-23,8,2,Architect,66889.65,SAVINGS,False,LOW,INACTIVE
NSB003467,Amber,Kline,1950-03-03,20,14,Teacher,45419.35,PENSION,True,HIGH,ACTIVE
NSB003468,Tyler,Watson,1978-04-04,8,10,Nurse,38058.88,INHERITANCE,False,LOW,CLOSED
NSB003469,Suzanne,Jordan,1983-07-05,17,2,Financial Analyst,115673.21,SALARY,False,LOW,ACTIVE
NSB003470,Joseph,Miller,1990-04-02,7,11,Sales Manager,85735.17,BUSINESS,False,LOW,INACTIVE
NSB003471,Debbie,Martinez,1957-12-31,4,9,Lawyer,139787.05,PENSION,False,LOW,ACTIVE
NSB003472,Brittany,Rodriguez,1977-02-12,18,2,Teacher,33003.21,PENSION,False,LOW,ACTIVE
NSB003473,Christina,Johnson,2002-06-03,16,18,Lawyer,164555.38,BUSINESS,False,LOW,ACTIVE
NSB003474,Larry,Hahn,1987-05-09,5,8,Consultant,72736.71,PENSION,False,CRITICAL,ACTIVE
NSB003475,Carl,Jenkins,1976-10-13,9,10,Sales Manager,105701.25,SALARY,False,LOW,ACTIVE
NSB003476,Caleb,Avery,1973-03-20,5,19,Doctor,245498.9,INVESTMENTS,False,LOW,ACTIVE
NSB003477,Christian,Diaz,1947-10-14,18,9,Sales Manager,111808.34,INVESTMENTS,False,LOW,ACTIVE
NSB003478,Kevin,Daniels,1981-10-11,19,10,Architect,88223.43,INVESTMENTS,False,LOW,ACTIVE
NSB003479,Autumn,Miller,2005-04-06,5,13,Financial Analyst,83361.86,SALARY,False,LOW,ACTIVE
NSB003480,Kathy,Bell,1988-03-14,20,6,Teacher,30008.03,PENSION,False,LOW,ACTIVE
NSB003481,Adrian,Cannon,1994-01-14,11,5,Sales Manager,109147.1,INHERITANCE,False,LOW,DECEASED
NSB003482,Jennifer,Lopez,1948-12-15,10,14,Teacher,36837.06,BUSINESS,False,LOW,ACTIVE
NSB003483,William,Jimenez,1992-08-04,15,10,Engineer,73857.04,PENSION,False,LOW,ACTIVE
NSB003484,Daniel,Montoya,1969-06-16,20,14,Consultant,62307.14,INVESTMENTS,False,LOW,ACTIVE
NSB003485,Barbara,Logan,1998-01-06,6,18,Data Analyst,73990.1,SAVINGS,False,MEDIUM,CLOSED
NSB003486,Paul,Blankenship,1979-10-07,18,2,Software Engineer,92607.44,SALARY,False,LOW,CLOSED
NSB003487,Toni,Jennings,1970-07-16,14,3,Business Owner,96325.02,PENSION,False,CRITICAL,ACTIVE
NSB003488,Jessica,Johnson,1950-10-08,18,9,Marketing Manager,102435.57,PENSION,False,MEDIUM,ACTIVE
NSB003489,John,Lopez,1948-03-28,5,17,Engineer,105753.69,BUSINESS,False,LOW,ACTIVE
NSB003490,Nancy,Rogers,1984-02-06,18,18,Lawyer,65996.3,BUSINESS,False,LOW,ACTIVE
NSB003491,Jessica,Hernandez,1997-04-23,1,2,Consultant,74631.46,BUSINESS,False,LOW,ACTIVE
NSB003492,Mary,Gould,1971-04-14,2,20,Marketing Manager,81490.56,SALARY,False,LOW,ACTIVE
NSB003493,Mark,Morales,1981-05-31,16,15,Sales Manager,40603.88,BUSINESS,False,MEDIUM,ACTIVE
NSB003494,Donna,Simmons,1956-02-25,14,4,Lawyer,93008.19,PENSION,True,HIGH,ACTIVE
NSB003495,Samantha,Knight,2006-06-03,4,17,Financial Analyst,110369.29,SALARY,False,LOW,BLOCKED
NSB003496,Mackenzie,Rogers,1966-05-02,4,16,Consultant,46053.57,INVESTMENTS,False,MEDIUM,ACTIVE
NSB003497,James,Kline,2001-03-01,7,7,Doctor,176483.68,BUSINESS,False,LOW,ACTIVE
NSB003498,Toni,Black,1964-05-18,3,18,Student,22052.75,SAVINGS,False,LOW,CLOSED
NSB003499,Corey,Blake,2003-04-19,5,11,Sales Manager,108885.58,INVESTMENTS,False,LOW,ACTIVE
NSB003500,Mark,Gonzalez,1951-10-31,17,7,Data Analyst,82818.42,PENSION,False,CRITICAL,ACTIVE
NSB003501,Jerry,Lee,1947-03-15,5,13,Accountant,75927.61,BUSINESS,False,MEDIUM,ACTIVE
NSB003502,Jodi,Chandler,1973-03-17,18,7,Financial Analyst,54010.51,INHERITANCE,False,LOW,ACTIVE
NSB003503,Melissa,Stewart,1986-05-12,5,19,Consultant,133556.09,SALARY,True,HIGH,ACTIVE
NSB003504,Cathy,Monroe,1962-12-20,4,11,Sales Manager,45380.21,SALARY,False,LOW,ACTIVE
NSB003505,Scott,Daniels,2004-12-18,18,17,Consultant,103021.75,SAVINGS,False,MEDIUM,ACTIVE
NSB003506,Brenda,Henderson,1973-04-23,5,15,Nurse,54442.63,SAVINGS,False,LOW,ACTIVE
NSB003507,Danielle,Lewis,1968-10-08,8,15,Student,13288.45,INHERITANCE,False,MEDIUM,ACTIVE
NSB003508,Isaac,Smith,1974-10-18,6,9,Consultant,147186.36,INHERITANCE,False,MEDIUM,ACTIVE
NSB003509,Gordon,Brewer,1987-06-21,7,5,Lawyer,179735.25,SALARY,False,MEDIUM,ACTIVE
NSB003510,Garrett,Lewis,1962-10-31,11,4,Marketing Manager,97764.03,SALARY,False,LOW,ACTIVE
NSB003511,Linda,Brennan,2005-12-13,6,2,Software Engineer,111835.7,INHERITANCE,False,LOW,ACTIVE
NSB003512,Ronald,Smith,1971-10-03,20,5,Nurse,62518.8,INVESTMENTS,False,LOW,ACTIVE
NSB003513,Michael,Simpson,1970-04-28,13,6,Nurse,44533.66,INHERITANCE,False,LOW,ACTIVE
NSB003514,Kelly,Newman,1964-10-11,1,5,Doctor,168648.5,INVESTMENTS,False,MEDIUM,ACTIVE
NSB003515,Terrance,Young,1970-10-29,2,19,Engineer,68744.71,SAVINGS,False,MEDIUM,CLOSED
NSB003516,Kenneth,Stevens,1964-08-10,14,7,Accountant,52829.32,INVESTMENTS,False,LOW,ACTIVE
NSB003517,Sandra,Smith,1954-02-01,5,5,Consultant,108515.94,BUSINESS,False,LOW,ACTIVE
NSB003518,Jessica,Acosta,1979-12-06,11,19,Sales Manager,59992.96,INHERITANCE,False,HIGH,ACTIVE
NSB003519,Sarah,Parrish,2001-08-17,5,17,Business Owner,241394.33,INHERITANCE,False,HIGH,ACTIVE
NSB003520,Robert,Powers,1960-01-14,12,1,Consultant,144098.58,SAVINGS,False,LOW,ACTIVE
NSB003521,Jose,Brown,1941-06-04,8,15,Software Engineer,52422.7,SAVINGS,False,MEDIUM,ACTIVE
NSB003522,Yolanda,Young,1974-07-07,13,9,Marketing Manager,82567.37,SALARY,False,LOW,ACTIVE
NSB003523,Michele,Castaneda,1979-04-21,9,12,Doctor,186896.21,INHERITANCE,False,LOW,ACTIVE
NSB003524,Lindsey,Estrada,2002-01-13,14,9,Sales Manager,40448.41,INHERITANCE,False,LOW,ACTIVE
NSB003525,Elizabeth,Fox,2004-01-05,1,2,Lawyer,116955.98,SAVINGS,False,CRITICAL,ACTIVE
NSB003526,John,Davis,1942-09-05,9,7,Doctor,152872.63,PENSION,False,LOW,ACTIVE
NSB003527,Stephanie,Owens,1991-06-25,12,3,Student,32855.65,SALARY,False,MEDIUM,ACTIVE
NSB003528,Michael,Thomas,1981-09-17,5,12,Nurse,41022.06,PENSION,False,LOW,ACTIVE
NSB003529,Rebecca,Coleman,1957-12-19,19,18,Marketing Manager,102663.21,SALARY,False,LOW,ACTIVE
NSB003530,Carla,Roberts,1986-02-14,18,17,Sales Manager,62750.08,SAVINGS,False,LOW,ACTIVE
NSB003531,George,Butler,1998-09-19,4,5,Accountant,74551.14,SAVINGS,False,MEDIUM,ACTIVE
NSB003532,Jason,Marquez,1949-04-23,20,3,Sales Manager,118472.97,SALARY,False,LOW,CLOSED
NSB003533,Courtney,Green,1981-11-24,5,4,Data Analyst,91097.61,INHERITANCE,False,LOW,ACTIVE
NSB003534,Jennifer,Jensen,1999-12-05,17,8,Sales Manager,129306.71,INVESTMENTS,False,LOW,ACTIVE
NSB003535,Heather,Newton,1956-06-05,16,5,Marketing Manager,80782.05,INVESTMENTS,False,LOW,DECEASED
NSB003536,Deanna,Ray,1997-03-09,6,20,Student,34044.87,SAVINGS,False,LOW,BLOCKED
NSB003537,Phillip,Rocha,1988-12-23,12,4,Financial Analyst,94138.16,INVESTMENTS,False,MEDIUM,ACTIVE
NSB003538,Courtney,Hamilton,1959-06-16,6,19,Accountant,57199.83,PENSION,False,LOW,ACTIVE
NSB003539,Javier,Lang,1962-11-22,16,20,Software Engineer,80634.94,BUSINESS,False,HIGH,ACTIVE
NSB003540,Stephanie,Davis,1981-09-22,4,9,Software Engineer,90231.49,PENSION,False,LOW,ACTIVE
NSB003541,Michael,Lee,1956-04-09,7,14,Accountant,44545.36,INVESTMENTS,False,LOW,ACTIVE
NSB003542,Kayla,Young,1953-04-10,11,14,Doctor,233385.1,PENSION,False,LOW,ACTIVE
NSB003543,Kyle,Olson,1948-04-04,14,10,Data Analyst,78294.96,PENSION,False,LOW,ACTIVE
NSB003544,Bryan,Gray,1985-03-21,2,2,Nurse,55076.95,PENSION,True,HIGH,ACTIVE
NSB003545,Edward,Mcmahon,1988-05-27,6,7,Doctor,129519.98,INVESTMENTS,False,LOW,ACTIVE
NSB003546,Shannon,Carter,2005-02-02,15,20,Accountant,62639.92,SALARY,False,LOW,ACTIVE
NSB003547,Joshua,Wilson,1973-09-02,4,7,Business Owner,266800.0,INHERITANCE,False,MEDIUM,INACTIVE
NSB003548,Carol,Williams,1954-04-14,11,2,Lawyer,163980.41,INVESTMENTS,False,LOW,ACTIVE
NSB003549,Sandy,Cook,1962-04-24,12,10,Software Engineer,112693.21,INHERITANCE,False,LOW,ACTIVE
NSB003550,Steven,Carpenter,1988-01-09,15,4,Accountant,53164.91,INVESTMENTS,False,LOW,ACTIVE
NSB003551,Alexander,Richards,1984-05-12,3,7,Teacher,38161.02,PENSION,False,LOW,ACTIVE
NSB003552,Larry,Brown,1955-01-24,1,8,Architect,98533.43,SAVINGS,False,MEDIUM,ACTIVE
NSB003553,Michelle,Hernandez,1957-09-25,8,12,Nurse,30896.66,BUSINESS,False,LOW,ACTIVE
NSB003554,Jonathan,Aguilar,1976-02-17,3,9,Financial Analyst,77269.03,SALARY,False,LOW,CLOSED
NSB003555,Kenneth,Evans,1977-08-07,18,10,Teacher,36201.3,SALARY,False,LOW,ACTIVE
NSB003556,Isaac,Price,1993-11-30,16,10,Software Engineer,75854.56,PENSION,False,LOW,ACTIVE
NSB003557,Denise,Schwartz,1995-07-12,19,5,Nurse,33414.52,PENSION,False,LOW,ACTIVE
NSB003558,Rachel,Thompson,1960-08-26,7,7,Lawyer,139168.95,BUSINESS,False,LOW,ACTIVE
NSB003559,Jonathan,Lewis,1946-03-09,6,9,Lawyer,115510.67,BUSINESS,False,LOW,ACTIVE
NSB003560,Jessica,Dunn,1975-12-26,19,18,Business Owner,121849.39,BUSINESS,False,LOW,INACTIVE
NSB003561,Melody,Brown,1963-09-12,19,2,Business Owner,226256.91,SAVINGS,False,MEDIUM,BLOCKED
NSB003562,Margaret,King,1941-06-30,8,14,Nurse,61891.14,INHERITANCE,False,LOW,ACTIVE
NSB003563,Morgan,Simon,1961-01-10,6,5,Lawyer,137991.81,SALARY,False,MEDIUM,ACTIVE
NSB003564,Daniel,Hood,1961-07-07,13,2,Marketing Manager,45688.22,BUSINESS,False,LOW,ACTIVE
NSB003565,Dana,Santiago,1955-11-22,7,19,Marketing Manager,56800.01,INVESTMENTS,False,LOW,ACTIVE
NSB003566,Katrina,Wright,1978-01-19,2,16,Architect,90465.58,PENSION,False,LOW,ACTIVE
NSB003567,Jessica,Stafford,1962-05-07,9,7,Student,34911.24,BUSINESS,False,MEDIUM,INACTIVE
NSB003568,Laurie,Ibarra,1956-10-08,14,10,Student,34550.09,SALARY,False,MEDIUM,ACTIVE
NSB003569,Rebecca,Nielsen,2000-08-13,15,16,Engineer,99013.52,INVESTMENTS,False,LOW,ACTIVE
NSB003570,Robin,Gardner,1941-02-09,15,8,Business Owner,138176.37,INVESTMENTS,False,LOW,ACTIVE
NSB003571,Anna,Buck,2005-05-17,4,18,Business Owner,277371.35,INHERITANCE,False,MEDIUM,ACTIVE
NSB003572,Lauren,White,1942-04-26,17,16,Consultant,143702.07,SALARY,False,HIGH,ACTIVE
NSB003573,Bill,Baker,1964-12-10,1,10,Lawyer,92827.31,PENSION,False,HIGH,ACTIVE
NSB003574,Lisa,Gutierrez,1984-10-06,8,11,Student,12388.92,SAVINGS,False,MEDIUM,ACTIVE
NSB003575,Christina,Rodriguez,1959-11-20,10,16,Consultant,122626.96,INVESTMENTS,False,LOW,ACTIVE
NSB003576,James,Mejia,1962-04-04,20,19,Business Owner,228223.19,INHERITANCE,False,MEDIUM,ACTIVE
NSB003577,Max,Brown,1980-05-21,5,14,Architect,89375.59,INHERITANCE,False,LOW,ACTIVE
NSB003578,Monica,Davis,1989-11-17,2,5,Teacher,54653.76,SAVINGS,False,LOW,ACTIVE
NSB003579,Brooke,Garza,1956-01-06,7,8,Consultant,120184.92,SAVINGS,False,LOW,INACTIVE
NSB003580,Stephanie,Simmons,1992-07-13,19,3,Engineer,68642.94,SAVINGS,False,HIGH,ACTIVE
NSB003581,Larry,Weaver,1942-12-30,8,14,Student,15113.06,SAVINGS,False,LOW,ACTIVE
NSB003582,Stephen,Barrett,1941-07-12,6,16,Financial Analyst,75202.71,PENSION,False,LOW,ACTIVE
NSB003583,April,Reeves,1992-03-01,4,15,Engineer,75213.04,BUSINESS,False,LOW,ACTIVE
NSB003584,Krista,Hubbard,1943-02-06,4,19,Financial Analyst,75112.56,BUSINESS,False,LOW,ACTIVE
NSB003585,Ashley,Bryant,1972-03-20,9,16,Accountant,51447.24,BUSINESS,False,LOW,ACTIVE
NSB003586,Mike,Boyd,1946-06-22,13,6,Lawyer,125646.46,BUSINESS,False,LOW,ACTIVE
NSB003587,Jennifer,Kennedy,2003-01-21,4,19,Marketing Manager,104888.3,PENSION,True,HIGH,ACTIVE
NSB003588,Stanley,Edwards,1971-02-26,12,2,Teacher,43497.13,SAVINGS,False,LOW,ACTIVE
NSB003589,Robert,Mendoza,1977-08-09,13,6,Business Owner,263205.76,INVESTMENTS,False,HIGH,ACTIVE
NSB003590,Julia,Carr,1973-12-10,15,15,Engineer,65313.8,SAVINGS,False,MEDIUM,ACTIVE
NSB003591,Diane,Blair,1947-04-09,9,7,Teacher,66596.36,PENSION,False,MEDIUM,ACTIVE
NSB003592,Elizabeth,Fowler,1950-08-27,20,5,Doctor,187260.54,INVESTMENTS,False,LOW,ACTIVE
NSB003593,Ricardo,Porter,1971-01-08,16,18,Lawyer,109479.29,SAVINGS,False,LOW,ACTIVE
NSB003594,Benjamin,Carroll,1984-01-13,18,1,Consultant,89538.47,INVESTMENTS,False,LOW,ACTIVE
NSB003595,Shane,Wong,1955-05-11,7,20,Architect,84436.4,INHERITANCE,False,LOW,ACTIVE
NSB003596,Terrence,Frost,1975-12-15,19,2,Marketing Manager,60817.44,INHERITANCE,False,LOW,ACTIVE
NSB003597,Brooke,Davis,1959-08-30,5,3,Lawyer,114933.24,BUSINESS,False,LOW,ACTIVE
NSB003598,Edwin,Hampton,1994-04-08,12,5,Student,27398.32,PENSION,False,LOW,ACTIVE
NSB003599,Victoria,Washington,1991-07-22,16,12,Doctor,88424.82,INVESTMENTS,False,MEDIUM,ACTIVE
NSB003600,Brian,Moore,1966-07-01,8,15,Accountant,58448.33,SAVINGS,False,LOW,ACTIVE
NSB003601,Anthony,Price,1954-06-12,19,14,Consultant,111364.19,INVESTMENTS,False,MEDIUM,CLOSED
NSB003602,Erin,Smith,1960-01-07,5,13,Student,18762.57,INHERITANCE,False,LOW,ACTIVE
NSB003603,Matthew,Peterson,2001-11-25,16,9,Engineer,52306.2,BUSINESS,False,LOW,ACTIVE
NSB003604,Angela,Ruiz,2003-07-03,1,11,Engineer,53516.33,SAVINGS,False,LOW,ACTIVE
NSB003605,Mckenzie,Miller,1959-07-01,14,20,Doctor,241933.68,SAVINGS,False,MEDIUM,ACTIVE
NSB003606,Annette,Harvey,1942-04-06,8,1,Doctor,148562.81,SAVINGS,False,LOW,ACTIVE
NSB003607,Michael,Moreno,1998-06-09,14,17,Marketing Manager,110981.05,BUSINESS,False,LOW,ACTIVE
NSB003608,Jennifer,Nash,1982-07-27,14,6,Data Analyst,68412.01,SAVINGS,False,MEDIUM,ACTIVE
NSB003609,Kathleen,Miranda,1952-04-23,3,17,Engineer,52471.58,SAVINGS,False,HIGH,BLOCKED
NSB003610,Chelsea,Grant,1981-06-30,11,14,Marketing Manager,110627.77,PENSION,False,HIGH,INACTIVE
NSB003611,John,Estrada,2005-10-01,4,15,Student,30570.79,INVESTMENTS,False,HIGH,ACTIVE
NSB003612,Rebecca,Friedman,1958-11-18,12,5,Nurse,36937.95,PENSION,False,MEDIUM,ACTIVE
NSB003613,Russell,Neal,1968-10-10,7,8,Teacher,63701.41,INVESTMENTS,False,LOW,ACTIVE
NSB003614,Nicholas,Rodriguez,1993-09-17,3,14,Software Engineer,100307.48,BUSINESS,False,MEDIUM,ACTIVE
NSB003615,Joshua,Smith,1966-02-04,19,8,Engineer,118609.54,PENSION,False,LOW,ACTIVE
NSB003616,Joseph,Harris,1976-06-03,12,4,Marketing Manager,65514.94,BUSINESS,False,MEDIUM,ACTIVE
NSB003617,Laurie,Serrano,1979-10-19,3,7,Teacher,52564.44,SAVINGS,False,LOW,ACTIVE
NSB003618,Jason,Baker,1996-01-12,12,2,Architect,69946.0,BUSINESS,False,LOW,DECEASED
NSB003619,Dalton,Harvey,1994-07-04,11,9,Marketing Manager,89919.06,INHERITANCE,False,MEDIUM,DECEASED
NSB003620,Sharon,Griffin,1978-12-14,14,2,Data Analyst,89055.42,SALARY,False,MEDIUM,ACTIVE
NSB003621,Amanda,Mcdaniel,2002-12-26,20,12,Consultant,120837.22,BUSINESS,False,LOW,ACTIVE
NSB003622,Justin,Braun,1968-05-02,2,13,Nurse,40559.51,BUSINESS,False,MEDIUM,ACTIVE
NSB003623,Alfred,Lucas,1942-09-18,5,20,Student,12721.42,PENSION,False,MEDIUM,ACTIVE
NSB003624,Jonathan,Barajas,1959-02-17,20,13,Consultant,93017.03,SAVINGS,False,MEDIUM,ACTIVE
NSB003625,Alejandra,Maldonado,1951-11-28,18,10,Marketing Manager,64765.51,BUSINESS,False,MEDIUM,ACTIVE
NSB003626,Sierra,Paul,1948-01-30,4,17,Doctor,139816.38,INHERITANCE,True,HIGH,ACTIVE
NSB003627,Kyle,Mendoza,1975-09-15,7,18,Doctor,213286.5,BUSINESS,False,LOW,ACTIVE
NSB003628,Brandon,Andrade,1953-10-24,16,9,Data Analyst,85404.7,PENSION,False,LOW,ACTIVE
NSB003629,Anthony,Lee,1984-03-28,9,1,Data Analyst,72026.55,SAVINGS,False,LOW,ACTIVE
NSB003630,Sue,Gallegos,1947-01-17,18,2,Engineer,111299.1,SAVINGS,False,HIGH,ACTIVE
NSB003631,Melinda,Jones,1980-06-24,11,16,Software Engineer,92694.06,PENSION,False,CRITICAL,ACTIVE
NSB003632,April,Mccormick,1975-10-30,20,19,Accountant,88220.55,INHERITANCE,False,LOW,BLOCKED
NSB003633,Lynn,Bradford,1944-11-10,1,3,Teacher,64456.74,INVESTMENTS,False,MEDIUM,ACTIVE
NSB003634,Sherry,Lewis,1996-10-18,7,19,Sales Manager,52131.21,BUSINESS,False,LOW,ACTIVE
NSB003635,Robert,Mitchell,2001-12-27,1,1,Sales Manager,103798.28,SALARY,False,MEDIUM,ACTIVE
NSB003636,Roger,Hernandez,1961-06-08,11,6,Teacher,51634.91,SAVINGS,False,LOW,ACTIVE
NSB003637,Frances,Flores,1983-09-10,18,11,Data Analyst,45710.43,SAVINGS,False,MEDIUM,ACTIVE
NSB003638,Justin,Moore,1988-06-23,20,20,Marketing Manager,109343.75,SALARY,False,LOW,ACTIVE
NSB003639,Sarah,Meadows,1972-12-04,3,12,Software Engineer,46047.7,SAVINGS,False,LOW,ACTIVE
NSB003640,Lindsey,Hudson,1943-01-09,13,5,Architect,49141.11,BUSINESS,False,MEDIUM,INACTIVE
NSB003641,Gabriel,Hansen,1962-06-12,14,6,Consultant,87571.3,INVESTMENTS,False,LOW,INACTIVE
NSB003642,John,Hancock,1954-05-28,6,15,Business Owner,95123.14,BUSINESS,False,LOW,INACTIVE
NSB003643,Manuel,Herman,1960-07-16,16,3,Engineer,113970.56,PENSION,False,CRITICAL,ACTIVE
NSB003644,Matthew,Cox,1955-09-19,9,10,Student,30720.84,INVESTMENTS,False,LOW,ACTIVE
NSB003645,Jose,Johnson,1999-08-28,17,3,Student,6852.04,SAVINGS,True,MEDIUM,ACTIVE
NSB003646,Amy,Johnson,1995-04-13,7,14,Sales Manager,112506.51,SALARY,False,LOW,ACTIVE
NSB003647,Heidi,Williams,1998-05-05,10,6,Engineer,45120.39,PENSION,False,MEDIUM,ACTIVE
NSB003648,Brian,Hernandez,1983-12-03,13,7,Lawyer,127008.22,SAVINGS,False,LOW,ACTIVE
NSB003649,James,Gates,1959-12-01,12,17,Architect,43819.79,INVESTMENTS,False,CRITICAL,ACTIVE
NSB003650,Jason,Gutierrez,1977-11-12,7,6,Student,14438.35,BUSINESS,False,MEDIUM,ACTIVE
NSB003651,Jose,Velasquez,1978-08-23,4,4,Doctor,194598.42,SALARY,False,LOW,ACTIVE
NSB003652,Kevin,Mcdonald,1969-09-01,12,15,Student,27707.63,INVESTMENTS,False,LOW,ACTIVE
NSB003653,Leah,Butler,1947-08-31,8,16,Accountant,67674.85,BUSINESS,False,MEDIUM,ACTIVE
NSB003654,Justin,Maxwell,1973-04-17,10,14,Student,33343.66,INHERITANCE,False,LOW,ACTIVE
NSB003655,Marvin,Wells,1945-11-30,19,9,Marketing Manager,54882.81,INVESTMENTS,False,LOW,ACTIVE
NSB003656,Mary,Chavez,1986-08-14,17,14,Sales Manager,110825.35,INVESTMENTS,False,LOW,ACTIVE
NSB003657,Benjamin,Graves,1942-03-30,16,15,Business Owner,147717.69,BUSINESS,False,MEDIUM,ACTIVE
NSB003658,Angela,Fox,1975-04-26,19,20,Engineer,112807.95,SALARY,False,LOW,ACTIVE
NSB003659,Derek,Curtis,1951-01-15,6,2,Lawyer,73106.45,INVESTMENTS,False,LOW,ACTIVE
NSB003660,Janet,Miller,1999-01-20,3,13,Marketing Manager,65081.09,SALARY,False,MEDIUM,ACTIVE
NSB003661,Dawn,Cooper,1977-02-28,14,13,Marketing Manager,99157.55,INVESTMENTS,False,MEDIUM,ACTIVE
NSB003662,Nancy,Roberts,1944-09-27,3,1,Engineer,81566.1,INVESTMENTS,False,LOW,ACTIVE
NSB003663,Johnny,Reese,1980-09-15,7,14,Financial Analyst,71940.64,BUSINESS,False,LOW,ACTIVE
NSB003664,Tracy,Griffin,1990-07-28,17,13,Sales Manager,62906.98,SAVINGS,False,MEDIUM,ACTIVE
NSB003665,Tiffany,Scott,1961-03-12,16,15,Engineer,52152.55,SALARY,False,MEDIUM,ACTIVE
NSB003666,Tina,Gray,1993-02-14,16,1,Accountant,65605.46,SALARY,False,MEDIUM,ACTIVE
NSB003667,Jeanne,Friedman,2003-07-07,14,6,Software Engineer,52773.73,INHERITANCE,False,HIGH,ACTIVE
NSB003668,Diane,Harris,1942-06-07,9,14,Nurse,60540.53,PENSION,False,LOW,ACTIVE
NSB003669,Jill,Duncan,1976-10-09,10,13,Software Engineer,93785.97,SALARY,False,MEDIUM,ACTIVE
NSB003670,Jamie,Tucker,1998-06-07,12,7,Student,34274.52,INVESTMENTS,False,LOW,ACTIVE
NSB003671,Courtney,Hensley,1976-09-20,1,9,Financial Analyst,108911.99,SAVINGS,False,MEDIUM,ACTIVE
NSB003672,Emily,Moody,1991-02-07,10,17,Marketing Manager,62677.26,SALARY,False,LOW,ACTIVE
NSB003673,Karla,Bailey,1992-07-07,8,19,Data Analyst,96623.94,INVESTMENTS,False,LOW,ACTIVE
NSB003674,Christopher,Garcia,1968-02-15,4,19,Data Analyst,47804.06,BUSINESS,False,LOW,ACTIVE
NSB003675,Christy,Miller,1964-12-04,12,3,Doctor,227748.5,PENSION,False,MEDIUM,ACTIVE
NSB003676,Jesus,Cole,1984-08-08,2,17,Accountant,64357.55,SAVINGS,False,MEDIUM,ACTIVE
NSB003677,Tiffany,Hays,1993-06-22,19,8,Financial Analyst,97495.99,SALARY,False,CRITICAL,BLOCKED
NSB003678,Clayton,Miller,1964-07-22,9,5,Marketing Manager,117050.34,SALARY,False,MEDIUM,ACTIVE
NSB003679,Tracy,Mcclure,1984-04-06,4,9,Teacher,30028.32,INHERITANCE,False,MEDIUM,ACTIVE
NSB003680,Frank,Harper,2000-12-10,16,5,Financial Analyst,85344.13,SALARY,False,MEDIUM,ACTIVE
NSB003681,Shawn,Ortiz,1992-07-20,2,3,Nurse,58723.21,SAVINGS,False,LOW,ACTIVE
NSB003682,Brandon,Lynch,1990-11-12,12,5,Consultant,105207.75,SALARY,False,HIGH,ACTIVE
NSB003683,Harold,Gutierrez,1960-05-11,6,10,Doctor,216198.84,INVESTMENTS,False,LOW,ACTIVE
NSB003684,Ian,Dominguez,1944-03-20,8,16,Consultant,71269.48,SAVINGS,False,LOW,ACTIVE
NSB003685,Valerie,Williams,1946-12-13,2,12,Software Engineer,90692.11,INHERITANCE,False,MEDIUM,ACTIVE
NSB003686,Brady,Barrett,1966-02-19,16,11,Architect,97357.56,PENSION,False,MEDIUM,ACTIVE
NSB003687,Cameron,Torres,1972-01-13,15,9,Marketing Manager,84265.93,SALARY,True,CRITICAL,ACTIVE
NSB003688,Ryan,Becker,2004-01-18,13,1,Consultant,78259.94,SALARY,False,MEDIUM,ACTIVE
NSB003689,Travis,Day,2005-04-02,12,15,Teacher,39439.22,SALARY,False,LOW,ACTIVE
NSB003690,Alexander,Conley,2001-05-01,3,2,Financial Analyst,77893.23,SALARY,False,LOW,BLOCKED
NSB003691,Alexis,Grant,1954-09-15,16,13,Teacher,38871.86,INVESTMENTS,False,LOW,ACTIVE
NSB003692,Bryan,Brown,1956-02-04,17,15,Teacher,43694.29,SAVINGS,False,LOW,ACTIVE
NSB003693,Cameron,Bradley,1979-01-21,19,16,Business Owner,174528.59,INHERITANCE,False,LOW,ACTIVE
NSB003694,Debra,Reyes,1985-12-17,2,7,Nurse,41520.14,PENSION,False,LOW,ACTIVE
NSB003695,Joe,Chapman,1955-11-24,8,13,Financial Analyst,115204.52,PENSION,False,LOW,ACTIVE
NSB003696,Catherine,Huffman,1974-11-29,8,2,Financial Analyst,116023.82,PENSION,False,LOW,ACTIVE
NSB003697,Jennifer,Reed,1941-10-02,17,12,Teacher,56774.84,INHERITANCE,False,LOW,INACTIVE
NSB003698,Christopher,Chan,2004-01-26,17,18,Teacher,32902.36,SAVINGS,False,MEDIUM,ACTIVE
NSB003699,Wendy,Bryan,1945-12-28,15,11,Accountant,68369.86,SAVINGS,False,MEDIUM,INACTIVE
NSB003700,Jeremy,Peterson,2006-08-18,9,2,Student,16557.75,SALARY,False,MEDIUM,ACTIVE
NSB003701,Linda,Moore,1960-04-18,2,12,Data Analyst,73645.58,BUSINESS,False,LOW,ACTIVE
NSB003702,Tina,Mueller,1984-05-11,16,10,Financial Analyst,51243.88,PENSION,False,LOW,ACTIVE
NSB003703,Xavier,Green,1977-12-06,10,7,Business Owner,200504.09,INVESTMENTS,False,LOW,ACTIVE
NSB003704,Laura,Eaton,1946-08-04,15,15,Accountant,72141.54,INHERITANCE,False,LOW,ACTIVE
NSB003705,Kayla,Watson,1943-02-12,2,18,Student,25043.48,SAVINGS,False,LOW,ACTIVE
NSB003706,Joy,Gibson,1942-06-15,17,16,Teacher,35151.11,SALARY,False,LOW,ACTIVE
NSB003707,Kaitlyn,Mason,1978-12-02,8,8,Marketing Manager,60138.53,INHERITANCE,False,LOW,ACTIVE
NSB003708,Sara,Shannon,1972-12-12,18,4,Data Analyst,58235.43,PENSION,False,LOW,ACTIVE
NSB003709,Michelle,Perez,2006-02-02,11,11,Engineer,78507.79,SAVINGS,False,LOW,CLOSED
NSB003710,Michael,Decker,1960-04-30,6,4,Marketing Manager,48078.42,PENSION,False,LOW,ACTIVE
NSB003711,Anthony,Adams,1959-03-09,18,3,Data Analyst,63915.35,BUSINESS,False,LOW,DECEASED
NSB003712,James,Hernandez,1950-08-17,9,7,Consultant,83524.03,INHERITANCE,False,MEDIUM,ACTIVE
NSB003713,Caleb,Barber,1947-07-15,15,15,Business Owner,293127.78,PENSION,False,LOW,ACTIVE
NSB003714,Heather,Jackson,1997-03-11,9,12,Accountant,58606.76,PENSION,False,HIGH,ACTIVE
NSB003715,Daniel,Torres,1946-01-24,17,18,Architect,63692.36,BUSINESS,False,LOW,ACTIVE
NSB003716,Karen,Haley,1944-05-13,9,2,Lawyer,134622.44,SAVINGS,False,LOW,INACTIVE
NSB003717,John,Peterson,1980-05-12,3,10,Consultant,132797.33,BUSINESS,False,MEDIUM,ACTIVE
NSB003718,Cody,Allen,1950-07-25,16,13,Financial Analyst,94011.83,INHERITANCE,False,LOW,ACTIVE
NSB003719,Andrew,Contreras,1942-10-21,20,15,Data Analyst,73173.32,BUSINESS,False,LOW,ACTIVE
NSB003720,Jeanette,Sanchez,1998-02-10,7,19,Student,24014.73,SAVINGS,False,LOW,ACTIVE
NSB003721,Kristina,Nguyen,1969-02-07,13,8,Lawyer,57180.66,SALARY,False,LOW,ACTIVE
NSB003722,Stephanie,Collins,1955-11-27,19,19,Marketing Manager,49376.6,SAVINGS,False,LOW,ACTIVE
NSB003723,Anthony,Wallace,1998-03-06,19,1,Consultant,127685.53,SALARY,False,HIGH,ACTIVE
NSB003724,David,Russell,1963-09-10,8,2,Marketing Manager,77751.23,BUSINESS,False,MEDIUM,ACTIVE
NSB003725,Vicki,Perez,1942-11-27,8,16,Consultant,87500.96,INVESTMENTS,True,CRITICAL,ACTIVE
NSB003726,Diane,Cabrera,1943-02-04,4,8,Financial Analyst,45459.12,INHERITANCE,False,MEDIUM,ACTIVE
NSB003727,Heather,Middleton,1943-11-22,7,12,Data Analyst,50238.98,INVESTMENTS,False,MEDIUM,ACTIVE
NSB003728,Maxwell,Torres,1964-01-13,11,1,Architect,99444.18,SAVINGS,False,LOW,ACTIVE
NSB003729,Susan,Jones,1950-08-04,3,10,Marketing Manager,76241.85,INHERITANCE,True,CRITICAL,ACTIVE
NSB003730,Peter,Howell,1943-10-14,14,8,Lawyer,101715.78,BUSINESS,False,LOW,ACTIVE
NSB003731,Victoria,Hunter,1944-12-26,6,9,Consultant,87795.5,SAVINGS,False,LOW,ACTIVE
NSB003732,Matthew,Washington,1952-04-18,9,5,Financial Analyst,65807.33,INVESTMENTS,False,LOW,ACTIVE
NSB003733,Rhonda,Howell,1971-10-12,4,3,Teacher,42619.19,INHERITANCE,False,LOW,ACTIVE
NSB003734,Cathy,Thomas,1966-07-03,5,14,Business Owner,296056.18,BUSINESS,False,MEDIUM,ACTIVE
NSB003735,Mary,Prince,1959-01-14,20,11,Doctor,169979.61,BUSINESS,False,CRITICAL,ACTIVE
NSB003736,Michelle,Tyler,1969-06-27,20,14,Engineer,116103.18,SAVINGS,False,LOW,ACTIVE
NSB003737,Joseph,Jacobs,1967-11-14,17,4,Nurse,32550.52,SAVINGS,False,LOW,ACTIVE
NSB003738,Amy,Ross,1969-10-07,16,8,Accountant,78932.19,SALARY,False,LOW,ACTIVE
NSB003739,Crystal,Henderson,1975-07-09,16,10,Marketing Manager,92053.09,SALARY,False,MEDIUM,ACTIVE
NSB003740,Margaret,Mendez,1989-06-30,20,16,Financial Analyst,110560.03,SALARY,False,LOW,ACTIVE
NSB003741,Christopher,Wallace,1992-03-04,7,20,Lawyer,110364.9,INHERITANCE,False,LOW,ACTIVE
NSB003742,Morgan,Alvarez,1976-09-22,2,20,Sales Manager,129749.42,SAVINGS,False,LOW,ACTIVE
NSB003743,Victor,Smith,1951-05-23,15,14,Teacher,64320.67,PENSION,False,LOW,ACTIVE
NSB003744,Steven,Vincent,1946-10-11,11,9,Sales Manager,122758.46,PENSION,False,LOW,ACTIVE
NSB003745,Albert,Gonzales,1959-07-04,12,13,Data Analyst,43500.99,BUSINESS,False,LOW,ACTIVE
NSB003746,Tammy,Cole,1970-07-01,7,2,Nurse,30131.53,SALARY,False,LOW,ACTIVE
NSB003747,Steven,Johns,1980-09-21,3,7,Business Owner,157714.84,SAVINGS,False,LOW,ACTIVE
NSB003748,Eric,Freeman,1981-12-31,5,8,Consultant,51039.64,PENSION,False,LOW,ACTIVE
NSB003749,Heather,Harris,1977-02-06,6,19,Architect,62598.99,INVESTMENTS,False,LOW,ACTIVE
NSB003750,Jackie,Ramos,1978-02-04,12,11,Accountant,69147.77,PENSION,False,LOW,ACTIVE
NSB003751,Mariah,Rodriguez,1981-07-13,10,2,Data Analyst,79523.3,BUSINESS,False,LOW,ACTIVE
NSB003752,Lynn,Richards,2001-12-08,13,9,Financial Analyst,63319.04,INHERITANCE,False,MEDIUM,ACTIVE
NSB003753,Paula,Ortiz,1997-07-10,16,10,Business Owner,80292.9,BUSINESS,False,LOW,ACTIVE
NSB003754,Michael,Miller,1996-04-21,10,16,Sales Manager,62327.29,INHERITANCE,False,LOW,BLOCKED
NSB003755,Ronald,Porter,2006-03-07,4,11,Marketing Manager,100402.75,PENSION,False,LOW,ACTIVE
NSB003756,Debra,Vaughn,2004-03-19,1,1,Lawyer,96224.46,SALARY,False,LOW,ACTIVE
NSB003757,Caleb,Schmidt,1966-04-02,3,9,Engineer,94146.75,SAVINGS,False,LOW,ACTIVE
NSB003758,Nicholas,Carter,1997-08-21,2,12,Marketing Manager,67916.27,INHERITANCE,False,HIGH,ACTIVE
NSB003759,Paul,Stewart,1974-01-12,18,8,Consultant,101897.57,SAVINGS,False,LOW,ACTIVE
NSB003760,Christine,Morrison,2000-07-09,19,15,Sales Manager,71789.74,INHERITANCE,False,LOW,ACTIVE
NSB003761,Daniel,Scott,1961-04-18,1,2,Financial Analyst,118141.54,SALARY,False,MEDIUM,ACTIVE
NSB003762,David,Burke,1954-09-09,15,6,Architect,47433.85,INHERITANCE,False,CRITICAL,ACTIVE
NSB003763,Steve,Ochoa,1964-03-31,8,4,Consultant,50120.49,SALARY,False,LOW,ACTIVE
NSB003764,Heather,Griffin,1973-11-16,3,8,Teacher,65238.66,PENSION,False,MEDIUM,ACTIVE
NSB003765,Kayla,Terry,1965-08-28,13,17,Business Owner,247149.15,SAVINGS,False,MEDIUM,ACTIVE
NSB003766,Nancy,Griffin,1952-01-14,18,8,Sales Manager,128224.51,INVESTMENTS,False,HIGH,CLOSED
NSB003767,Maria,Gonzalez,1996-12-03,1,7,Software Engineer,99464.02,BUSINESS,False,LOW,ACTIVE
NSB003768,Jason,Valdez,2001-08-06,6,6,Data Analyst,86920.88,SAVINGS,False,MEDIUM,ACTIVE
NSB003769,Erica,Daugherty,1981-11-07,3,2,Data Analyst,73045.07,PENSION,False,LOW,ACTIVE
NSB003770,Sandra,Butler,1978-01-23,7,12,Nurse,45564.75,INHERITANCE,False,LOW,CLOSED
NSB003771,Thomas,Strong,1983-12-06,17,7,Engineer,52863.9,INHERITANCE,False,MEDIUM,ACTIVE
NSB003772,Donna,Diaz,1973-01-21,9,1,Student,9917.66,INVESTMENTS,False,LOW,ACTIVE
NSB003773,Ryan,Smith,1983-03-10,6,15,Marketing Manager,106456.86,PENSION,False,MEDIUM,ACTIVE
NSB003774,Mary,Kelley,1961-11-24,14,12,Sales Manager,84391.5,SALARY,False,HIGH,ACTIVE
NSB003775,Brittany,Smith,1987-01-13,12,16,Consultant,140300.44,SAVINGS,False,MEDIUM,ACTIVE
NSB003776,Cameron,Hart,1989-08-10,9,12,Financial Analyst,56897.27,BUSINESS,False,MEDIUM,ACTIVE
NSB003777,Juan,Miller,1998-05-23,5,11,Student,29322.11,INVESTMENTS,False,LOW,ACTIVE
NSB003778,Matthew,Freeman,1946-06-13,4,13,Consultant,82820.24,INVESTMENTS,False,MEDIUM,ACTIVE
NSB003779,Jeffrey,Ochoa,1997-07-19,15,3,Accountant,36450.29,BUSINESS,True,HIGH,ACTIVE
NSB003780,Greg,Vasquez,1953-10-22,13,4,Accountant,76031.43,PENSION,False,LOW,ACTIVE
NSB003781,Christina,Morris,1971-11-30,6,16,Lawyer,71904.7,PENSION,False,LOW,ACTIVE
NSB003782,Robert,Thomas,2004-10-18,19,1,Financial Analyst,78820.97,SAVINGS,False,LOW,ACTIVE
NSB003783,Brittany,Rubio,1974-06-07,4,15,Doctor,63063.55,PENSION,False,LOW,ACTIVE
NSB003784,Joyce,Casey,1997-05-11,2,5,Student,8654.85,SALARY,False,LOW,ACTIVE
NSB003785,Nicolas,Harvey,1955-10-28,16,12,Engineer,70046.87,SALARY,False,LOW,ACTIVE
NSB003786,Stephen,Garcia,1958-03-20,9,2,Lawyer,138549.4,SALARY,False,LOW,ACTIVE
NSB003787,Daniel,Rodriguez,1965-04-09,10,18,Architect,62350.46,BUSINESS,False,LOW,ACTIVE
NSB003788,Carmen,Johnson,1977-02-06,2,11,Teacher,47640.49,INVESTMENTS,False,CRITICAL,INACTIVE
NSB003789,Martha,Hawkins,1978-09-03,6,3,Engineer,50167.34,INHERITANCE,False,LOW,ACTIVE
NSB003790,Charles,Mccann,1989-03-06,10,3,Consultant,93893.4,PENSION,False,HIGH,ACTIVE
NSB003791,Gerald,Byrd,1966-11-11,13,16,Doctor,199058.64,BUSINESS,False,MEDIUM,INACTIVE
NSB003792,Jill,Garcia,1946-04-23,6,20,Software Engineer,51777.07,INHERITANCE,False,LOW,ACTIVE
NSB003793,Heather,Cantu,1999-09-03,15,5,Software Engineer,103086.82,INVESTMENTS,False,LOW,ACTIVE
NSB003794,Rebekah,Edwards,1960-09-07,5,19,Nurse,57986.64,SALARY,False,MEDIUM,ACTIVE
NSB003795,Gabrielle,Arias,1987-07-18,10,12,Marketing Manager,85523.44,INVESTMENTS,False,LOW,ACTIVE
NSB003796,Ashley,Huang,1976-07-31,16,19,Financial Analyst,52003.15,INVESTMENTS,False,LOW,ACTIVE
NSB003797,Kimberly,Hamilton,1999-03-18,11,7,Consultant,104015.47,PENSION,False,CRITICAL,ACTIVE
NSB003798,Sonia,Green,2003-04-13,14,20,Lawyer,97384.36,SALARY,False,LOW,ACTIVE
NSB003799,Sean,Mercer,1950-06-06,5,11,Student,33646.04,SAVINGS,False,HIGH,ACTIVE
NSB003800,Lisa,Warren,1999-05-31,5,19,Teacher,42120.52,SAVINGS,False,LOW,ACTIVE
NSB003801,Andrew,Hodges,1949-09-17,1,10,Software Engineer,67032.76,PENSION,False,LOW,ACTIVE
NSB003802,Jessica,Walker,1942-03-03,16,15,Financial Analyst,62175.58,PENSION,False,LOW,ACTIVE
NSB003803,Edward,Hogan,1969-03-01,4,8,Financial Analyst,79224.22,BUSINESS,False,HIGH,ACTIVE
NSB003804,Susan,Lamb,1956-05-28,7,17,Consultant,97517.96,PENSION,False,LOW,ACTIVE
NSB003805,James,Gordon,1974-11-30,20,6,Teacher,52421.51,SALARY,False,LOW,ACTIVE
NSB003806,Cameron,Riley,1957-09-03,14,2,Consultant,147567.6,INVESTMENTS,False,MEDIUM,ACTIVE
NSB003807,Matthew,Clark,1963-01-06,2,5,Student,8919.61,INHERITANCE,False,LOW,ACTIVE
NSB003808,Ronald,Sharp,1997-03-26,18,13,Marketing Manager,59833.71,PENSION,False,LOW,ACTIVE
NSB003809,Jody,Livingston,1946-01-09,2,7,Business Owner,241678.39,SALARY,False,LOW,ACTIVE
NSB003810,Jessica,Owens,1970-04-03,6,4,Architect,57531.48,PENSION,False,LOW,INACTIVE
NSB003811,Robert,Lee,1952-05-22,19,5,Student,12454.86,BUSINESS,False,MEDIUM,ACTIVE
NSB003812,Katherine,Rogers,1988-02-03,20,9,Financial Analyst,55696.17,SALARY,False,LOW,ACTIVE
NSB003813,David,Brown,1952-07-10,8,9,Financial Analyst,85432.68,INVESTMENTS,False,LOW,ACTIVE
NSB003814,Kimberly,Benjamin,1941-03-03,1,12,Marketing Manager,94759.34,PENSION,False,LOW,ACTIVE
NSB003815,Tony,Hampton,1979-07-30,3,1,Student,22196.62,INHERITANCE,False,LOW,ACTIVE
NSB003816,Brian,Martinez,1996-07-24,9,3,Architect,94756.22,SALARY,False,LOW,INACTIVE
NSB003817,Alexandra,Walker,1962-12-28,3,6,Engineer,92899.4,SAVINGS,False,LOW,ACTIVE
NSB003818,Jack,Johnson,1972-11-17,13,9,Accountant,48356.11,BUSINESS,False,MEDIUM,ACTIVE
NSB003819,Amy,Rich,1976-05-21,5,6,Teacher,48921.75,SALARY,False,LOW,ACTIVE
NSB003820,Ryan,Johnson,1989-07-18,14,16,Data Analyst,51168.13,SALARY,False,LOW,ACTIVE
NSB003821,John,Townsend,1946-02-28,12,17,Accountant,54224.18,INVESTMENTS,False,MEDIUM,ACTIVE
NSB003822,Matthew,Garrison,1950-07-30,17,18,Doctor,102023.74,BUSINESS,False,LOW,ACTIVE
NSB003823,Stephanie,Black,1982-11-30,7,18,Data Analyst,97336.54,INHERITANCE,False,LOW,CLOSED
NSB003824,Kevin,Parker,1956-02-28,12,18,Accountant,68177.78,PENSION,False,LOW,ACTIVE
NSB003825,Melissa,Martinez,1964-02-11,11,8,Doctor,99489.88,BUSINESS,False,LOW,CLOSED
NSB003826,Raymond,Moore,1989-07-28,17,16,Doctor,157380.65,PENSION,False,MEDIUM,ACTIVE
NSB003827,James,Mccoy,1953-06-29,18,1,Nurse,32813.17,BUSINESS,False,LOW,ACTIVE
NSB003828,Robin,Holland,1961-01-17,10,20,Accountant,74429.32,SALARY,False,MEDIUM,ACTIVE
NSB003829,John,Hicks,1965-01-17,4,16,Business Owner,88480.37,SALARY,False,MEDIUM,ACTIVE
NSB003830,Melissa,Brown,1988-10-17,18,15,Lawyer,88561.12,INVESTMENTS,False,LOW,ACTIVE
NSB003831,Michael,Smith,1940-10-04,14,17,Architect,62047.53,SAVINGS,False,LOW,ACTIVE
NSB003832,Brenda,Lester,1951-01-26,7,13,Business Owner,271304.74,PENSION,False,LOW,ACTIVE
NSB003833,Austin,Chandler,1997-06-25,3,19,Nurse,34545.14,SALARY,False,MEDIUM,ACTIVE
NSB003834,Candice,Henry,1973-09-06,13,12,Marketing Manager,105489.26,PENSION,False,LOW,ACTIVE
NSB003835,Lisa,Williams,1977-11-27,2,5,Student,18280.08,BUSINESS,False,MEDIUM,ACTIVE
NSB003836,Christopher,Carter,1959-04-12,5,3,Student,31539.94,PENSION,False,LOW,ACTIVE
NSB003837,Sydney,Reeves,1977-04-02,1,1,Nurse,34481.35,BUSINESS,True,CRITICAL,ACTIVE
NSB003838,Shelly,Kennedy,1991-05-22,18,20,Financial Analyst,90883.12,PENSION,False,LOW,ACTIVE
NSB003839,Brianna,Wood,1943-04-10,4,6,Consultant,127961.9,INVESTMENTS,False,LOW,ACTIVE
NSB003840,Rebecca,May,1974-03-23,18,17,Business Owner,35451.76,PENSION,False,HIGH,ACTIVE
NSB003841,Miguel,Pena,1975-10-27,13,11,Business Owner,264400.04,INHERITANCE,False,HIGH,ACTIVE
NSB003842,Gavin,Padilla,1949-05-31,2,4,Doctor,109813.75,SAVINGS,False,CRITICAL,CLOSED
NSB003843,Stuart,Barrera,1982-09-14,9,7,Software Engineer,112379.4,SAVINGS,False,MEDIUM,BLOCKED
NSB003844,Albert,Wood,1945-05-12,4,7,Business Owner,275658.55,PENSION,False,MEDIUM,INACTIVE
NSB003845,Joseph,Hernandez,1942-11-26,9,8,Doctor,162709.37,BUSINESS,False,MEDIUM,ACTIVE
NSB003846,Cody,Perry,2005-01-15,16,11,Marketing Manager,50204.99,INVESTMENTS,False,MEDIUM,ACTIVE
NSB003847,Frank,Ross,1998-07-30,5,14,Architect,54599.88,INHERITANCE,False,LOW,ACTIVE
NSB003848,Andrew,Graves,1944-02-12,18,15,Architect,62500.46,INHERITANCE,False,MEDIUM,ACTIVE
NSB003849,Donna,Shepherd,1989-01-22,3,4,Accountant,69081.2,SALARY,False,LOW,ACTIVE
NSB003850,Amy,Roman,1961-05-08,6,10,Financial Analyst,49320.1,SAVINGS,True,CRITICAL,ACTIVE
NSB003851,Deanna,Nelson,2000-05-30,6,14,Marketing Manager,107234.59,SAVINGS,False,LOW,ACTIVE
NSB003852,Lisa,Castillo,1992-06-07,9,17,Software Engineer,119308.81,INVESTMENTS,False,LOW,ACTIVE
NSB003853,Nicole,Howard,1941-04-04,13,8,Financial Analyst,70851.49,SALARY,False,LOW,ACTIVE
NSB003854,James,Key,2005-04-04,10,5,Doctor,203565.13,PENSION,False,LOW,DECEASED
NSB003855,Timothy,Lamb,2006-05-10,14,16,Marketing Manager,50149.95,PENSION,False,LOW,ACTIVE
NSB003856,Melanie,Jensen,1957-04-17,8,2,Sales Manager,75201.27,INHERITANCE,False,MEDIUM,ACTIVE
NSB003857,Melinda,Silva,1940-12-09,6,3,Nurse,45680.62,INVESTMENTS,False,LOW,ACTIVE
NSB003858,Cheryl,Hale,1968-08-28,7,13,Doctor,110045.08,INHERITANCE,False,HIGH,ACTIVE
NSB003859,Michael,Ritter,1982-04-02,5,11,Engineer,68160.82,INHERITANCE,False,LOW,ACTIVE
NSB003860,Kristin,Rice,1981-05-24,17,16,Engineer,116156.62,PENSION,False,MEDIUM,ACTIVE
NSB003861,David,Bauer,1981-03-29,1,8,Software Engineer,67616.93,INVESTMENTS,False,MEDIUM,ACTIVE
NSB003862,Marilyn,Herman,1946-08-15,20,8,Software Engineer,47267.46,BUSINESS,False,LOW,ACTIVE
NSB003863,Laura,Mckinney,1954-01-12,14,13,Accountant,61143.57,SALARY,False,LOW,ACTIVE
NSB003864,Linda,Roberts,1950-11-01,12,10,Architect,57531.0,PENSION,False,MEDIUM,ACTIVE
NSB003865,Andrea,Lane,1978-05-31,19,19,Software Engineer,73909.19,SALARY,False,MEDIUM,ACTIVE
NSB003866,April,Walker,1980-11-25,20,4,Architect,87848.83,PENSION,False,MEDIUM,ACTIVE
NSB003867,Angela,Ali,1958-11-19,7,14,Sales Manager,85645.92,INVESTMENTS,False,LOW,ACTIVE
NSB003868,Brian,Gill,1960-02-12,8,4,Architect,78670.46,SALARY,False,HIGH,ACTIVE
NSB003869,Elizabeth,Myers,1996-01-02,12,15,Sales Manager,71614.45,SAVINGS,False,LOW,ACTIVE
NSB003870,Christian,Shea,2000-03-15,7,16,Data Analyst,74859.77,INHERITANCE,False,LOW,ACTIVE
NSB003871,Dale,Boyd,1976-06-04,11,15,Sales Manager,94112.97,INHERITANCE,False,LOW,CLOSED
NSB003872,Gregory,Gross,2006-07-18,19,4,Architect,84591.67,PENSION,False,MEDIUM,ACTIVE
NSB003873,William,Finley,1971-06-15,3,4,Financial Analyst,72148.67,BUSINESS,False,LOW,ACTIVE
NSB003874,Sarah,Adams,1992-10-04,16,5,Sales Manager,64733.77,BUSINESS,False,LOW,ACTIVE
NSB003875,Robert,Garcia,1997-06-25,16,6,Data Analyst,57904.63,SAVINGS,False,MEDIUM,ACTIVE
NSB003876,Natalie,Park,1981-07-12,9,5,Doctor,131121.22,SALARY,False,LOW,CLOSED
NSB003877,Chase,Huber,2002-09-01,13,12,Financial Analyst,58041.67,SAVINGS,False,LOW,INACTIVE
NSB003878,Russell,Taylor,1995-09-15,12,20,Architect,93779.31,SAVINGS,False,LOW,ACTIVE
NSB003879,Kevin,Welch,1947-09-03,13,9,Sales Manager,127107.74,INVESTMENTS,False,LOW,ACTIVE
NSB003880,Ann,Smith,1950-06-30,4,3,Lawyer,63877.57,SAVINGS,True,MEDIUM,ACTIVE
NSB003881,Cristina,Porter,1998-02-04,18,6,Business Owner,281730.85,SAVINGS,False,MEDIUM,ACTIVE
NSB003882,Lauren,Sanchez,1999-04-05,14,4,Doctor,188210.66,BUSINESS,False,CRITICAL,ACTIVE
NSB003883,Robert,Singleton,1949-06-11,5,19,Doctor,113984.88,PENSION,False,LOW,ACTIVE
NSB003884,Christine,Thompson,1996-11-22,5,19,Software Engineer,111433.13,SAVINGS,False,LOW,INACTIVE
NSB003885,Nicholas,Bird,1993-11-21,4,10,Lawyer,152357.64,SALARY,False,MEDIUM,ACTIVE
NSB003886,Samuel,Salinas,1981-05-04,7,18,Software Engineer,93825.95,INVESTMENTS,False,LOW,ACTIVE
NSB003887,Robert,Holden,1949-05-12,3,17,Sales Manager,76992.88,PENSION,False,MEDIUM,BLOCKED
NSB003888,Andrea,Wright,1944-03-06,9,2,Lawyer,130506.62,BUSINESS,False,LOW,ACTIVE
NSB003889,Emily,Turner,1944-12-29,15,20,Doctor,228569.32,INHERITANCE,False,MEDIUM,ACTIVE
NSB003890,Edward,Martin,1981-12-05,9,15,Architect,99208.4,INHERITANCE,False,MEDIUM,ACTIVE
NSB003891,Mary,Williams,1990-01-26,7,15,Business Owner,77480.23,INHERITANCE,False,LOW,ACTIVE
NSB003892,Troy,Collins,1943-11-02,13,18,Doctor,143555.2,INVESTMENTS,False,MEDIUM,ACTIVE
NSB003893,Devon,Juarez,2001-12-31,11,16,Student,14360.23,INVESTMENTS,False,MEDIUM,ACTIVE
NSB003894,Shaun,Massey,1971-12-12,7,16,Nurse,64605.95,INHERITANCE,False,MEDIUM,ACTIVE
NSB003895,Todd,Scott,2005-07-07,4,17,Nurse,40039.16,BUSINESS,False,MEDIUM,BLOCKED
NSB003896,Heather,Contreras,1982-10-08,20,5,Business Owner,101390.26,INHERITANCE,False,LOW,ACTIVE
NSB003897,Latasha,Martinez,2001-09-08,20,13,Architect,46516.22,BUSINESS,False,MEDIUM,ACTIVE
NSB003898,George,Bernard,2001-05-30,1,11,Architect,68518.65,INVESTMENTS,False,LOW,ACTIVE
NSB003899,Joseph,Stewart,1952-04-09,19,19,Teacher,67582.12,BUSINESS,False,LOW,ACTIVE
NSB003900,Mary,Miller,1951-10-07,8,12,Nurse,68459.93,INHERITANCE,False,MEDIUM,ACTIVE
NSB003901,Maureen,Carter,1971-03-27,17,6,Software Engineer,81733.15,INVESTMENTS,False,LOW,ACTIVE
NSB003902,Samantha,Chen,1996-06-26,16,9,Student,14663.71,BUSINESS,False,CRITICAL,ACTIVE
NSB003903,Jennifer,Bates,2006-07-20,13,8,Software Engineer,109670.45,SALARY,False,MEDIUM,ACTIVE
NSB003904,Nicholas,Williamson,2006-08-11,4,3,Consultant,117297.72,PENSION,False,LOW,ACTIVE
NSB003905,Dominique,Martin,1944-04-12,8,1,Financial Analyst,87387.34,BUSINESS,False,LOW,ACTIVE
NSB003906,Brandon,Smith,1994-12-20,5,20,Accountant,43987.67,INHERITANCE,False,MEDIUM,DECEASED
NSB003907,Bonnie,Mathews,1992-07-03,7,14,Lawyer,139478.66,BUSINESS,False,LOW,ACTIVE
NSB003908,Anna,Miller,1973-03-16,16,14,Student,9773.65,SAVINGS,False,LOW,ACTIVE
NSB003909,Kimberly,Castillo,1977-04-05,18,9,Engineer,75440.37,BUSINESS,False,LOW,ACTIVE
NSB003910,Christopher,Long,1995-12-14,14,5,Sales Manager,73724.37,INHERITANCE,False,MEDIUM,ACTIVE
NSB003911,Christopher,Burton,1952-12-15,7,6,Nurse,61990.2,PENSION,True,MEDIUM,ACTIVE
NSB003912,Lisa,Johnson,1967-11-03,15,1,Marketing Manager,70563.11,SALARY,False,MEDIUM,ACTIVE
NSB003913,Brian,Kemp,2003-12-13,6,10,Lawyer,85320.58,PENSION,False,LOW,ACTIVE
NSB003914,Jill,Wilson,1971-07-06,16,11,Architect,94553.22,SAVINGS,False,LOW,INACTIVE
NSB003915,Scott,Ballard,1953-01-13,20,18,Student,33237.46,PENSION,False,LOW,ACTIVE
NSB003916,Jose,Pugh,1972-09-29,6,2,Architect,81739.97,PENSION,False,MEDIUM,ACTIVE
NSB003917,Tracy,Rodriguez,1972-11-28,12,17,Marketing Manager,90287.29,INHERITANCE,False,MEDIUM,ACTIVE
NSB003918,Justin,Gonzalez,1965-06-20,20,8,Marketing Manager,81585.32,BUSINESS,False,MEDIUM,ACTIVE
NSB003919,Nicole,Jones,1977-10-03,9,19,Nurse,62663.28,SALARY,False,MEDIUM,ACTIVE
NSB003920,Chris,Ramos,1975-07-28,10,2,Architect,62770.88,SALARY,False,MEDIUM,CLOSED
NSB003921,Michael,Chavez,1980-10-13,20,2,Accountant,49375.93,SALARY,False,LOW,ACTIVE
NSB003922,Kenneth,Perez,1998-07-14,18,13,Lawyer,143176.78,INVESTMENTS,False,LOW,ACTIVE
NSB003923,Kimberly,Haley,1986-06-28,11,5,Data Analyst,93438.61,SAVINGS,False,HIGH,ACTIVE
NSB003924,Jennifer,George,1995-09-01,7,8,Accountant,82845.39,PENSION,False,MEDIUM,ACTIVE
NSB003925,Russell,Perry,1962-05-04,2,4,Lawyer,156225.8,INHERITANCE,False,LOW,ACTIVE
NSB003926,David,Lambert,1972-07-31,7,17,Student,22218.21,INVESTMENTS,False,LOW,ACTIVE
NSB003927,Stephanie,Wallace,1942-10-27,20,16,Doctor,155988.26,INHERITANCE,False,MEDIUM,CLOSED
NSB003928,Brandon,Wright,1997-12-07,3,3,Nurse,53777.25,INVESTMENTS,False,MEDIUM,ACTIVE
NSB003929,Michael,Jensen,1949-04-17,8,14,Data Analyst,42194.9,INVESTMENTS,False,MEDIUM,INACTIVE
NSB003930,James,Douglas,2000-03-31,13,16,Marketing Manager,106614.81,INHERITANCE,False,HIGH,ACTIVE
NSB003931,Kristopher,Stein,1968-08-25,4,2,Marketing Manager,113317.29,SAVINGS,False,LOW,ACTIVE
NSB003932,Jasmine,Fields,1954-08-10,6,12,Accountant,52346.39,BUSINESS,False,LOW,ACTIVE
NSB003933,Jennifer,Cline,1967-07-07,20,1,Lawyer,92570.09,SAVINGS,False,CRITICAL,CLOSED
NSB003934,Claudia,Shaw,1973-01-27,18,15,Business Owner,114202.54,SALARY,False,LOW,ACTIVE
NSB003935,Stephanie,Rodriguez,1972-07-20,20,17,Student,21505.52,PENSION,False,LOW,ACTIVE
NSB003936,Kenneth,Collier,1955-08-18,8,2,Lawyer,154170.47,INVESTMENTS,False,LOW,ACTIVE
NSB003937,Wendy,Burton,2004-09-13,11,9,Accountant,37939.9,INVESTMENTS,False,LOW,ACTIVE
NSB003938,Krystal,Welch,1944-04-06,6,1,Sales Manager,100050.64,SAVINGS,False,LOW,ACTIVE
NSB003939,Lynn,Sanchez,1978-10-03,19,19,Accountant,74424.72,INHERITANCE,False,MEDIUM,ACTIVE
NSB003940,Heather,Davis,1985-12-25,13,13,Business Owner,61230.02,SALARY,False,MEDIUM,ACTIVE
NSB003941,Susan,Romero,1986-12-23,13,15,Accountant,60560.14,INVESTMENTS,False,LOW,ACTIVE
NSB003942,Chase,Carr,1951-12-29,9,8,Student,26618.16,SAVINGS,False,MEDIUM,ACTIVE
NSB003943,Dennis,Garcia,1965-09-09,15,15,Consultant,83100.53,BUSINESS,False,HIGH,CLOSED
NSB003944,Deborah,Kelly,1958-09-13,5,5,Nurse,61649.44,INVESTMENTS,False,LOW,ACTIVE
NSB003945,Christopher,Black,1995-06-07,14,17,Software Engineer,94589.96,SALARY,False,LOW,ACTIVE
NSB003946,Nicholas,Gregory,1951-08-15,6,9,Architect,72063.63,SALARY,False,LOW,ACTIVE
NSB003947,Robert,Bailey,1994-06-16,7,13,Sales Manager,80906.34,PENSION,True,CRITICAL,INACTIVE
NSB003948,Anthony,Johnson,1979-08-06,6,15,Marketing Manager,62766.41,SAVINGS,False,LOW,ACTIVE
NSB003949,Ashley,Anthony,1955-01-14,1,1,Doctor,248747.91,PENSION,False,LOW,ACTIVE
NSB003950,Joshua,French,2001-04-20,8,16,Teacher,62528.09,BUSINESS,False,HIGH,ACTIVE
NSB003951,Bradley,Carter,1997-05-08,1,20,Marketing Manager,64452.45,BUSINESS,False,LOW,CLOSED
NSB003952,Jay,Austin,1951-06-28,1,13,Architect,44884.15,INVESTMENTS,False,CRITICAL,ACTIVE
NSB003953,Roberto,Lopez,1969-04-23,12,8,Teacher,54197.7,SALARY,False,LOW,ACTIVE
NSB003954,Ronald,Oliver,1965-07-30,10,5,Data Analyst,45471.95,INHERITANCE,False,LOW,ACTIVE
NSB003955,Courtney,Ashley,1944-07-12,8,7,Consultant,62105.09,BUSINESS,False,MEDIUM,ACTIVE
NSB003956,Jason,Hamilton,1995-09-05,8,6,Data Analyst,55746.66,SALARY,False,LOW,ACTIVE
NSB003957,Jeffrey,Clark,2006-06-14,8,15,Architect,83548.1,BUSINESS,False,LOW,ACTIVE
NSB003958,Andre,Hanna,1943-05-15,2,2,Lawyer,112081.14,INHERITANCE,False,LOW,ACTIVE
NSB003959,Joseph,Randall,2004-10-24,10,14,Data Analyst,66598.17,PENSION,False,MEDIUM,ACTIVE
NSB003960,Emily,King,2005-08-29,19,4,Accountant,43515.69,SALARY,False,MEDIUM,ACTIVE
NSB003961,Steven,Hughes,1990-04-27,6,17,Data Analyst,62706.62,SALARY,False,LOW,ACTIVE
NSB003962,Andrea,Walter,1973-06-13,12,13,Student,10997.31,INHERITANCE,False,MEDIUM,ACTIVE
NSB003963,Lisa,Brown,1971-03-27,5,8,Marketing Manager,55036.32,PENSION,True,HIGH,BLOCKED
NSB003964,Angela,Mcknight,1979-09-14,8,2,Sales Manager,97389.31,INHERITANCE,False,MEDIUM,ACTIVE
NSB003965,Sandra,Scott,1943-03-15,5,6,Data Analyst,88526.56,PENSION,False,MEDIUM,ACTIVE
NSB003966,Albert,Boyd,2001-12-23,12,11,Nurse,33621.03,INVESTMENTS,False,MEDIUM,ACTIVE
NSB003967,Jean,Gould,1971-12-20,20,1,Teacher,41688.29,BUSINESS,False,LOW,ACTIVE
NSB003968,Elizabeth,Allen,1981-10-16,6,16,Engineer,85968.17,INHERITANCE,False,MEDIUM,ACTIVE
NSB003969,Erin,Booth,1946-08-20,17,17,Doctor,172313.32,INHERITANCE,False,HIGH,ACTIVE
NSB003970,Brianna,Davis,1956-07-09,9,10,Business Owner,260761.17,BUSINESS,False,LOW,ACTIVE
NSB003971,David,Jones,2005-12-31,1,18,Data Analyst,54714.33,INVESTMENTS,False,HIGH,ACTIVE
NSB003972,Mark,Villanueva,2005-09-30,2,10,Financial Analyst,47571.82,INHERITANCE,False,LOW,ACTIVE
NSB003973,Abigail,Gonzalez,1967-06-26,2,20,Accountant,85126.51,BUSINESS,False,LOW,ACTIVE
NSB003974,Charles,Keller,1998-11-20,9,12,Doctor,67511.1,SALARY,False,LOW,ACTIVE
NSB003975,Jennifer,Crawford,1989-03-10,4,4,Software Engineer,58392.39,INVESTMENTS,False,LOW,ACTIVE
NSB003976,Susan,Roberts,1976-07-03,4,6,Engineer,59773.0,INVESTMENTS,False,MEDIUM,ACTIVE
NSB003977,Jessica,Carlson,1987-03-16,16,14,Nurse,49149.12,INHERITANCE,False,LOW,ACTIVE
NSB003978,Shannon,Bernard,2003-08-25,10,19,Architect,57404.3,INHERITANCE,False,HIGH,ACTIVE
NSB003979,Kevin,Garcia,1984-06-06,9,10,Engineer,86880.95,PENSION,False,LOW,ACTIVE
NSB003980,Kyle,Reynolds,1996-01-09,1,18,Data Analyst,56544.17,INHERITANCE,False,LOW,ACTIVE
NSB003981,Daniel,Hahn,1977-06-10,13,17,Financial Analyst,85550.61,SAVINGS,False,LOW,ACTIVE
NSB003982,Lindsey,Nelson,1976-01-18,16,1,Architect,66028.22,INHERITANCE,False,LOW,ACTIVE
NSB003983,Paula,Rodriguez,1992-02-26,6,11,Doctor,151374.29,PENSION,False,HIGH,ACTIVE
NSB003984,Yvonne,Edwards,2003-08-04,6,10,Lawyer,66608.19,PENSION,False,LOW,INACTIVE
NSB003985,Timothy,Price,1945-12-03,17,1,Lawyer,69044.95,INVESTMENTS,False,MEDIUM,ACTIVE
NSB003986,Jose,Lucas,1945-12-22,14,3,Financial Analyst,107743.92,INHERITANCE,False,MEDIUM,ACTIVE
NSB003987,Timothy,Beck,1992-11-21,10,17,Engineer,75288.56,INVESTMENTS,False,LOW,DECEASED
NSB003988,Logan,White,1994-11-05,1,8,Architect,56440.64,BUSINESS,False,MEDIUM,ACTIVE
NSB003989,Jonathan,Lopez,1951-05-01,13,2,Architect,52269.24,INHERITANCE,False,LOW,ACTIVE
NSB003990,Maria,Hunt,1964-02-14,19,2,Architect,90185.85,SALARY,False,MEDIUM,ACTIVE
NSB003991,Hannah,Cobb,1944-02-14,8,20,Software Engineer,72122.43,SALARY,False,LOW,ACTIVE
NSB003992,Jake,Green,1954-04-12,2,3,Software Engineer,66865.68,INHERITANCE,False,MEDIUM,ACTIVE
NSB003993,Jeremy,Bennett,1964-11-07,12,3,Business Owner,103041.39,SAVINGS,False,LOW,ACTIVE
NSB003994,Brent,Williams,1956-05-04,1,20,Accountant,49354.59,SAVINGS,False,MEDIUM,ACTIVE
NSB003995,Charles,Chapman,1999-03-30,10,11,Architect,67202.68,BUSINESS,False,MEDIUM,ACTIVE
NSB003996,Laura,Davis,1951-03-02,6,5,Sales Manager,96906.8,SALARY,False,CRITICAL,ACTIVE
NSB003997,Nancy,Hurley,1950-09-13,10,9,Consultant,122549.49,BUSINESS,False,MEDIUM,ACTIVE
NSB003998,Crystal,Bowman,1987-07-13,3,14,Nurse,65681.86,INVESTMENTS,False,LOW,ACTIVE
NSB003999,Kelly,Lopez,1951-11-21,5,9,Student,13734.23,INHERITANCE,False,MEDIUM,ACTIVE
NSB004000,Harold,Mayo,1957-07-28,19,10,Nurse,49704.38,SAVINGS,False,LOW,ACTIVE
NSB004001,Tyler,Sanchez,1968-04-12,3,14,Teacher,40916.94,INHERITANCE,False,LOW,INACTIVE
NSB004002,Adriana,Hernandez,1999-12-28,8,1,Teacher,54522.52,PENSION,False,LOW,ACTIVE
NSB004003,Elizabeth,Green,1986-08-17,11,14,Accountant,89655.1,INHERITANCE,False,MEDIUM,BLOCKED
NSB004004,Kyle,Conway,1947-03-27,10,8,Student,16508.41,INVESTMENTS,False,LOW,ACTIVE
NSB004005,Madison,Brooks,1968-03-02,9,15,Consultant,46626.28,PENSION,False,HIGH,ACTIVE
NSB004006,Jason,Anderson,1954-06-26,9,19,Student,18351.02,PENSION,False,LOW,ACTIVE
NSB004007,Ray,Wu,2002-03-12,10,6,Business Owner,82571.54,PENSION,False,HIGH,ACTIVE
NSB004008,Bryan,Boone,1993-06-16,4,7,Sales Manager,79132.56,INHERITANCE,False,MEDIUM,ACTIVE
NSB004009,Michelle,Singleton,2004-02-13,7,11,Consultant,142545.14,SAVINGS,False,LOW,ACTIVE
NSB004010,Lisa,Vaughn,1963-10-03,17,5,Business Owner,201256.23,SALARY,False,LOW,ACTIVE
NSB004011,James,Banks,1960-09-10,3,16,Sales Manager,69533.21,SALARY,False,CRITICAL,ACTIVE
NSB004012,Michael,Hardin,1972-05-25,8,10,Data Analyst,84857.9,SAVINGS,False,HIGH,ACTIVE
NSB004013,Amy,Hayes,1944-06-01,18,7,Business Owner,95185.94,SAVINGS,False,LOW,ACTIVE
NSB004014,John,Butler,1993-03-11,4,1,Accountant,75467.45,INHERITANCE,False,MEDIUM,ACTIVE
NSB004015,Cindy,Villanueva,1967-09-28,1,19,Engineer,92582.49,SALARY,False,LOW,ACTIVE
NSB004016,William,Barber,1984-01-22,6,18,Consultant,83741.08,PENSION,False,LOW,ACTIVE
NSB004017,Lindsay,Yoder,1950-08-12,8,1,Financial Analyst,105106.58,SAVINGS,False,LOW,ACTIVE
NSB004018,Lauren,Bryant,2002-02-21,20,2,Accountant,68055.66,INHERITANCE,False,LOW,ACTIVE
NSB004019,Victoria,Francis,1947-07-07,15,5,Business Owner,166832.22,SAVINGS,False,LOW,ACTIVE
NSB004020,Rachel,Huang,2005-09-04,13,19,Marketing Manager,107936.96,SALARY,False,MEDIUM,CLOSED
NSB004021,Angela,Castillo,1941-10-10,10,10,Business Owner,232546.4,INVESTMENTS,False,MEDIUM,ACTIVE
NSB004022,Aaron,Chambers,1971-02-21,17,6,Architect,63389.28,INVESTMENTS,False,MEDIUM,ACTIVE
NSB004023,Jennifer,Douglas,1982-03-25,9,6,Consultant,58970.3,PENSION,False,LOW,ACTIVE
NSB004024,Brian,Smith,1989-11-12,6,9,Nurse,43141.22,INVESTMENTS,False,MEDIUM,CLOSED
NSB004025,Robert,Harris,2002-10-04,19,16,Accountant,45470.39,INVESTMENTS,False,MEDIUM,ACTIVE
NSB004026,Ian,Carrillo,1987-02-02,16,19,Sales Manager,51431.44,SAVINGS,False,LOW,ACTIVE
NSB004027,Andrew,Graham,1959-03-30,16,14,Architect,42988.54,INHERITANCE,False,LOW,ACTIVE
NSB004028,Mark,Gross,1956-07-13,8,13,Doctor,171588.06,SALARY,False,LOW,ACTIVE
NSB004029,Michael,Campbell,2002-06-11,9,20,Teacher,31197.51,INVESTMENTS,False,LOW,ACTIVE
NSB004030,Thomas,Casey,1985-08-09,9,11,Accountant,83016.65,SALARY,False,MEDIUM,ACTIVE
NSB004031,Cynthia,Evans,2006-07-13,15,8,Student,19600.09,BUSINESS,False,LOW,ACTIVE
NSB004032,Christopher,Garrett,1965-02-02,3,6,Marketing Manager,105004.69,INHERITANCE,False,HIGH,ACTIVE
NSB004033,Kimberly,Ramos,1970-07-08,7,8,Doctor,83382.74,SAVINGS,False,MEDIUM,ACTIVE
NSB004034,Ashley,Fox,1984-09-02,1,11,Doctor,142272.23,PENSION,False,LOW,ACTIVE
NSB004035,Beverly,Wilson,1970-11-30,14,18,Business Owner,241980.47,INVESTMENTS,False,LOW,ACTIVE
NSB004036,Alyssa,Ortiz,1942-09-21,20,9,Doctor,142878.3,SAVINGS,False,LOW,BLOCKED
NSB004037,Monica,Davis,1953-01-13,7,13,Teacher,51321.91,SAVINGS,False,LOW,ACTIVE
NSB004038,Amanda,Lang,2006-05-11,5,6,Student,15093.08,BUSINESS,False,LOW,ACTIVE
NSB004039,Kimberly,Martinez,1981-01-05,19,4,Doctor,238096.89,INHERITANCE,False,LOW,ACTIVE
NSB004040,Eric,Anderson,1958-07-14,3,10,Doctor,62721.43,SALARY,False,LOW,ACTIVE
NSB004041,Phillip,Harris,1991-12-17,6,19,Engineer,97769.47,SALARY,False,MEDIUM,ACTIVE
NSB004042,Dennis,Zavala,1998-05-08,1,20,Consultant,92358.07,SALARY,False,LOW,ACTIVE
NSB004043,Rebecca,Berger,1979-05-16,11,6,Sales Manager,41377.88,INVESTMENTS,False,MEDIUM,ACTIVE
NSB004044,Brandi,May,1974-06-01,6,18,Engineer,84163.32,INHERITANCE,False,HIGH,ACTIVE
NSB004045,Heather,Baker,1957-08-02,11,20,Software Engineer,116464.72,SALARY,False,HIGH,ACTIVE
NSB004046,Mary,French,1992-12-17,13,17,Software Engineer,107903.31,BUSINESS,False,LOW,ACTIVE
NSB004047,Anna,Morris,1994-11-10,12,3,Financial Analyst,63495.5,INVESTMENTS,False,LOW,INACTIVE
NSB004048,Donna,Smith,2001-02-01,11,10,Engineer,104514.13,SALARY,False,LOW,ACTIVE
NSB004049,Terri,Sparks,1956-05-24,14,14,Software Engineer,69723.59,SALARY,False,LOW,CLOSED
NSB004050,James,Moore,1955-01-16,15,8,Software Engineer,45307.35,SAVINGS,False,LOW,ACTIVE
NSB004051,Eric,Walter,1983-09-21,5,11,Architect,92393.5,INHERITANCE,False,LOW,ACTIVE
NSB004052,Christy,Harris,1969-08-05,16,3,Accountant,79115.28,INHERITANCE,True,CRITICAL,INACTIVE
NSB004053,Scott,Chapman,1953-05-17,20,5,Data Analyst,83975.94,BUSINESS,False,LOW,ACTIVE
NSB004054,Suzanne,Petersen,1999-03-26,17,13,Data Analyst,50430.15,PENSION,False,LOW,ACTIVE
NSB004055,Lisa,Pugh,1940-10-13,10,10,Financial Analyst,61620.96,PENSION,False,LOW,ACTIVE
NSB004056,Geoffrey,Hardy,1960-12-31,9,11,Engineer,60154.93,INHERITANCE,False,MEDIUM,ACTIVE
NSB004057,Melissa,Hernandez,1980-04-09,6,4,Marketing Manager,92270.54,PENSION,False,LOW,ACTIVE
NSB004058,Emily,Duffy,1988-07-17,8,10,Business Owner,254487.17,INHERITANCE,False,LOW,ACTIVE
NSB004059,Jeremy,Mcconnell,1997-10-14,15,1,Doctor,174923.63,BUSINESS,False,LOW,CLOSED
NSB004060,Sheila,Lawson,1944-01-23,15,6,Sales Manager,100326.49,SAVINGS,False,LOW,ACTIVE
NSB004061,David,Brown,1996-03-11,6,1,Financial Analyst,51705.03,BUSINESS,False,LOW,ACTIVE
NSB004062,Daniel,Sparks,1999-03-11,18,4,Sales Manager,98135.04,BUSINESS,False,MEDIUM,ACTIVE
NSB004063,Amber,Robles,1952-02-01,5,1,Sales Manager,56242.39,SAVINGS,False,HIGH,ACTIVE
NSB004064,Mary,Martinez,1955-06-08,20,6,Sales Manager,76596.69,PENSION,False,LOW,ACTIVE
NSB004065,Brittany,Joseph,1959-02-09,20,1,Architect,51642.75,INVESTMENTS,False,MEDIUM,ACTIVE
NSB004066,John,Murphy,1957-06-04,18,18,Teacher,68530.22,SAVINGS,False,LOW,ACTIVE
NSB004067,Colton,Ray,1960-09-10,9,16,Teacher,53664.71,PENSION,False,LOW,ACTIVE
NSB004068,Melissa,Chapman,1973-05-30,1,5,Consultant,92230.28,PENSION,False,LOW,ACTIVE
NSB004069,Christina,Graham,1970-10-21,20,6,Marketing Manager,97966.99,INVESTMENTS,False,LOW,ACTIVE
NSB004070,Kevin,Ramirez,1959-05-18,11,14,Software Engineer,89270.73,PENSION,False,LOW,ACTIVE
NSB004071,Aaron,Martin,1948-03-12,20,10,Software Engineer,66390.43,INHERITANCE,False,LOW,ACTIVE
NSB004072,Justin,Morris,2001-03-23,18,2,Consultant,124363.04,PENSION,False,MEDIUM,ACTIVE
NSB004073,Johnny,Reyes,1950-11-26,3,8,Teacher,46474.49,INHERITANCE,False,LOW,ACTIVE
NSB004074,Nancy,Ward,2002-05-30,9,3,Nurse,69252.64,SAVINGS,False,LOW,ACTIVE
NSB004075,Kevin,Smith,1982-11-14,1,8,Marketing Manager,77815.73,SALARY,False,MEDIUM,ACTIVE
NSB004076,Elijah,Hunt,2005-06-21,1,7,Lawyer,59432.31,INVESTMENTS,False,MEDIUM,ACTIVE
NSB004077,Omar,Carter,1961-09-05,6,16,Marketing Manager,95905.6,SALARY,False,MEDIUM,ACTIVE
NSB004078,Tyler,Stuart,1969-05-27,15,10,Software Engineer,52930.67,SAVINGS,False,MEDIUM,ACTIVE
NSB004079,Gary,Mercer,1982-02-16,2,14,Sales Manager,80057.15,SAVINGS,False,CRITICAL,ACTIVE
NSB004080,Brittany,Moyer,2001-05-26,3,9,Marketing Manager,47799.14,PENSION,False,HIGH,ACTIVE
NSB004081,Paula,Henderson,1948-02-02,3,10,Consultant,71237.46,SAVINGS,False,MEDIUM,ACTIVE
NSB004082,Scott,Smith,1985-11-21,11,16,Accountant,54034.54,BUSINESS,False,MEDIUM,ACTIVE
NSB004083,Albert,Brooks,1985-01-13,18,15,Teacher,40991.16,INHERITANCE,False,LOW,ACTIVE
NSB004084,Christina,Deleon,1990-05-25,8,8,Nurse,55656.53,BUSINESS,False,MEDIUM,ACTIVE
NSB004085,Nicole,Bryant,1942-03-13,14,2,Architect,65928.96,SALARY,False,LOW,ACTIVE
NSB004086,Herbert,Foster,2004-06-04,5,9,Doctor,179750.37,INVESTMENTS,False,LOW,ACTIVE
NSB004087,Sherry,Mitchell,1987-12-13,5,17,Engineer,53541.1,BUSINESS,False,MEDIUM,ACTIVE
NSB004088,Shannon,Harrison,1985-11-11,16,14,Software Engineer,70085.25,PENSION,False,LOW,ACTIVE
NSB004089,Michele,Ray,1989-11-29,2,17,Consultant,110500.23,INVESTMENTS,False,LOW,ACTIVE
NSB004090,Kevin,Cunningham,1988-01-12,17,20,Nurse,58762.04,PENSION,False,LOW,INACTIVE
NSB004091,Michael,Turner,1956-12-23,4,13,Marketing Manager,52009.38,INHERITANCE,False,LOW,ACTIVE
NSB004092,William,Young,1999-03-12,5,16,Student,18282.66,SALARY,False,LOW,ACTIVE
NSB004093,Jessica,Ingram,1954-11-09,2,3,Student,34903.06,BUSINESS,False,MEDIUM,ACTIVE
NSB004094,Yolanda,Weber,1954-06-22,19,15,Teacher,48408.58,SALARY,False,LOW,ACTIVE
NSB004095,Marvin,King,1993-05-25,15,18,Data Analyst,96329.52,SALARY,False,LOW,ACTIVE
NSB004096,Tammy,Arnold,1942-02-06,1,9,Lawyer,70565.5,PENSION,False,HIGH,ACTIVE
NSB004097,Nicole,Salazar,1979-09-29,11,4,Engineer,115483.37,SALARY,False,LOW,ACTIVE
NSB004098,Daniel,Holmes,1956-02-28,12,15,Marketing Manager,77515.26,SAVINGS,False,MEDIUM,ACTIVE
NSB004099,Peter,Lopez,1942-01-17,2,8,Software Engineer,109837.9,BUSINESS,False,HIGH,ACTIVE
NSB004100,Alex,Newman,1943-03-08,11,18,Marketing Manager,73190.52,INHERITANCE,False,CRITICAL,ACTIVE
NSB004101,Micheal,Peck,1960-05-22,20,18,Marketing Manager,97168.44,PENSION,False,LOW,ACTIVE
NSB004102,Ellen,Allen,1975-01-16,6,20,Lawyer,154061.81,BUSINESS,False,LOW,ACTIVE
NSB004103,Denise,Houston,1950-05-13,2,3,Student,13373.12,INHERITANCE,False,HIGH,ACTIVE
NSB004104,Michael,Lewis,1989-09-23,18,15,Nurse,54951.56,PENSION,False,MEDIUM,BLOCKED
NSB004105,Lisa,Powell,1995-07-16,18,17,Doctor,126577.39,PENSION,False,LOW,ACTIVE
NSB004106,Brandon,Newman,1964-03-02,6,7,Business Owner,254960.39,SAVINGS,False,LOW,BLOCKED
NSB004107,Danielle,Baird,1981-02-09,14,19,Marketing Manager,82150.99,SALARY,False,LOW,ACTIVE
NSB004108,Shelby,Terry,1953-01-22,1,8,Software Engineer,72988.92,SAVINGS,False,LOW,ACTIVE
NSB004109,Kelly,Fitzgerald,2003-10-12,1,13,Financial Analyst,76682.42,INHERITANCE,False,MEDIUM,ACTIVE
NSB004110,John,Taylor,1956-01-11,1,5,Financial Analyst,111412.68,PENSION,False,LOW,ACTIVE
NSB004111,Robert,Patel,1989-03-16,12,13,Student,15622.69,SAVINGS,False,MEDIUM,ACTIVE
NSB004112,Craig,Austin,1969-09-21,12,16,Consultant,81713.06,INHERITANCE,False,LOW,ACTIVE
NSB004113,Melinda,Smith,1975-03-04,8,12,Student,32098.91,SALARY,False,MEDIUM,ACTIVE
NSB004114,Kevin,Singh,1973-03-07,12,4,Consultant,138963.2,INHERITANCE,False,LOW,ACTIVE
NSB004115,Reginald,Burch,1980-08-26,12,14,Doctor,64583.72,INVESTMENTS,False,LOW,ACTIVE
NSB004116,Keith,Hartman,1972-08-30,19,3,Financial Analyst,68491.26,INVESTMENTS,False,LOW,INACTIVE
NSB004117,Stacey,Alexander,1980-01-17,15,20,Software Engineer,92617.37,PENSION,False,LOW,ACTIVE
NSB004118,Rebecca,Bonilla,1978-12-21,17,11,Software Engineer,104306.7,INVESTMENTS,False,CRITICAL,ACTIVE
NSB004119,Douglas,West,1996-05-15,1,16,Software Engineer,78568.09,INVESTMENTS,False,MEDIUM,ACTIVE
NSB004120,Brittany,Hale,1991-12-13,15,2,Architect,86296.77,INVESTMENTS,False,MEDIUM,CLOSED
NSB004121,Charles,Morris,1947-12-29,20,15,Student,22159.77,INHERITANCE,False,MEDIUM,ACTIVE
NSB004122,Kevin,Stewart,2001-12-24,12,8,Student,11272.87,SALARY,False,MEDIUM,ACTIVE
NSB004123,Robert,Baxter,2005-02-25,4,14,Marketing Manager,64950.39,SAVINGS,False,LOW,ACTIVE
NSB004124,Aaron,Johnston,1965-05-06,8,10,Doctor,239539.53,BUSINESS,False,LOW,ACTIVE
NSB004125,Cynthia,Neal,1945-08-20,4,2,Financial Analyst,56454.1,BUSINESS,False,MEDIUM,ACTIVE
NSB004126,Nina,Bartlett,1980-10-09,4,7,Marketing Manager,45777.48,INHERITANCE,False,LOW,ACTIVE
NSB004127,Stephen,Massey,2005-10-04,6,12,Software Engineer,50008.99,BUSINESS,False,LOW,ACTIVE
NSB004128,Sarah,White,1954-09-11,4,12,Sales Manager,59185.9,BUSINESS,False,LOW,ACTIVE
NSB004129,Nichole,Pennington,1998-12-19,3,13,Sales Manager,67293.98,BUSINESS,False,LOW,ACTIVE
NSB004130,Randall,Johnson,1989-11-30,14,7,Financial Analyst,115621.24,PENSION,False,LOW,ACTIVE
NSB004131,Laurie,Hill,1951-11-05,15,2,Software Engineer,52806.0,SAVINGS,False,LOW,ACTIVE
NSB004132,Vincent,Martin,1961-06-23,10,7,Consultant,87159.68,SALARY,False,LOW,ACTIVE
NSB004133,Debra,Mcintyre,1981-04-27,7,16,Teacher,47757.39,PENSION,False,LOW,INACTIVE
NSB004134,Dana,Mitchell,1978-07-29,9,3,Sales Manager,74547.39,BUSINESS,False,HIGH,ACTIVE
NSB004135,Crystal,Jensen,1979-12-22,16,13,Lawyer,130991.57,SALARY,False,LOW,ACTIVE
NSB004136,Leah,Robinson,1946-11-13,17,11,Marketing Manager,103425.57,INHERITANCE,False,MEDIUM,ACTIVE
NSB004137,Brandon,Sullivan,1965-10-15,5,8,Lawyer,149498.94,SAVINGS,False,LOW,ACTIVE
NSB004138,Alan,Willis,1970-08-29,19,6,Marketing Manager,110444.29,INHERITANCE,False,HIGH,ACTIVE
NSB004139,Cheryl,Martin,1973-07-18,15,7,Financial Analyst,58358.65,INVESTMENTS,False,LOW,ACTIVE
NSB004140,Eric,Jones,1960-01-27,13,15,Data Analyst,60771.34,PENSION,False,MEDIUM,ACTIVE
NSB004141,Corey,Smith,1947-05-23,2,20,Financial Analyst,67890.71,INHERITANCE,False,LOW,INACTIVE
NSB004142,Christine,Jones,1980-06-14,19,17,Nurse,30995.78,INHERITANCE,False,LOW,ACTIVE
NSB004143,Michele,Mcpherson,1967-04-10,16,11,Sales Manager,97405.1,INHERITANCE,False,LOW,ACTIVE
NSB004144,Diana,Russo,1990-02-16,13,8,Software Engineer,64313.75,INHERITANCE,False,LOW,ACTIVE
NSB004145,Sean,Berg,1998-03-23,17,14,Doctor,141133.86,BUSINESS,False,LOW,ACTIVE
NSB004146,Joshua,Kelly,1950-03-28,2,12,Consultant,96759.45,INVESTMENTS,False,MEDIUM,DECEASED
NSB004147,Sonia,Davis,1954-02-04,2,10,Business Owner,110255.12,INVESTMENTS,False,LOW,ACTIVE
NSB004148,Lynn,Ewing,1984-05-15,10,14,Lawyer,60101.97,SALARY,False,MEDIUM,ACTIVE
NSB004149,Jessica,Leonard,1944-05-07,9,1,Business Owner,156193.75,INHERITANCE,False,LOW,ACTIVE
NSB004150,Julie,Ferrell,1982-01-18,12,3,Business Owner,106508.3,INHERITANCE,True,CRITICAL,ACTIVE
NSB004151,Erika,Buckley,1945-10-09,18,19,Doctor,137143.72,PENSION,False,LOW,INACTIVE
NSB004152,Nicholas,Thompson,2000-10-04,18,10,Business Owner,124191.57,PENSION,False,LOW,ACTIVE
NSB004153,Shannon,Barber,1948-03-31,20,13,Data Analyst,51240.79,INVESTMENTS,False,LOW,ACTIVE
NSB004154,Andrea,Mcdonald,2006-08-16,1,8,Nurse,31521.33,INVESTMENTS,False,LOW,ACTIVE
NSB004155,Warren,Rodriguez,1991-07-16,14,20,Software Engineer,76339.48,SALARY,False,MEDIUM,ACTIVE
NSB004156,Steven,Friedman,1950-05-26,16,18,Nurse,48079.99,SAVINGS,False,LOW,ACTIVE
NSB004157,Danielle,Pineda,1963-09-24,10,10,Accountant,51959.42,PENSION,False,LOW,ACTIVE
NSB004158,Sarah,Jordan,1958-05-27,14,10,Engineer,76195.61,INVESTMENTS,False,LOW,ACTIVE
NSB004159,Morgan,Bonilla,1956-08-22,1,16,Consultant,143998.26,PENSION,False,MEDIUM,ACTIVE
NSB004160,Phillip,Carter,1988-04-02,1,14,Data Analyst,65036.26,INVESTMENTS,False,LOW,ACTIVE
NSB004161,Elizabeth,White,1975-08-01,2,11,Teacher,66110.2,PENSION,False,MEDIUM,ACTIVE
NSB004162,Sandra,Diaz,1959-09-15,14,8,Business Owner,90816.46,SALARY,False,MEDIUM,ACTIVE
NSB004163,John,Hanson,1950-10-20,9,9,Engineer,85881.79,INVESTMENTS,False,LOW,ACTIVE
NSB004164,Raven,Coffey,2001-10-09,16,18,Engineer,118849.35,INVESTMENTS,True,CRITICAL,ACTIVE
NSB004165,Shawn,Pierce,1948-05-29,2,15,Engineer,80584.6,SAVINGS,False,LOW,ACTIVE
NSB004166,Kathleen,George,1996-09-05,2,15,Nurse,37045.19,SALARY,False,LOW,ACTIVE
NSB004167,Christopher,Adams,1975-08-14,12,3,Financial Analyst,62420.32,INHERITANCE,False,LOW,ACTIVE
NSB004168,Danielle,Ray,1991-05-16,6,14,Data Analyst,81377.99,INHERITANCE,False,LOW,ACTIVE
NSB004169,Justin,Holland,1992-05-31,14,11,Architect,76662.96,INHERITANCE,False,LOW,ACTIVE
NSB004170,Christopher,Coleman,1960-09-01,18,13,Nurse,45150.17,SAVINGS,False,LOW,ACTIVE
NSB004171,James,Haynes,1951-12-16,15,1,Financial Analyst,91096.63,PENSION,False,MEDIUM,ACTIVE
NSB004172,Melanie,Smith,1963-01-29,6,12,Data Analyst,90386.15,BUSINESS,True,HIGH,ACTIVE
NSB004173,David,Lopez,2006-07-19,15,16,Doctor,95854.13,INVESTMENTS,False,LOW,ACTIVE
NSB004174,Mark,Logan,1948-08-23,6,6,Architect,60681.75,INVESTMENTS,False,LOW,ACTIVE
NSB004175,Michael,Perkins,1969-08-26,16,17,Sales Manager,82989.73,SAVINGS,False,LOW,BLOCKED
NSB004176,Yvonne,Murray,1953-06-19,6,5,Nurse,38563.62,SAVINGS,False,MEDIUM,ACTIVE
NSB004177,Joshua,Johnson,1991-09-25,12,11,Consultant,66506.27,SAVINGS,False,MEDIUM,ACTIVE
NSB004178,Danielle,White,1947-02-19,20,11,Student,14863.72,SALARY,False,HIGH,ACTIVE
NSB004179,Lance,Medina,1949-07-07,16,15,Nurse,60822.06,PENSION,False,MEDIUM,ACTIVE
NSB004180,Rachel,Liu,1979-08-31,6,2,Marketing Manager,114392.17,INVESTMENTS,False,LOW,ACTIVE
NSB004181,Steven,Reeves,1980-02-02,18,18,Engineer,82666.06,SALARY,False,LOW,ACTIVE
NSB004182,Theresa,Mullins,1955-10-11,10,3,Financial Analyst,76683.88,INVESTMENTS,False,MEDIUM,ACTIVE
NSB004183,Jamie,Williams,1969-03-05,14,11,Marketing Manager,61717.27,INHERITANCE,False,MEDIUM,ACTIVE
NSB004184,Nicholas,Goodman,1953-09-08,5,10,Accountant,40207.91,PENSION,False,MEDIUM,ACTIVE
NSB004185,Sandra,Mejia,1952-11-07,11,15,Nurse,40969.92,INVESTMENTS,False,LOW,ACTIVE
NSB004186,Courtney,Turner,1981-02-05,8,1,Data Analyst,44848.72,SALARY,False,LOW,ACTIVE
NSB004187,Daniel,Martin,1985-03-10,16,10,Engineer,107585.87,SALARY,False,LOW,ACTIVE
NSB004188,Jonathan,Park,2002-09-15,1,11,Consultant,127977.9,BUSINESS,False,HIGH,ACTIVE
NSB004189,Elizabeth,Reyes,1963-08-30,12,19,Nurse,55911.65,SAVINGS,False,MEDIUM,ACTIVE
NSB004190,Jonathan,Graham,1973-09-27,7,12,Teacher,54677.75,BUSINESS,False,MEDIUM,BLOCKED
NSB004191,Kathy,Franklin,2000-09-13,1,19,Doctor,81606.12,SALARY,False,LOW,INACTIVE
NSB004192,Christopher,Moore,1986-11-07,11,18,Accountant,73502.74,INVESTMENTS,False,MEDIUM,ACTIVE
NSB004193,Daniel,Alvarado,1976-01-12,10,17,Doctor,183058.8,SALARY,False,MEDIUM,ACTIVE
NSB004194,Alexis,Ross,1960-11-16,20,4,Accountant,48463.62,SAVINGS,False,LOW,ACTIVE
NSB004195,Tina,Mcdowell,1974-10-14,13,10,Lawyer,59555.58,BUSINESS,False,MEDIUM,INACTIVE
NSB004196,Amy,Simmons,2005-06-23,12,16,Engineer,108712.62,INVESTMENTS,False,MEDIUM,ACTIVE
NSB004197,Ruben,Morgan,1976-07-14,7,1,Accountant,64540.69,SALARY,False,MEDIUM,ACTIVE
NSB004198,Kelly,Miller,1964-12-06,3,12,Teacher,66559.27,BUSINESS,False,LOW,ACTIVE
NSB004199,Christian,Jordan,1977-07-09,6,16,Data Analyst,57654.83,INVESTMENTS,False,LOW,ACTIVE
NSB004200,Stacey,Mclaughlin,1947-07-07,6,19,Lawyer,91626.06,PENSION,True,HIGH,ACTIVE
NSB004201,Terri,Williams,1965-10-18,18,14,Student,16743.06,SAVINGS,False,LOW,ACTIVE
NSB004202,Robin,Poole,1951-05-05,3,14,Sales Manager,44969.85,SALARY,False,LOW,ACTIVE
NSB004203,Mario,Guzman,1942-05-23,17,10,Engineer,61932.47,BUSINESS,False,LOW,ACTIVE
NSB004204,Whitney,Ramirez,1945-08-22,1,9,Data Analyst,42940.86,INVESTMENTS,False,HIGH,INACTIVE
NSB004205,Kenneth,Parker,1954-06-17,20,12,Sales Manager,104593.39,INHERITANCE,False,LOW,ACTIVE
NSB004206,Stephen,Turner,1991-04-30,8,1,Marketing Manager,66390.28,BUSINESS,False,LOW,CLOSED
NSB004207,Craig,Phillips,1980-03-14,16,19,Architect,68041.08,INHERITANCE,False,HIGH,ACTIVE
NSB004208,Leslie,Jennings,1951-08-24,2,1,Sales Manager,59802.46,INVESTMENTS,True,HIGH,ACTIVE
NSB004209,Matthew,Smith,1998-10-08,12,14,Teacher,36303.48,PENSION,False,LOW,ACTIVE
NSB004210,Ralph,Lewis,1950-12-29,20,12,Data Analyst,88383.59,SAVINGS,False,LOW,INACTIVE
NSB004211,Karen,Ramirez,2004-05-20,6,6,Teacher,60522.44,SALARY,False,LOW,ACTIVE
NSB004212,Faith,Miller,1974-03-22,5,7,Doctor,125446.72,BUSINESS,False,MEDIUM,ACTIVE
NSB004213,Raymond,Spencer,1974-07-08,19,14,Software Engineer,99148.34,INHERITANCE,False,MEDIUM,ACTIVE
NSB004214,Debbie,Young,1980-12-02,1,10,Engineer,95174.64,INHERITANCE,False,LOW,ACTIVE
NSB004215,Deborah,Simmons,1958-07-06,18,6,Architect,88716.71,INHERITANCE,False,MEDIUM,ACTIVE
NSB004216,David,Torres,1965-04-02,17,16,Software Engineer,111266.5,INVESTMENTS,False,MEDIUM,ACTIVE
NSB004217,Hannah,Romero,1970-01-06,16,19,Software Engineer,114546.75,INVESTMENTS,False,LOW,ACTIVE
NSB004218,Isaiah,Cherry,1984-07-26,16,8,Student,16578.73,SALARY,False,LOW,ACTIVE
NSB004219,Andrew,Martin,1997-09-22,8,18,Marketing Manager,62270.16,INHERITANCE,False,MEDIUM,ACTIVE
NSB004220,Deanna,Fox,1972-10-29,3,19,Data Analyst,92993.45,BUSINESS,False,LOW,ACTIVE
NSB004221,William,Norton,1996-12-10,11,17,Data Analyst,50553.38,SAVINGS,False,MEDIUM,INACTIVE
NSB004222,Brian,Coleman,1959-10-17,15,15,Doctor,79384.42,SALARY,False,LOW,ACTIVE
NSB004223,Jennifer,Williams,1983-03-26,7,8,Student,34018.75,INHERITANCE,False,LOW,ACTIVE
NSB004224,Kelsey,Young,1995-08-26,2,20,Architect,68415.55,SALARY,False,LOW,ACTIVE
NSB004225,David,Castillo,1971-05-10,15,14,Doctor,217252.82,SAVINGS,False,LOW,ACTIVE
NSB004226,Scott,Martin,1962-06-26,9,6,Engineer,54952.99,INVESTMENTS,False,LOW,ACTIVE
NSB004227,Jeffrey,Robertson,1976-10-26,16,13,Teacher,44647.03,SAVINGS,False,LOW,ACTIVE
NSB004228,Colton,Morrison,2002-06-09,10,16,Data Analyst,94555.79,PENSION,False,MEDIUM,ACTIVE
NSB004229,Joseph,Mcmillan,2003-01-20,12,1,Software Engineer,50087.23,SAVINGS,False,LOW,ACTIVE
NSB004230,Kimberly,Shaw,1986-09-03,16,17,Teacher,63717.83,BUSINESS,False,LOW,ACTIVE
NSB004231,Brandi,Stuart,1974-05-02,14,15,Nurse,51178.15,SALARY,False,LOW,ACTIVE
NSB004232,Alexander,Hernandez,1980-04-24,20,10,Accountant,85494.07,INVESTMENTS,True,HIGH,ACTIVE
NSB004233,Andrew,Bates,1974-02-13,7,7,Software Engineer,100476.87,SAVINGS,False,MEDIUM,ACTIVE
NSB004234,Veronica,Mathis,1953-11-12,12,4,Student,13718.48,INHERITANCE,False,LOW,INACTIVE
NSB004235,Melissa,Jones,1968-09-18,6,10,Business Owner,179752.98,BUSINESS,False,LOW,ACTIVE
NSB004236,Joseph,Young,1960-07-11,15,9,Consultant,120661.79,INHERITANCE,False,LOW,ACTIVE
NSB004237,Scott,Nolan,1960-10-28,14,9,Sales Manager,91238.08,SALARY,False,HIGH,ACTIVE
NSB004238,Jeremy,Jones,1984-04-14,19,8,Doctor,187908.93,INHERITANCE,False,LOW,ACTIVE
NSB004239,Stacey,Smith,1942-10-29,10,4,Financial Analyst,86926.84,INHERITANCE,False,HIGH,ACTIVE
NSB004240,William,Wright,1967-06-05,15,17,Doctor,104191.18,INHERITANCE,False,LOW,ACTIVE
NSB004241,Crystal,Gillespie,1966-09-08,17,1,Data Analyst,93098.27,PENSION,False,MEDIUM,ACTIVE
NSB004242,Louis,Freeman,2002-02-25,6,20,Nurse,44246.87,BUSINESS,False,LOW,ACTIVE
NSB004243,Amanda,Melendez,1994-01-28,19,5,Data Analyst,73221.7,INVESTMENTS,False,LOW,ACTIVE
NSB004244,David,Simmons,1967-03-24,18,13,Data Analyst,94903.98,SAVINGS,False,MEDIUM,INACTIVE
NSB004245,Rebecca,Davis,1986-06-05,18,4,Software Engineer,78532.96,INVESTMENTS,False,MEDIUM,ACTIVE
NSB004246,Steven,Hughes,1962-11-07,12,13,Architect,44541.9,INVESTMENTS,False,MEDIUM,ACTIVE
NSB004247,Jill,Torres,1965-06-05,15,19,Accountant,85282.43,SAVINGS,False,MEDIUM,ACTIVE
NSB004248,Jessica,Castillo,1963-07-25,5,19,Nurse,68864.57,SALARY,False,CRITICAL,ACTIVE
NSB004249,Carrie,Garner,2005-07-02,10,16,Financial Analyst,88521.18,INHERITANCE,False,LOW,ACTIVE
NSB004250,Shane,Smith,1967-06-28,5,6,Doctor,150333.56,SALARY,False,MEDIUM,ACTIVE
NSB004251,Shane,Knight,1970-05-06,10,20,Software Engineer,91546.02,SALARY,False,MEDIUM,ACTIVE
NSB004252,Kathleen,Brown,2006-06-25,1,20,Nurse,69000.95,INHERITANCE,False,LOW,ACTIVE
NSB004253,Diana,Hall,1988-01-22,11,1,Doctor,91290.95,PENSION,False,LOW,ACTIVE
NSB004254,Megan,Reynolds,2003-08-09,18,18,Engineer,118263.51,SALARY,False,LOW,ACTIVE
NSB004255,Mark,Maldonado,1942-02-02,19,9,Architect,74147.12,PENSION,False,LOW,ACTIVE
NSB004256,Mariah,Smith,1969-10-28,10,6,Data Analyst,44993.14,PENSION,False,LOW,ACTIVE
NSB004257,Virginia,Dominguez,1982-11-11,5,10,Financial Analyst,45049.36,PENSION,False,MEDIUM,ACTIVE
NSB004258,James,Rocha,1990-08-26,12,18,Teacher,48922.66,INHERITANCE,False,MEDIUM,ACTIVE
NSB004259,Joy,Johnston,1983-06-28,3,15,Engineer,104072.45,INHERITANCE,False,CRITICAL,ACTIVE
NSB004260,Debra,Ferguson,1947-12-11,3,17,Data Analyst,44791.25,INHERITANCE,False,MEDIUM,ACTIVE
NSB004261,Jamie,Crawford,1967-09-17,4,7,Teacher,34020.74,INHERITANCE,False,LOW,ACTIVE
NSB004262,Caroline,Hall,1957-08-08,20,6,Doctor,110472.04,SALARY,False,LOW,ACTIVE
NSB004263,Jerry,Garcia,1970-09-30,6,15,Consultant,74228.17,PENSION,False,LOW,DECEASED
NSB004264,Crystal,Thompson,1958-07-20,11,6,Nurse,61061.33,INVESTMENTS,False,LOW,ACTIVE
NSB004265,Olivia,Huffman,1994-10-01,19,16,Engineer,102899.04,PENSION,False,LOW,ACTIVE
NSB004266,Steve,Ward,1980-04-05,19,12,Marketing Manager,106666.48,SALARY,False,LOW,CLOSED
NSB004267,Taylor,Webb,1973-06-05,11,3,Consultant,57118.71,INHERITANCE,False,MEDIUM,ACTIVE
NSB004268,Brian,Johnson,1956-11-05,19,10,Lawyer,76175.82,INVESTMENTS,False,LOW,ACTIVE
NSB004269,Caroline,Walker,2000-11-05,7,8,Consultant,132484.07,INVESTMENTS,False,MEDIUM,INACTIVE
NSB004270,Brett,Carpenter,1988-06-28,8,5,Sales Manager,73390.52,BUSINESS,False,MEDIUM,ACTIVE
NSB004271,Renee,Cooper,1962-09-17,11,6,Consultant,101393.8,SALARY,False,LOW,ACTIVE
NSB004272,Angela,Peterson,1998-09-28,18,6,Teacher,49128.58,SALARY,False,LOW,INACTIVE
NSB004273,Andrea,Burke,2005-11-16,12,4,Engineer,108022.19,SALARY,False,LOW,DECEASED
NSB004274,Julie,Jefferson,1989-03-12,17,3,Architect,47610.05,BUSINESS,False,HIGH,ACTIVE
NSB004275,Rachael,Martin,1954-05-01,11,11,Teacher,42008.03,INVESTMENTS,False,LOW,ACTIVE
NSB004276,Sarah,Gonzalez,1972-09-20,12,3,Consultant,63873.94,SALARY,False,MEDIUM,ACTIVE
NSB004277,Tonya,Walker,1981-06-13,20,9,Marketing Manager,69854.54,INHERITANCE,False,MEDIUM,ACTIVE
NSB004278,Robert,Williams,1959-11-23,2,11,Consultant,99967.18,INVESTMENTS,False,LOW,ACTIVE
NSB004279,Melissa,Robinson,1967-03-18,4,12,Student,13527.78,SAVINGS,False,MEDIUM,ACTIVE
NSB004280,John,Valencia,1956-03-14,5,3,Lawyer,171335.68,INHERITANCE,False,LOW,ACTIVE
NSB004281,Logan,Lucas,2005-11-19,12,5,Business Owner,267948.93,BUSINESS,False,MEDIUM,ACTIVE
NSB004282,Matthew,Gomez,1964-06-30,10,13,Architect,92625.43,SALARY,False,HIGH,ACTIVE
NSB004283,Casey,Schwartz,1964-01-24,18,14,Data Analyst,48411.86,INVESTMENTS,False,LOW,ACTIVE
NSB004284,Leslie,Warner,1956-05-09,14,15,Engineer,77141.65,INHERITANCE,False,LOW,ACTIVE
NSB004285,Katie,Moore,1956-03-29,17,15,Data Analyst,62540.22,SALARY,False,LOW,ACTIVE
NSB004286,Cheryl,Smith,1979-07-05,4,9,Data Analyst,53954.57,PENSION,False,LOW,ACTIVE
NSB004287,Robert,Snyder,1962-08-05,8,2,Consultant,80698.47,INVESTMENTS,False,LOW,ACTIVE
NSB004288,Phillip,Jackson,1976-11-19,17,13,Financial Analyst,96138.55,SALARY,False,LOW,CLOSED
NSB004289,Crystal,Patel,1944-11-20,11,7,Architect,44116.79,SAVINGS,False,LOW,ACTIVE
NSB004290,Connor,Miller,1959-03-22,6,13,Engineer,119761.81,INHERITANCE,False,LOW,ACTIVE
NSB004291,Robin,Fletcher,1966-10-03,8,10,Sales Manager,124533.58,PENSION,False,LOW,CLOSED
NSB004292,Ronnie,Rush,1965-08-03,19,14,Accountant,45989.76,INHERITANCE,True,HIGH,INACTIVE
NSB004293,Francisco,Thomas,1963-04-07,4,14,Sales Manager,108555.15,INVESTMENTS,False,LOW,ACTIVE
NSB004294,Alyssa,Moreno,2003-02-03,10,8,Consultant,67792.67,INHERITANCE,False,HIGH,ACTIVE
NSB004295,Angela,Clark,1966-05-22,18,9,Consultant,129527.1,PENSION,False,LOW,ACTIVE
NSB004296,Kenneth,Sanchez,1973-01-17,1,18,Data Analyst,81127.84,BUSINESS,False,LOW,ACTIVE
NSB004297,Daniel,Sweeney,1982-09-29,20,2,Business Owner,124273.1,BUSINESS,False,MEDIUM,ACTIVE
NSB004298,Anthony,Lee,1961-05-21,4,12,Data Analyst,68055.46,BUSINESS,False,LOW,ACTIVE
NSB004299,Richard,Henry,1969-08-05,3,16,Financial Analyst,112264.26,PENSION,False,LOW,ACTIVE
NSB004300,Kenneth,Payne,1967-01-16,4,5,Nurse,68083.82,BUSINESS,False,MEDIUM,ACTIVE
NSB004301,Bobby,Gordon,1975-11-12,16,11,Nurse,44830.62,SAVINGS,False,LOW,ACTIVE
NSB004302,Rebecca,Carpenter,1978-06-07,18,4,Business Owner,280219.64,SAVINGS,False,MEDIUM,ACTIVE
NSB004303,Amanda,Schaefer,1993-05-18,8,7,Student,18882.48,INHERITANCE,False,MEDIUM,INACTIVE
NSB004304,Nicole,Page,1941-10-30,10,17,Sales Manager,124340.89,SAVINGS,False,LOW,CLOSED
NSB004305,Nicole,Caldwell,1999-07-31,2,18,Student,21386.51,SAVINGS,False,MEDIUM,ACTIVE
NSB004306,Raymond,Morrow,1981-04-03,11,2,Doctor,195501.71,SALARY,False,LOW,ACTIVE
NSB004307,Tyler,White,1948-12-25,11,12,Teacher,47359.96,BUSINESS,False,LOW,ACTIVE
NSB004308,Jessica,Nelson,1972-06-26,19,5,Engineer,107791.02,INVESTMENTS,False,LOW,INACTIVE
NSB004309,Carmen,Caldwell,1952-11-09,18,14,Data Analyst,64902.22,BUSINESS,False,LOW,CLOSED
NSB004310,Christine,Whitaker,1992-11-13,17,11,Software Engineer,94793.05,SALARY,False,MEDIUM,INACTIVE
NSB004311,Robert,Robinson,1966-06-13,6,16,Architect,43113.87,INVESTMENTS,False,MEDIUM,ACTIVE
NSB004312,Douglas,Bailey,1973-08-21,17,15,Doctor,217561.62,PENSION,False,HIGH,ACTIVE
NSB004313,Sara,Martinez,1973-06-24,18,15,Lawyer,150275.77,INVESTMENTS,False,HIGH,INACTIVE
NSB004314,Danny,Leach,1960-11-29,16,9,Nurse,34823.51,SAVINGS,False,HIGH,INACTIVE
NSB004315,Paul,Smith,1972-02-28,4,8,Lawyer,58036.51,SALARY,False,LOW,ACTIVE
NSB004316,Susan,Luna,1980-02-27,6,19,Financial Analyst,83100.97,INVESTMENTS,False,LOW,ACTIVE
NSB004317,Juan,Rodriguez,1984-09-17,2,4,Nurse,52810.69,BUSINESS,False,MEDIUM,ACTIVE
NSB004318,Kendra,Smith,1975-08-31,19,4,Doctor,200215.62,SALARY,False,LOW,ACTIVE
NSB004319,Miguel,Taylor,2000-03-12,14,17,Architect,75187.56,BUSINESS,False,MEDIUM,ACTIVE
NSB004320,Monica,Wilkinson,1973-05-26,16,6,Lawyer,102501.48,INVESTMENTS,False,LOW,INACTIVE
NSB004321,Lisa,West,1952-06-12,1,17,Data Analyst,68005.89,SALARY,False,HIGH,ACTIVE
NSB004322,Michelle,Perez,1950-09-27,13,5,Doctor,219892.75,SALARY,False,HIGH,ACTIVE
NSB004323,John,Brown,1989-07-11,20,1,Lawyer,160417.33,PENSION,False,LOW,ACTIVE
NSB004324,Diane,Solis,1950-04-30,15,15,Marketing Manager,90475.14,SAVINGS,False,LOW,ACTIVE
NSB004325,Sandra,Jones,1944-06-23,3,19,Doctor,116839.98,INVESTMENTS,False,LOW,ACTIVE
NSB004326,Renee,Christensen,1947-03-17,16,12,Lawyer,85434.14,PENSION,False,LOW,ACTIVE
NSB004327,David,Vega,1959-02-03,11,20,Accountant,60105.49,SAVINGS,False,LOW,ACTIVE
NSB004328,Sarah,King,1997-11-20,15,10,Business Owner,35069.43,PENSION,False,LOW,ACTIVE
NSB004329,Robert,Martinez,1958-11-08,9,13,Financial Analyst,88921.99,INHERITANCE,False,LOW,ACTIVE
NSB004330,Kristina,Graves,1974-11-28,6,20,Architect,70898.02,SALARY,False,MEDIUM,ACTIVE
NSB004331,Caleb,Simmons,1991-12-10,6,8,Accountant,66079.16,SAVINGS,False,MEDIUM,ACTIVE
NSB004332,Melissa,Mcgee,1989-10-17,4,17,Sales Manager,46689.93,INVESTMENTS,False,MEDIUM,ACTIVE
NSB004333,Judith,Howe,1954-02-25,13,9,Lawyer,81271.22,BUSINESS,False,CRITICAL,ACTIVE
NSB004334,Ricardo,Smith,1993-12-21,9,5,Teacher,44956.48,BUSINESS,False,MEDIUM,ACTIVE
NSB004335,Jeffrey,Jimenez,1979-06-15,14,5,Doctor,135184.43,BUSINESS,False,LOW,ACTIVE
NSB004336,Adam,Drake,1942-01-02,7,18,Consultant,51445.02,BUSINESS,False,HIGH,ACTIVE
NSB004337,James,Irwin,1985-09-07,20,15,Financial Analyst,110805.87,SAVINGS,True,HIGH,ACTIVE
NSB004338,Frank,Miller,1972-09-29,8,19,Financial Analyst,83656.82,INHERITANCE,False,LOW,ACTIVE
NSB004339,Lynn,Powers,1973-03-24,16,8,Nurse,35739.08,SALARY,False,LOW,ACTIVE
NSB004340,Tyler,Peterson,1941-06-09,6,2,Marketing Manager,108966.26,SALARY,False,LOW,ACTIVE
NSB004341,Nicole,Jones,1971-07-30,5,11,Software Engineer,108051.42,SAVINGS,False,LOW,ACTIVE
NSB004342,Bryan,Smith,1946-06-23,1,9,Marketing Manager,54669.08,PENSION,False,LOW,ACTIVE
NSB004343,Mark,Moore,1966-01-19,18,9,Sales Manager,109094.37,SALARY,False,LOW,ACTIVE
NSB004344,Brent,Kramer,2002-05-19,17,6,Consultant,55203.23,SALARY,False,MEDIUM,ACTIVE
NSB004345,Theresa,Gonzalez,1989-02-20,20,13,Lawyer,100423.14,SALARY,False,LOW,ACTIVE
NSB004346,Erik,Mcdonald,1985-10-08,13,2,Consultant,46744.69,BUSINESS,False,LOW,ACTIVE
NSB004347,Anthony,Williams,1999-09-18,5,2,Teacher,59748.11,BUSINESS,False,LOW,ACTIVE
NSB004348,Michelle,Koch,1959-10-24,3,16,Consultant,146996.37,BUSINESS,False,LOW,ACTIVE
NSB004349,Nichole,Henson,1979-12-01,3,13,Lawyer,145787.54,PENSION,False,HIGH,ACTIVE
NSB004350,Gabriel,Gaines,1985-12-02,16,10,Consultant,72558.82,BUSINESS,False,LOW,ACTIVE
NSB004351,Thomas,Chapman,1986-01-03,3,14,Data Analyst,51494.62,BUSINESS,False,LOW,ACTIVE
NSB004352,Ronald,Jordan,1970-04-15,17,9,Data Analyst,73795.91,SALARY,False,LOW,ACTIVE
NSB004353,Sonya,Salazar,1966-05-23,2,10,Sales Manager,59331.56,SALARY,False,CRITICAL,ACTIVE
NSB004354,David,Cunningham,1949-07-22,5,14,Software Engineer,118164.61,SAVINGS,False,LOW,ACTIVE
NSB004355,Shane,Smith,1945-05-24,16,1,Marketing Manager,66258.45,SALARY,False,LOW,ACTIVE
NSB004356,Diane,Williams,1995-04-14,20,11,Architect,48260.24,SALARY,False,LOW,ACTIVE
NSB004357,Anthony,Reyes,1992-03-24,9,9,Lawyer,165963.71,BUSINESS,False,MEDIUM,ACTIVE
NSB004358,Michael,Koch,1996-06-21,3,3,Student,28921.76,BUSINESS,False,MEDIUM,ACTIVE
NSB004359,Peter,Crawford,1958-01-16,5,14,Accountant,68940.59,SAVINGS,False,LOW,ACTIVE
NSB004360,Janet,Kelly,1992-10-02,1,5,Sales Manager,55254.49,PENSION,False,MEDIUM,ACTIVE
NSB004361,Crystal,Gould,1961-02-11,6,18,Teacher,32638.38,BUSINESS,False,LOW,ACTIVE
NSB004362,Holly,Aguilar,1986-05-17,10,15,Business Owner,235004.22,BUSINESS,False,LOW,ACTIVE
NSB004363,Lisa,Parks,1999-10-21,3,17,Consultant,117184.19,BUSINESS,False,LOW,ACTIVE
NSB004364,April,Evans,1990-01-10,8,2,Architect,91428.08,SAVINGS,False,MEDIUM,BLOCKED
NSB004365,James,Jordan,1942-01-28,11,17,Engineer,62712.6,BUSINESS,False,MEDIUM,ACTIVE
NSB004366,Robert,Fisher,2004-08-31,20,20,Engineer,97870.96,SALARY,False,LOW,ACTIVE
NSB004367,Samuel,Shields,1984-11-24,2,1,Marketing Manager,66856.39,SAVINGS,False,LOW,ACTIVE
NSB004368,Eric,Adkins,1981-02-24,3,20,Sales Manager,110751.01,INVESTMENTS,False,LOW,ACTIVE
NSB004369,Haley,Kirk,1985-09-03,19,11,Student,30026.44,INHERITANCE,False,LOW,ACTIVE
NSB004370,Samantha,Mendoza,1968-10-17,19,7,Marketing Manager,48412.72,SAVINGS,False,LOW,CLOSED
NSB004371,Donna,Johnson,1970-12-16,20,1,Lawyer,132279.94,SALARY,False,MEDIUM,ACTIVE
NSB004372,Pamela,Barnes,1970-05-18,6,12,Software Engineer,84069.69,INVESTMENTS,False,LOW,ACTIVE
NSB004373,Marie,Hines,1976-03-08,1,12,Software Engineer,85232.03,SALARY,False,MEDIUM,ACTIVE
NSB004374,Toni,Ramsey,2005-12-04,6,3,Nurse,43721.02,BUSINESS,False,LOW,ACTIVE
NSB004375,Jasmine,Travis,1966-08-27,13,17,Financial Analyst,51987.48,BUSINESS,False,MEDIUM,ACTIVE
NSB004376,Jessica,Parsons,2004-12-25,12,11,Business Owner,290662.57,INVESTMENTS,False,LOW,ACTIVE
NSB004377,Benjamin,Bates,1980-11-08,11,17,Data Analyst,54484.22,INHERITANCE,False,MEDIUM,ACTIVE
NSB004378,Joshua,Kelley,1979-02-06,3,14,Doctor,75086.31,INVESTMENTS,True,HIGH,ACTIVE
NSB004379,Emily,Neal,1978-06-08,4,19,Consultant,114017.56,BUSINESS,False,LOW,ACTIVE
NSB004380,Matthew,Le,1945-06-16,3,5,Lawyer,124338.68,SALARY,False,MEDIUM,CLOSED
NSB004381,Renee,Potts,1960-07-12,15,9,Architect,84782.74,INVESTMENTS,False,MEDIUM,ACTIVE
NSB004382,David,Schmidt,1974-09-10,19,6,Student,17830.77,BUSINESS,False,MEDIUM,ACTIVE
NSB004383,Megan,Kaufman,2006-06-22,12,7,Teacher,42494.62,SAVINGS,False,HIGH,ACTIVE
NSB004384,Jeffery,Kelley,1961-07-09,7,16,Business Owner,91553.76,SAVINGS,False,LOW,ACTIVE
NSB004385,Karen,Mendoza,1976-07-29,1,14,Consultant,107576.04,INHERITANCE,False,LOW,ACTIVE
NSB004386,Christian,Morgan,2004-12-01,7,10,Architect,61637.59,SAVINGS,False,MEDIUM,ACTIVE
NSB004387,Todd,James,1963-12-12,19,5,Marketing Manager,91599.13,SAVINGS,False,HIGH,ACTIVE
NSB004388,Dean,Dean,1985-05-27,6,16,Doctor,171946.64,SAVINGS,False,LOW,ACTIVE
NSB004389,Samuel,Kirk,1946-04-09,1,16,Doctor,113498.95,BUSINESS,False,LOW,CLOSED
NSB004390,Ian,Ward,1990-11-10,11,16,Doctor,103671.15,SAVINGS,False,MEDIUM,ACTIVE
NSB004391,Ricky,Combs,1945-02-07,12,19,Nurse,37435.08,SAVINGS,False,MEDIUM,ACTIVE
NSB004392,Lisa,Townsend,1985-06-26,12,18,Engineer,115160.65,SAVINGS,False,LOW,ACTIVE
NSB004393,Joseph,Andrews,1965-06-01,13,15,Consultant,65892.12,PENSION,False,MEDIUM,ACTIVE
NSB004394,Jessica,Medina,1943-04-10,4,17,Architect,85500.3,PENSION,False,LOW,ACTIVE
NSB004395,Alexa,Lozano,1973-01-20,1,17,Sales Manager,107641.69,BUSINESS,False,LOW,ACTIVE
NSB004396,Robert,Stout,1966-06-13,2,20,Marketing Manager,62331.09,BUSINESS,False,LOW,ACTIVE
NSB004397,Beverly,Robinson,1998-07-11,20,20,Lawyer,155337.71,INHERITANCE,False,LOW,ACTIVE
NSB004398,Lauren,Elliott,1957-10-18,11,10,Financial Analyst,84995.01,BUSINESS,False,HIGH,ACTIVE
NSB004399,Felicia,Gomez,1984-06-29,20,18,Engineer,99414.61,INHERITANCE,False,MEDIUM,ACTIVE
NSB004400,Tyler,Santos,1968-04-01,17,18,Marketing Manager,48602.13,BUSINESS,False,MEDIUM,ACTIVE
NSB004401,Sarah,Wilcox,1943-08-05,16,17,Teacher,44216.33,BUSINESS,False,CRITICAL,BLOCKED
NSB004402,James,Williamson,1983-12-14,17,7,Architect,78558.84,PENSION,False,HIGH,ACTIVE
NSB004403,Leah,Harris,1990-12-30,7,19,Financial Analyst,58505.52,INVESTMENTS,False,LOW,ACTIVE
NSB004404,Derrick,Hale,1980-05-22,9,19,Architect,49716.82,SALARY,False,LOW,ACTIVE
NSB004405,Curtis,Butler,1974-09-14,4,13,Nurse,44313.41,PENSION,False,LOW,ACTIVE
NSB004406,Dennis,Buchanan,1988-10-20,14,19,Data Analyst,58016.82,SALARY,False,MEDIUM,ACTIVE
NSB004407,Anne,Miller,1984-12-07,4,16,Doctor,67048.87,PENSION,False,LOW,ACTIVE
NSB004408,Maria,Jackson,1960-05-30,2,10,Doctor,188343.87,SALARY,False,LOW,ACTIVE
NSB004409,Hunter,David,1942-07-22,10,17,Architect,91850.36,BUSINESS,False,HIGH,ACTIVE
NSB004410,Heather,Jones,1976-03-09,11,14,Doctor,115686.29,SAVINGS,False,CRITICAL,ACTIVE
NSB004411,Sheila,Wang,1973-02-14,2,18,Accountant,59947.65,BUSINESS,False,MEDIUM,ACTIVE
NSB004412,Douglas,Brown,1958-04-15,16,15,Consultant,113838.85,INHERITANCE,False,MEDIUM,ACTIVE
NSB004413,Aaron,Wilson,1985-08-12,11,19,Nurse,34435.12,PENSION,False,LOW,ACTIVE
NSB004414,Patrick,Ramsey,2001-08-18,19,9,Software Engineer,109495.97,SALARY,False,LOW,ACTIVE
NSB004415,Ronald,Rogers,1964-09-20,8,10,Teacher,45441.87,INHERITANCE,False,MEDIUM,ACTIVE
NSB004416,Alexandria,Ryan,1944-06-21,19,20,Sales Manager,114373.66,INVESTMENTS,False,MEDIUM,ACTIVE
NSB004417,Kayla,Walker,1944-02-10,12,8,Marketing Manager,58490.04,SALARY,False,HIGH,ACTIVE
NSB004418,Emily,Clayton,1967-09-13,20,10,Doctor,227427.52,INVESTMENTS,False,MEDIUM,CLOSED
NSB004419,Jose,Thomas,1992-12-07,7,9,Teacher,31006.81,SALARY,False,CRITICAL,ACTIVE
NSB004420,Brandon,Alexander,1941-01-29,20,2,Software Engineer,88593.49,INVESTMENTS,False,MEDIUM,ACTIVE
NSB004421,Dawn,Carroll,1988-02-21,3,3,Software Engineer,56830.37,PENSION,False,MEDIUM,ACTIVE
NSB004422,Monica,Cook,1964-07-16,5,17,Financial Analyst,75500.23,PENSION,False,LOW,ACTIVE
NSB004423,Shannon,Riley,1954-10-24,6,18,Architect,56563.51,BUSINESS,False,MEDIUM,ACTIVE
NSB004424,Dana,Hayes,1954-11-25,20,1,Doctor,80757.5,PENSION,False,LOW,INACTIVE
NSB004425,Lori,Pineda,1954-12-30,3,16,Architect,94670.84,INHERITANCE,False,LOW,INACTIVE
NSB004426,Jamie,Armstrong,2004-02-01,2,4,Accountant,58061.58,SALARY,False,LOW,ACTIVE
NSB004427,Jeremy,Ferguson,1990-02-21,7,9,Consultant,125079.7,SALARY,False,LOW,ACTIVE
NSB004428,Jason,Rivera,1996-07-30,12,12,Student,12860.75,INHERITANCE,False,MEDIUM,ACTIVE
NSB004429,Kimberly,Johnson,1953-06-16,10,4,Software Engineer,46189.9,SALARY,False,LOW,ACTIVE
NSB004430,Billy,Wolf,1951-07-02,12,18,Doctor,214147.33,INVESTMENTS,False,CRITICAL,ACTIVE
NSB004431,Cody,Stewart,1963-11-24,5,19,Data Analyst,61766.95,BUSINESS,False,MEDIUM,ACTIVE
NSB004432,Joshua,Hayes,1983-04-07,2,14,Lawyer,136356.87,SAVINGS,False,MEDIUM,ACTIVE
NSB004433,Kelly,Marquez,1998-09-23,7,2,Engineer,74518.01,INVESTMENTS,False,LOW,ACTIVE
NSB004434,Sarah,Dixon,1982-08-01,3,5,Lawyer,87288.71,PENSION,False,LOW,ACTIVE
NSB004435,Sarah,Jordan,1991-12-13,4,1,Doctor,180428.7,INVESTMENTS,False,MEDIUM,ACTIVE
NSB004436,Angela,Allen,1950-10-04,18,8,Architect,80431.77,SALARY,False,LOW,ACTIVE
NSB004437,Brittany,Hill,1970-02-28,11,12,Lawyer,51226.31,SAVINGS,False,MEDIUM,ACTIVE
NSB004438,Wayne,Hall,2004-12-21,14,10,Consultant,52592.15,PENSION,False,LOW,ACTIVE
NSB004439,Allison,Jefferson,1946-04-26,13,11,Student,27390.39,SAVINGS,False,MEDIUM,DECEASED
NSB004440,Bonnie,Sheppard,2002-02-19,7,9,Data Analyst,76099.18,SALARY,False,LOW,ACTIVE
NSB004441,Rebecca,Santiago,1952-11-28,8,12,Lawyer,144617.68,PENSION,False,LOW,ACTIVE
NSB004442,Carlos,James,1952-04-23,10,12,Financial Analyst,118777.43,SAVINGS,False,MEDIUM,ACTIVE
NSB004443,Maurice,Diaz,1978-04-14,5,13,Financial Analyst,86663.46,INVESTMENTS,False,LOW,ACTIVE
NSB004444,Stacy,Gordon,1942-04-10,18,5,Consultant,74489.5,INVESTMENTS,False,MEDIUM,ACTIVE
NSB004445,Kevin,Nolan,1983-01-05,14,6,Teacher,48287.7,SAVINGS,False,MEDIUM,ACTIVE
NSB004446,Maria,Marquez,1950-11-24,3,14,Sales Manager,129220.65,BUSINESS,False,LOW,ACTIVE
NSB004447,Randy,Campbell,1951-10-14,13,15,Nurse,36731.17,PENSION,False,LOW,ACTIVE
NSB004448,Jennifer,Abbott,1954-03-26,5,11,Doctor,170276.03,INVESTMENTS,False,LOW,ACTIVE
NSB004449,Henry,Johnson,2001-08-19,2,12,Architect,96763.78,SALARY,False,LOW,ACTIVE
NSB004450,Carrie,Odom,1973-02-09,19,11,Nurse,68665.55,BUSINESS,False,LOW,ACTIVE
NSB004451,Ariel,Simpson,2005-03-19,12,5,Doctor,81565.49,SAVINGS,False,LOW,ACTIVE
NSB004452,Beth,Weber,1945-10-25,2,16,Accountant,55326.33,PENSION,False,CRITICAL,ACTIVE
NSB004453,Luis,Thompson,1995-06-13,5,15,Marketing Manager,67421.85,PENSION,False,LOW,ACTIVE
NSB004454,Timothy,Bell,1969-02-12,1,3,Sales Manager,95725.78,BUSINESS,False,LOW,ACTIVE
NSB004455,Brandy,Trujillo,1961-09-14,15,4,Student,20114.94,INHERITANCE,False,LOW,ACTIVE
NSB004456,Ashley,Sanders,2005-11-08,6,15,Consultant,90158.96,PENSION,False,LOW,ACTIVE
NSB004457,Tara,Ellis,2005-01-12,12,16,Accountant,69124.29,SAVINGS,False,MEDIUM,ACTIVE
NSB004458,Allison,Ryan,1972-09-12,19,11,Software Engineer,99251.31,INHERITANCE,False,LOW,ACTIVE
NSB004459,Mackenzie,Bullock,1945-05-28,6,10,Accountant,45107.67,SALARY,False,MEDIUM,ACTIVE
NSB004460,Elizabeth,Stanley,1976-01-22,16,19,Accountant,59325.4,SAVINGS,False,MEDIUM,ACTIVE
NSB004461,Cassandra,Miller,1990-05-16,3,19,Financial Analyst,107212.69,INVESTMENTS,False,LOW,ACTIVE
NSB004462,Melissa,Simon,1980-08-01,4,16,Lawyer,154949.18,SALARY,False,CRITICAL,BLOCKED
NSB004463,Jeffrey,Hartman,1997-09-20,12,1,Business Owner,209039.92,INHERITANCE,False,MEDIUM,ACTIVE
NSB004464,Sarah,Kelly,1960-10-20,3,12,Lawyer,111467.16,PENSION,False,LOW,ACTIVE
NSB004465,Jessica,Haney,1960-08-19,1,12,Lawyer,149698.38,BUSINESS,False,LOW,ACTIVE
NSB004466,Barbara,Shaffer,1959-02-17,15,4,Financial Analyst,73727.8,PENSION,False,LOW,ACTIVE
NSB004467,Justin,Pierce,1983-01-12,14,10,Nurse,49909.6,SAVINGS,False,LOW,DECEASED
NSB004468,Juan,Warren,1981-12-27,7,20,Architect,65670.05,PENSION,False,LOW,ACTIVE
NSB004469,Helen,Collier,1946-05-25,9,19,Lawyer,131557.89,PENSION,False,MEDIUM,ACTIVE
NSB004470,Susan,Griffith,1970-12-05,18,19,Architect,97786.03,INVESTMENTS,False,LOW,ACTIVE
NSB004471,Erin,Poole,1943-01-22,10,19,Teacher,50245.83,PENSION,False,LOW,ACTIVE
NSB004472,Isabel,Martin,1956-05-17,8,3,Engineer,67279.27,SALARY,False,HIGH,ACTIVE
NSB004473,Tammy,Coleman,1955-08-09,10,10,Sales Manager,111364.37,INHERITANCE,False,MEDIUM,ACTIVE
NSB004474,Jon,Peterson,1949-07-26,7,13,Doctor,131429.55,INHERITANCE,False,LOW,ACTIVE
NSB004475,Brianna,Phillips,1975-10-07,1,20,Engineer,101400.08,BUSINESS,False,LOW,INACTIVE
NSB004476,Bridget,Yoder,1963-03-30,15,8,Doctor,103458.68,SALARY,False,MEDIUM,ACTIVE
NSB004477,Raymond,Long,1987-02-03,1,8,Student,28472.68,INHERITANCE,False,LOW,ACTIVE
NSB004478,Kevin,Anderson,1979-12-19,3,14,Data Analyst,48819.69,INHERITANCE,False,MEDIUM,ACTIVE
NSB004479,Charles,Bradley,1965-09-20,2,14,Accountant,43899.3,INHERITANCE,False,CRITICAL,ACTIVE
NSB004480,Erica,Baker,1966-03-10,5,16,Consultant,112474.7,INHERITANCE,False,LOW,ACTIVE
NSB004481,Kristina,Peterson,2004-03-15,10,15,Accountant,35210.35,SAVINGS,False,MEDIUM,ACTIVE
NSB004482,Charles,Smith,1970-02-12,6,18,Financial Analyst,106792.73,PENSION,False,MEDIUM,ACTIVE
NSB004483,Renee,Ali,1946-03-16,19,18,Data Analyst,46204.41,SAVINGS,False,LOW,ACTIVE
NSB004484,Lindsey,Richardson,1963-01-09,10,18,Financial Analyst,66356.02,INHERITANCE,False,LOW,ACTIVE
NSB004485,Christopher,Taylor,1992-04-28,9,1,Consultant,138929.76,INVESTMENTS,False,LOW,ACTIVE
NSB004486,Marcus,Green,1959-08-01,18,12,Financial Analyst,84993.63,SALARY,False,LOW,ACTIVE
NSB004487,Christine,Gates,1982-07-15,11,2,Software Engineer,48419.45,SALARY,False,MEDIUM,ACTIVE
NSB004488,Sarah,Burnett,2003-09-04,10,8,Nurse,31414.25,BUSINESS,False,LOW,ACTIVE
NSB004489,Dylan,Turner,1970-03-30,6,6,Doctor,157203.62,INHERITANCE,False,LOW,ACTIVE
NSB004490,Kayla,Lutz,1984-05-06,3,18,Software Engineer,113485.58,SALARY,False,MEDIUM,ACTIVE
NSB004491,Valerie,Arnold,1951-03-12,14,6,Student,19480.89,INHERITANCE,False,LOW,ACTIVE
NSB004492,Shawn,Harper,1945-05-22,4,17,Software Engineer,79550.22,SAVINGS,False,MEDIUM,ACTIVE
NSB004493,Tony,Contreras,2003-08-07,5,8,Doctor,120492.23,PENSION,False,LOW,ACTIVE
NSB004494,Richard,Thomas,1996-07-08,2,5,Accountant,64353.14,PENSION,False,CRITICAL,ACTIVE
NSB004495,Steven,Ray,2005-09-11,8,11,Data Analyst,96362.09,SALARY,False,LOW,ACTIVE
NSB004496,Christie,Luna,1970-01-20,2,13,Nurse,56636.89,SALARY,False,MEDIUM,BLOCKED
NSB004497,Antonio,Wilson,1993-12-21,13,4,Lawyer,135693.33,SALARY,False,LOW,ACTIVE
NSB004498,Phillip,Smith,1971-02-10,6,15,Accountant,82082.75,PENSION,False,HIGH,ACTIVE
NSB004499,Samantha,Chan,1980-02-12,20,5,Lawyer,75278.58,SAVINGS,False,LOW,ACTIVE
NSB004500,Dawn,Macias,1966-08-30,7,3,Data Analyst,80561.66,BUSINESS,False,LOW,ACTIVE
NSB004501,Christopher,Miller,1954-01-04,1,10,Sales Manager,100235.64,PENSION,False,LOW,ACTIVE
NSB004502,Jeffrey,Little,1967-05-30,15,13,Lawyer,87065.6,SALARY,False,HIGH,CLOSED
NSB004503,Rhonda,Rodriguez,2004-11-04,19,5,Business Owner,174428.53,INVESTMENTS,False,LOW,CLOSED
NSB004504,Patrick,Moreno,1960-07-24,5,18,Engineer,72892.03,PENSION,False,LOW,ACTIVE
NSB004505,Marcus,Edwards,1985-07-08,3,8,Student,5927.58,SALARY,False,MEDIUM,ACTIVE
NSB004506,Tom,Higgins,1955-12-13,18,19,Data Analyst,49114.79,INHERITANCE,False,CRITICAL,ACTIVE
NSB004507,Cristina,Leon,1943-07-04,11,17,Teacher,69086.29,SAVINGS,False,LOW,ACTIVE
NSB004508,Curtis,Richardson,1963-08-24,9,13,Nurse,49861.9,INVESTMENTS,False,LOW,ACTIVE
NSB004509,Michael,Odonnell,1993-04-15,15,4,Doctor,228584.42,BUSINESS,False,LOW,ACTIVE
NSB004510,Michael,Alvarez,1959-12-04,6,8,Nurse,68209.26,PENSION,False,LOW,ACTIVE
NSB004511,Michael,Reyes,1978-12-27,15,5,Teacher,43787.97,PENSION,True,MEDIUM,ACTIVE
NSB004512,Julie,White,1959-09-07,20,2,Architect,49105.62,SALARY,False,HIGH,ACTIVE
NSB004513,Janet,Steele,1956-08-01,5,4,Engineer,112394.68,BUSINESS,False,MEDIUM,ACTIVE
NSB004514,Stacey,Brown,1983-05-30,20,15,Business Owner,76102.25,PENSION,False,LOW,ACTIVE
NSB004515,Xavier,Newton,2000-12-21,12,12,Teacher,51816.35,SALARY,False,LOW,CLOSED
NSB004516,Victor,Wyatt,2006-04-09,10,16,Sales Manager,90777.38,BUSINESS,False,MEDIUM,ACTIVE
NSB004517,Amy,Harrison,1986-04-16,6,18,Teacher,46897.02,PENSION,False,MEDIUM,ACTIVE
NSB004518,Samantha,Rush,1985-03-27,8,16,Financial Analyst,116643.84,PENSION,False,LOW,ACTIVE
NSB004519,Robert,Rodriguez,1984-10-07,20,10,Software Engineer,94628.4,INHERITANCE,False,LOW,ACTIVE
NSB004520,Yesenia,Vargas,1959-11-10,4,6,Architect,96626.1,BUSINESS,False,LOW,ACTIVE
NSB004521,Rebekah,Adams,2001-10-16,14,17,Sales Manager,52215.78,INVESTMENTS,False,LOW,DECEASED
NSB004522,Anthony,Blankenship,1999-11-16,3,4,Teacher,60270.86,INVESTMENTS,False,LOW,ACTIVE
NSB004523,Courtney,Schmidt,1991-02-27,16,19,Data Analyst,40828.09,INHERITANCE,False,HIGH,ACTIVE
NSB004524,Hannah,Taylor,1999-06-19,14,9,Student,10201.56,BUSINESS,False,MEDIUM,ACTIVE
NSB004525,Jennifer,Patton,1984-10-11,5,6,Data Analyst,86344.71,BUSINESS,False,LOW,ACTIVE
NSB004526,Donna,Hancock,1953-07-02,6,10,Teacher,46622.28,PENSION,False,LOW,ACTIVE
NSB004527,Nathan,Harris,2000-01-30,1,5,Consultant,60612.48,INVESTMENTS,False,MEDIUM,ACTIVE
NSB004528,David,Gardner,2004-06-05,5,12,Financial Analyst,112406.09,PENSION,False,LOW,ACTIVE
NSB004529,Joseph,Oliver,1983-05-07,5,3,Software Engineer,57661.55,BUSINESS,False,LOW,INACTIVE
NSB004530,William,Thomas,1966-08-13,18,11,Lawyer,58785.67,SALARY,False,HIGH,ACTIVE
NSB004531,Theodore,May,1967-06-30,14,6,Student,33009.65,PENSION,False,LOW,ACTIVE
NSB004532,Matthew,Shannon,2005-07-28,19,14,Software Engineer,67718.51,INVESTMENTS,False,LOW,ACTIVE
NSB004533,Robert,Haley,1988-08-10,17,14,Sales Manager,112778.44,BUSINESS,False,LOW,ACTIVE
NSB004534,Derek,Snyder,1971-02-24,5,12,Student,28381.86,SALARY,False,MEDIUM,ACTIVE
NSB004535,Katherine,Ibarra,1965-08-17,15,13,Nurse,53010.24,INHERITANCE,False,LOW,INACTIVE
NSB004536,Briana,Zimmerman,1948-05-27,3,10,Teacher,50733.78,SALARY,False,LOW,ACTIVE
NSB004537,Kyle,Harmon,1979-05-27,7,11,Nurse,58885.4,INVESTMENTS,False,LOW,ACTIVE
NSB004538,Ronald,Cruz,1972-06-21,14,3,Consultant,83760.24,INHERITANCE,False,LOW,ACTIVE
NSB004539,Tina,Wilson,2001-02-27,8,13,Engineer,84414.33,INHERITANCE,False,LOW,ACTIVE
NSB004540,Alexis,Harrison,1954-12-08,7,5,Teacher,31699.51,INVESTMENTS,False,LOW,ACTIVE
NSB004541,Kathleen,Figueroa,1995-08-15,2,12,Teacher,61258.17,INVESTMENTS,False,LOW,ACTIVE
NSB004542,Dean,Austin,1989-01-03,17,1,Doctor,132748.69,BUSINESS,False,LOW,ACTIVE
NSB004543,Kelli,Wong,1975-10-24,8,12,Data Analyst,87559.79,SALARY,False,LOW,ACTIVE
NSB004544,Cassandra,Shields,2000-05-14,14,20,Sales Manager,107477.65,INHERITANCE,False,LOW,ACTIVE
NSB004545,Christopher,Brown,1941-04-19,5,2,Sales Manager,76039.85,INVESTMENTS,False,MEDIUM,ACTIVE
NSB004546,Anthony,Herrera,1941-08-15,18,9,Architect,66603.67,BUSINESS,False,LOW,ACTIVE
NSB004547,Stephanie,Price,1973-04-18,17,5,Consultant,56541.92,BUSINESS,False,MEDIUM,ACTIVE
NSB004548,Haley,Smith,1972-06-05,1,19,Business Owner,31840.73,PENSION,False,MEDIUM,ACTIVE
NSB004549,Mark,Nicholson,1947-04-02,17,9,Nurse,64698.7,SAVINGS,True,CRITICAL,ACTIVE
NSB004550,Allen,Lopez,1956-08-26,14,9,Lawyer,64920.35,INVESTMENTS,False,LOW,ACTIVE
NSB004551,Danielle,Rose,1990-09-19,17,11,Architect,83118.17,PENSION,False,LOW,ACTIVE
NSB004552,Amy,Wright,1987-05-01,10,13,Data Analyst,63001.77,SAVINGS,False,LOW,ACTIVE
NSB004553,Amy,Hernandez,1969-07-05,10,8,Accountant,78697.26,PENSION,False,LOW,ACTIVE
NSB004554,Rebecca,Lee,1982-02-18,6,10,Teacher,44324.43,BUSINESS,False,LOW,ACTIVE
NSB004555,Melanie,Jenkins,1978-09-22,12,5,Sales Manager,59417.2,PENSION,False,HIGH,ACTIVE
NSB004556,Derek,Owens,1957-08-24,1,20,Teacher,64299.45,BUSINESS,False,LOW,ACTIVE
NSB004557,Richard,Rice,1944-12-19,2,9,Nurse,46170.9,SAVINGS,False,LOW,ACTIVE
NSB004558,Glenn,Morgan,1957-02-17,5,3,Architect,89811.83,BUSINESS,False,LOW,INACTIVE
NSB004559,Richard,Stanley,1964-06-02,9,17,Architect,54249.95,PENSION,False,LOW,ACTIVE
NSB004560,Erica,Castillo,1964-01-02,8,2,Architect,46826.27,SAVINGS,False,HIGH,ACTIVE
NSB004561,Robert,Blair,1964-12-22,6,3,Nurse,51298.11,BUSINESS,False,MEDIUM,ACTIVE
NSB004562,Angela,Cook,1967-04-12,4,15,Architect,69874.75,INVESTMENTS,False,MEDIUM,ACTIVE
NSB004563,Nathan,Salazar,1994-04-26,16,5,Architect,52886.04,PENSION,False,MEDIUM,ACTIVE
NSB004564,Gerald,Ewing,1971-04-06,10,13,Sales Manager,80533.93,SALARY,False,LOW,ACTIVE
NSB004565,Christy,Taylor,1965-07-29,15,14,Sales Manager,126404.55,BUSINESS,False,CRITICAL,ACTIVE
NSB004566,Ashley,Cooke,1952-01-19,19,18,Nurse,54459.05,INVESTMENTS,False,MEDIUM,ACTIVE
NSB004567,John,Reeves,1946-07-03,9,1,Sales Manager,122192.51,SALARY,False,LOW,ACTIVE
NSB004568,Daniel,Martin,1991-08-14,4,8,Consultant,77710.46,SALARY,False,LOW,ACTIVE
NSB004569,Ellen,Parker,1970-03-25,19,12,Consultant,147830.77,INHERITANCE,False,MEDIUM,ACTIVE
NSB004570,Beth,Thompson,2003-12-02,20,3,Data Analyst,84831.03,SALARY,False,MEDIUM,ACTIVE
NSB004571,Bethany,Gonzalez,1993-04-29,16,8,Sales Manager,69663.19,BUSINESS,False,LOW,CLOSED
NSB004572,Tyler,Maxwell,1988-05-30,5,3,Architect,94322.45,PENSION,False,LOW,ACTIVE
NSB004573,Allison,Coleman,1975-01-28,7,8,Teacher,61219.15,BUSINESS,False,LOW,ACTIVE
NSB004574,David,Turner,1988-06-01,19,15,Accountant,69257.63,INVESTMENTS,False,LOW,ACTIVE
NSB004575,Joshua,Bailey,1952-04-11,20,6,Lawyer,144530.97,BUSINESS,False,LOW,ACTIVE
NSB004576,Sarah,Campbell,1941-07-01,2,9,Sales Manager,76899.51,SALARY,False,LOW,ACTIVE
NSB004577,Jonathan,Bradford,1973-07-05,7,2,Software Engineer,48818.04,INVESTMENTS,False,LOW,ACTIVE
NSB004578,John,Bradley,1965-11-02,11,4,Engineer,94232.29,INVESTMENTS,False,MEDIUM,ACTIVE
NSB004579,Taylor,Cruz,1978-09-17,15,15,Nurse,37055.59,SAVINGS,False,MEDIUM,INACTIVE
NSB004580,Gary,Watson,1998-03-21,6,13,Lawyer,112406.46,INVESTMENTS,False,MEDIUM,ACTIVE
NSB004581,Jerry,Martin,1990-07-20,11,8,Business Owner,99132.68,BUSINESS,False,LOW,ACTIVE
NSB004582,Edward,Davis,2000-12-03,6,18,Accountant,70217.53,SAVINGS,False,MEDIUM,ACTIVE
NSB004583,Michael,Phillips,1971-01-26,15,18,Engineer,66172.08,PENSION,False,LOW,ACTIVE
NSB004584,Juan,Herrera,1982-04-26,11,8,Marketing Manager,106753.23,INHERITANCE,False,LOW,ACTIVE
NSB004585,Sally,Gutierrez,1959-06-12,6,4,Business Owner,132534.82,INVESTMENTS,False,LOW,ACTIVE
NSB004586,Karen,Webb,1979-04-25,12,1,Teacher,61381.31,PENSION,False,LOW,ACTIVE
NSB004587,Jennifer,Wilson,1988-07-04,7,6,Software Engineer,58948.07,INHERITANCE,False,MEDIUM,ACTIVE
NSB004588,Julie,Hunter,2002-02-06,1,12,Nurse,32334.19,SALARY,False,LOW,INACTIVE
NSB004589,Jim,Freeman,1978-01-17,8,5,Accountant,73957.43,SALARY,False,LOW,ACTIVE
NSB004590,Lisa,Lowe,1950-12-08,3,19,Doctor,209337.96,BUSINESS,False,LOW,ACTIVE
NSB004591,Courtney,Stokes,1960-07-23,17,16,Architect,88519.31,PENSION,False,LOW,ACTIVE
NSB004592,Helen,Mckenzie,1962-10-28,1,12,Doctor,222892.61,PENSION,False,LOW,ACTIVE
NSB004593,Nicholas,Williams,1959-02-26,2,1,Software Engineer,94702.99,INHERITANCE,False,MEDIUM,ACTIVE
NSB004594,Gary,Brown,2000-02-03,15,17,Data Analyst,83376.83,BUSINESS,False,LOW,ACTIVE
NSB004595,Jamie,Clayton,2002-12-22,9,11,Sales Manager,49515.44,SAVINGS,False,LOW,ACTIVE
NSB004596,Brandon,Vargas,1983-03-07,20,6,Student,25994.25,SALARY,False,LOW,ACTIVE
NSB004597,Angela,Robinson,1958-07-29,15,9,Student,18003.63,SALARY,False,LOW,ACTIVE
NSB004598,Tyler,Welch,1959-12-16,15,8,Nurse,34945.0,PENSION,False,LOW,ACTIVE
NSB004599,Linda,Wood,1991-05-18,3,10,Software Engineer,89887.0,INHERITANCE,False,LOW,ACTIVE
NSB004600,Donald,Townsend,1944-08-01,13,18,Marketing Manager,76096.4,PENSION,False,HIGH,ACTIVE
NSB004601,Christopher,Peters,1965-03-21,2,15,Accountant,68747.64,SAVINGS,False,LOW,ACTIVE
NSB004602,Mary,Weber,1990-04-06,10,10,Lawyer,116122.64,INHERITANCE,False,LOW,ACTIVE
NSB004603,Stephen,Hernandez,1984-07-29,11,9,Teacher,52125.54,SALARY,False,LOW,ACTIVE
NSB004604,Samuel,Moran,1967-07-18,11,16,Data Analyst,77602.29,BUSINESS,False,MEDIUM,ACTIVE
NSB004605,Joyce,Choi,1944-07-11,10,1,Nurse,56412.96,SALARY,False,MEDIUM,ACTIVE
NSB004606,John,Washington,1971-10-02,15,8,Marketing Manager,59828.73,INHERITANCE,False,LOW,ACTIVE
NSB004607,Kelly,Casey,1976-11-16,18,13,Financial Analyst,65564.32,SALARY,False,MEDIUM,ACTIVE
NSB004608,Fred,Smith,1953-08-24,13,11,Marketing Manager,117682.69,INVESTMENTS,False,LOW,ACTIVE
NSB004609,Michelle,Fry,1991-07-30,9,16,Marketing Manager,46692.06,INHERITANCE,False,MEDIUM,ACTIVE
NSB004610,Kenneth,Baxter,1948-03-25,20,9,Marketing Manager,69731.36,SAVINGS,True,HIGH,ACTIVE
NSB004611,Nichole,Horn,1997-04-14,8,1,Architect,62112.78,BUSINESS,False,LOW,ACTIVE
NSB004612,Bonnie,Matthews,2006-02-28,19,8,Accountant,70111.0,INVESTMENTS,False,LOW,ACTIVE
NSB004613,Michael,Underwood,1989-11-19,9,18,Teacher,49557.94,INVESTMENTS,False,LOW,ACTIVE
NSB004614,Stephanie,Armstrong,1944-08-04,2,6,Software Engineer,118973.66,INVESTMENTS,False,LOW,INACTIVE
NSB004615,Molly,Ruiz,1985-02-21,10,10,Accountant,69600.25,BUSINESS,False,MEDIUM,ACTIVE
NSB004616,Ashley,Silva,1996-03-12,1,20,Student,11096.05,SAVINGS,False,LOW,ACTIVE
NSB004617,Spencer,Schroeder,1968-06-15,12,13,Sales Manager,91282.37,SALARY,False,LOW,ACTIVE
NSB004618,James,Flynn,1951-11-18,7,2,Nurse,57919.54,INVESTMENTS,False,LOW,INACTIVE
NSB004619,David,Golden,1966-08-31,5,17,Architect,77890.95,INVESTMENTS,False,LOW,BLOCKED
NSB004620,Drew,Diaz,1978-09-03,20,18,Architect,90908.22,SAVINGS,False,CRITICAL,ACTIVE
NSB004621,Jason,Ferguson,1987-11-03,4,14,Marketing Manager,113022.0,PENSION,False,LOW,CLOSED
NSB004622,Kimberly,Deleon,1984-10-31,11,6,Doctor,81473.42,SALARY,False,LOW,ACTIVE
NSB004623,Tim,Fisher,2003-02-05,20,10,Architect,83628.17,PENSION,False,MEDIUM,ACTIVE
NSB004624,Ryan,Walter,1991-06-08,20,2,Nurse,67419.4,PENSION,False,LOW,ACTIVE
NSB004625,Patricia,Rice,1987-11-25,6,6,Data Analyst,93481.41,SALARY,False,MEDIUM,INACTIVE
NSB004626,Erika,Martin,1992-05-07,3,17,Teacher,38427.53,INVESTMENTS,False,HIGH,ACTIVE
NSB004627,Dylan,Bridges,1957-04-30,4,3,Lawyer,164654.22,PENSION,False,LOW,ACTIVE
NSB004628,Ryan,Hood,1965-07-15,13,13,Nurse,60093.81,PENSION,False,LOW,INACTIVE
NSB004629,Nicole,Cantu,1964-04-02,18,9,Marketing Manager,47199.74,INHERITANCE,False,LOW,ACTIVE
NSB004630,Mary,Jacobs,1993-01-08,3,1,Architect,46517.63,BUSINESS,False,LOW,ACTIVE
NSB004631,Ashley,Lee,1953-11-16,1,8,Engineer,96903.36,INHERITANCE,False,MEDIUM,INACTIVE
NSB004632,Teresa,Henderson,1989-11-28,1,20,Nurse,42635.74,INHERITANCE,False,LOW,ACTIVE
NSB004633,Keith,Hoover,1941-11-06,15,2,Teacher,67812.65,INHERITANCE,False,HIGH,ACTIVE
NSB004634,Pamela,Robles,1983-06-24,7,10,Software Engineer,116858.69,SAVINGS,False,MEDIUM,CLOSED
NSB004635,Brett,Rodriguez,1952-05-05,12,8,Nurse,60548.68,SAVINGS,False,LOW,ACTIVE
NSB004636,Michael,Moore,1999-02-15,8,2,Engineer,64672.38,INHERITANCE,False,MEDIUM,ACTIVE
NSB004637,Ana,Smith,1950-05-09,16,7,Student,17458.53,BUSINESS,False,MEDIUM,ACTIVE
NSB004638,Jason,Martinez,1991-11-05,3,18,Consultant,50881.63,SALARY,False,MEDIUM,ACTIVE
NSB004639,Carol,Elliott,1949-08-17,13,19,Data Analyst,97984.52,INVESTMENTS,False,LOW,ACTIVE
NSB004640,Charles,Pierce,1988-01-06,8,1,Accountant,63823.85,BUSINESS,False,LOW,BLOCKED
NSB004641,Paula,Vazquez,1956-08-09,7,14,Nurse,38923.02,INVESTMENTS,False,LOW,ACTIVE
NSB004642,Elizabeth,Johnson,2002-05-13,18,10,Accountant,52551.16,SALARY,False,LOW,ACTIVE
NSB004643,Shannon,Wright,1967-11-20,14,12,Data Analyst,71604.29,INVESTMENTS,False,LOW,ACTIVE
NSB004644,Nicole,King,1979-08-20,12,11,Architect,79730.1,PENSION,False,LOW,ACTIVE
NSB004645,Alison,Smith,1954-03-16,19,16,Nurse,52560.62,SALARY,False,LOW,ACTIVE
NSB004646,Debra,Ray,2000-03-31,19,6,Teacher,52538.15,BUSINESS,False,HIGH,ACTIVE
NSB004647,Robert,Bryant,1950-01-15,15,5,Financial Analyst,111736.48,PENSION,False,LOW,ACTIVE
NSB004648,Kelly,Edwards,2001-10-11,7,15,Lawyer,137373.6,INHERITANCE,False,LOW,ACTIVE
NSB004649,John,West,1998-04-04,12,12,Sales Manager,53086.8,INHERITANCE,False,LOW,ACTIVE
NSB004650,Tyler,Parrish,1951-09-30,10,12,Accountant,69169.16,BUSINESS,False,LOW,ACTIVE
NSB004651,Curtis,Smith,1981-06-17,15,1,Engineer,52585.83,INHERITANCE,False,LOW,ACTIVE
NSB004652,Charles,Santos,1965-05-24,3,10,Teacher,34175.68,SALARY,False,LOW,ACTIVE
NSB004653,Nancy,Cook,1991-06-26,5,20,Marketing Manager,106424.04,SAVINGS,False,LOW,ACTIVE
NSB004654,Jason,Flores,1963-03-23,4,4,Accountant,45967.73,PENSION,False,LOW,ACTIVE
NSB004655,Ricardo,Lee,1954-07-07,15,20,Student,30656.1,BUSINESS,False,MEDIUM,CLOSED
NSB004656,Lauren,Smith,2004-02-21,5,19,Business Owner,253907.89,PENSION,False,LOW,ACTIVE
NSB004657,Randy,Maldonado,1943-02-23,18,8,Sales Manager,78140.47,INHERITANCE,True,CRITICAL,ACTIVE
NSB004658,April,Navarro,1941-05-30,13,14,Business Owner,259238.3,BUSINESS,False,LOW,ACTIVE
NSB004659,Russell,Spencer,1965-09-16,15,19,Nurse,66235.69,SAVINGS,False,LOW,INACTIVE
NSB004660,Corey,Salazar,1974-10-20,13,7,Doctor,211987.75,SALARY,False,MEDIUM,ACTIVE
NSB004661,Alexander,Edwards,1956-10-12,4,4,Architect,51544.62,SAVINGS,False,MEDIUM,ACTIVE
NSB004662,Ashley,Potts,1968-10-12,9,2,Consultant,113578.74,INHERITANCE,False,LOW,ACTIVE
NSB004663,Michelle,Kennedy,1972-10-18,6,7,Lawyer,86394.04,SALARY,False,MEDIUM,ACTIVE
NSB004664,Anita,Lowe,1992-06-08,4,14,Accountant,87779.36,SALARY,False,HIGH,ACTIVE
NSB004665,Sherri,Thompson,1971-09-16,11,10,Lawyer,149110.7,SALARY,False,LOW,ACTIVE
NSB004666,Dana,Collins,1977-01-27,9,12,Marketing Manager,80805.61,SALARY,False,MEDIUM,ACTIVE
NSB004667,Jesse,Reyes,1962-07-07,10,18,Sales Manager,86222.1,INVESTMENTS,False,LOW,ACTIVE
NSB004668,Matthew,Rosales,1950-12-29,17,17,Architect,40589.86,BUSINESS,False,MEDIUM,ACTIVE
NSB004669,Gabriel,Pena,1985-01-30,5,11,Student,25352.91,SALARY,False,LOW,ACTIVE
NSB004670,Brandon,Mcdonald,1975-01-03,12,15,Teacher,65201.52,SAVINGS,False,LOW,ACTIVE
NSB004671,Shawn,Brooks,1943-08-13,15,13,Engineer,70013.18,SALARY,False,LOW,ACTIVE
NSB004672,Roger,Hunt,1981-02-11,15,12,Nurse,54950.94,PENSION,False,HIGH,ACTIVE
NSB004673,Elizabeth,Pierce,1956-11-12,10,13,Consultant,101783.28,SAVINGS,False,MEDIUM,ACTIVE
NSB004674,Shelby,Parks,1977-12-09,17,14,Engineer,104084.41,SAVINGS,False,LOW,INACTIVE
NSB004675,Robert,Harvey,1994-07-04,8,1,Data Analyst,93970.88,SAVINGS,False,MEDIUM,ACTIVE
NSB004676,Emily,Smith,1982-01-20,9,18,Architect,82599.14,INVESTMENTS,False,LOW,INACTIVE
NSB004677,Tina,Campbell,1971-09-04,15,8,Financial Analyst,73401.83,INVESTMENTS,False,LOW,ACTIVE
NSB004678,Robert,Butler,1944-10-08,12,7,Software Engineer,101346.13,PENSION,False,LOW,ACTIVE
NSB004679,Nicole,Morales,1986-08-28,2,5,Student,28458.38,SAVINGS,False,LOW,ACTIVE
NSB004680,Jessica,Wilson,1947-10-22,2,12,Nurse,67304.87,INHERITANCE,False,LOW,ACTIVE
NSB004681,Chad,Chang,1969-07-17,2,12,Consultant,105024.18,PENSION,False,MEDIUM,ACTIVE
NSB004682,Shane,Graham,1942-05-19,6,18,Marketing Manager,99956.13,BUSINESS,False,LOW,ACTIVE
NSB004683,Chris,Vazquez,2002-11-02,14,20,Student,24051.9,INVESTMENTS,False,LOW,ACTIVE
NSB004684,Teresa,Baird,1955-03-01,8,8,Business Owner,31336.2,INVESTMENTS,False,LOW,ACTIVE
NSB004685,Seth,Barker,1951-03-23,14,8,Business Owner,283536.05,BUSINESS,False,MEDIUM,ACTIVE
NSB004686,Joseph,Graves,1994-08-22,18,5,Financial Analyst,102152.48,INHERITANCE,False,HIGH,ACTIVE
NSB004687,Joseph,Roy,1958-08-21,17,8,Software Engineer,53792.55,PENSION,False,LOW,ACTIVE
NSB004688,Richard,Avery,1970-09-01,2,7,Marketing Manager,111821.29,BUSINESS,False,LOW,ACTIVE
NSB004689,David,Moore,1981-12-17,17,6,Financial Analyst,59479.0,SAVINGS,False,LOW,CLOSED
NSB004690,Connie,Miller,1978-01-12,19,1,Consultant,65711.2,BUSINESS,False,LOW,ACTIVE
NSB004691,Charles,Perry,2003-01-03,3,9,Lawyer,77003.88,INHERITANCE,False,HIGH,ACTIVE
NSB004692,Jennifer,Delgado,1985-07-19,7,5,Student,12196.42,BUSINESS,False,LOW,ACTIVE
NSB004693,Casey,Edwards,1997-05-26,16,7,Marketing Manager,60414.67,INVESTMENTS,False,LOW,ACTIVE
NSB004694,Monica,Mckenzie,1947-03-08,8,13,Business Owner,222974.88,INHERITANCE,False,LOW,ACTIVE
NSB004695,Michael,Meyer,1941-04-30,11,9,Student,22417.89,BUSINESS,False,LOW,ACTIVE
NSB004696,Joel,Cowan,1978-08-17,4,6,Architect,76779.79,SAVINGS,False,LOW,ACTIVE
NSB004697,Sarah,Martinez,1984-01-12,9,6,Teacher,65350.28,BUSINESS,False,MEDIUM,BLOCKED
NSB004698,April,Page,1956-10-05,12,9,Marketing Manager,97756.56,SALARY,False,LOW,ACTIVE
NSB004699,Kyle,Lindsey,1963-04-17,18,9,Student,21232.41,BUSINESS,False,MEDIUM,ACTIVE
NSB004700,Erica,Sanchez,1959-04-27,11,17,Lawyer,58165.71,SALARY,False,LOW,ACTIVE
NSB004701,Aaron,Hughes,1985-07-28,11,15,Architect,78559.68,INHERITANCE,False,LOW,ACTIVE
NSB004702,Timothy,Henderson,1995-06-20,14,19,Architect,77554.43,INVESTMENTS,False,LOW,ACTIVE
NSB004703,Lori,Moon,1967-11-18,13,5,Student,18560.06,INVESTMENTS,False,LOW,ACTIVE
NSB004704,Caitlin,Johnson,2000-08-20,6,11,Nurse,34507.2,SAVINGS,False,MEDIUM,ACTIVE
NSB004705,Sheryl,Spencer,1944-10-17,12,17,Accountant,80596.26,PENSION,False,MEDIUM,ACTIVE
NSB004706,Evelyn,Moore,1947-05-03,19,2,Business Owner,193053.05,INVESTMENTS,False,LOW,ACTIVE
NSB004707,Tammy,Dalton,1963-04-15,11,15,Consultant,143567.89,PENSION,False,LOW,ACTIVE
NSB004708,Levi,Anderson,1968-10-27,11,2,Doctor,75065.7,INHERITANCE,False,MEDIUM,BLOCKED
NSB004709,Nicole,Brown,1941-09-20,7,13,Marketing Manager,104671.61,SAVINGS,False,MEDIUM,ACTIVE
NSB004710,Dustin,Morris,2001-05-11,2,19,Consultant,68705.39,PENSION,False,MEDIUM,ACTIVE
NSB004711,Rebecca,Thompson,1961-02-09,16,10,Nurse,65076.99,SALARY,False,MEDIUM,ACTIVE
NSB004712,Robert,Andrews,1970-08-05,11,15,Nurse,63490.63,INHERITANCE,False,LOW,ACTIVE
NSB004713,Mary,Maxwell,1955-09-19,12,12,Financial Analyst,91905.26,SALARY,False,LOW,ACTIVE
NSB004714,Stacy,Lee,2004-05-01,7,17,Financial Analyst,70979.62,INHERITANCE,False,LOW,ACTIVE
NSB004715,Jill,Andrews,1987-06-28,14,9,Engineer,107870.06,BUSINESS,False,HIGH,ACTIVE
NSB004716,Emily,Young,2004-11-21,10,1,Consultant,54590.63,BUSINESS,False,LOW,ACTIVE
NSB004717,Larry,Dennis,2003-03-18,18,5,Doctor,88303.11,INHERITANCE,False,LOW,ACTIVE
NSB004718,Deborah,Hughes,1950-01-15,5,5,Financial Analyst,110340.15,SAVINGS,False,MEDIUM,ACTIVE
NSB004719,Thomas,Walker,2001-06-22,18,2,Architect,99521.09,SAVINGS,False,LOW,ACTIVE
NSB004720,Erin,Mack,1995-05-14,18,6,Consultant,139628.03,SALARY,False,LOW,ACTIVE
NSB004721,Jeffery,Sparks,1964-02-12,6,11,Nurse,66478.05,PENSION,False,HIGH,ACTIVE
NSB004722,Daniel,Turner,2005-12-04,12,8,Lawyer,115940.02,BUSINESS,False,LOW,ACTIVE
NSB004723,Kathy,Bailey,1953-04-14,20,5,Consultant,66128.87,INHERITANCE,False,LOW,ACTIVE
NSB004724,Robert,Miller,1978-06-26,6,20,Student,13965.95,PENSION,False,MEDIUM,ACTIVE
NSB004725,Christopher,Hernandez,1972-04-08,2,4,Teacher,39012.76,PENSION,False,LOW,ACTIVE
NSB004726,Toni,Martin,2001-09-18,20,15,Accountant,54888.63,SAVINGS,False,MEDIUM,ACTIVE
NSB004727,Cynthia,Gray,1951-06-06,6,15,Student,8754.53,BUSINESS,False,MEDIUM,ACTIVE
NSB004728,Zachary,Hobbs,1969-11-28,12,17,Data Analyst,42045.97,BUSINESS,False,CRITICAL,INACTIVE
NSB004729,Jeremiah,Melton,1993-03-24,14,20,Nurse,43824.75,INHERITANCE,False,MEDIUM,INACTIVE
NSB004730,John,Johnson,1964-03-27,17,7,Sales Manager,72562.47,BUSINESS,False,MEDIUM,ACTIVE
NSB004731,Sean,Fitzgerald,1941-07-24,3,19,Engineer,74489.98,INVESTMENTS,False,LOW,ACTIVE
NSB004732,Matthew,Greer,1964-03-27,17,1,Lawyer,134701.22,PENSION,False,MEDIUM,INACTIVE
NSB004733,Andrew,Velazquez,1996-01-27,9,1,Nurse,38052.34,INVESTMENTS,False,LOW,INACTIVE
NSB004734,Collin,Adams,1969-03-13,19,12,Doctor,143617.59,PENSION,False,LOW,ACTIVE
NSB004735,Tanya,Stewart,1977-09-15,1,1,Accountant,68748.7,SALARY,False,MEDIUM,ACTIVE
NSB004736,Jason,Fisher,1998-11-11,17,16,Financial Analyst,75161.3,SAVINGS,False,MEDIUM,ACTIVE
NSB004737,Ashley,Edwards,1968-02-11,5,13,Business Owner,138781.42,INVESTMENTS,False,LOW,ACTIVE
NSB004738,Brian,Roth,1944-12-25,10,10,Teacher,60869.71,INVESTMENTS,False,LOW,ACTIVE
NSB004739,Shane,Ramirez,1976-12-25,3,18,Student,5288.57,INHERITANCE,False,MEDIUM,ACTIVE
NSB004740,Samuel,Boyle,1957-07-01,16,1,Data Analyst,92644.19,INHERITANCE,False,LOW,BLOCKED
NSB004741,Tina,Pena,1966-07-18,20,17,Software Engineer,61507.67,INHERITANCE,False,LOW,ACTIVE
NSB004742,Daniel,Adams,1984-09-23,2,3,Teacher,67566.91,INVESTMENTS,False,MEDIUM,ACTIVE
NSB004743,Renee,Robinson,1970-06-20,2,1,Business Owner,282438.53,BUSINESS,False,LOW,ACTIVE
NSB004744,Kenneth,Miller,1968-12-30,1,16,Doctor,170690.83,PENSION,False,MEDIUM,ACTIVE
NSB004745,Bryan,Fischer,1957-12-31,7,16,Architect,51282.62,SAVINGS,False,MEDIUM,ACTIVE
NSB004746,Dana,Peters,1971-10-07,19,2,Sales Manager,115939.06,INHERITANCE,False,MEDIUM,ACTIVE
NSB004747,Rachel,Butler,1954-11-03,8,4,Nurse,52982.42,SAVINGS,False,MEDIUM,ACTIVE
NSB004748,Danielle,Williams,1993-08-01,1,8,Teacher,42175.15,PENSION,False,MEDIUM,ACTIVE
NSB004749,Denise,Martin,1999-04-13,20,6,Accountant,49455.81,BUSINESS,False,LOW,ACTIVE
NSB004750,Courtney,Barnes,2003-03-17,6,6,Nurse,66934.41,INVESTMENTS,False,LOW,ACTIVE
NSB004751,Kevin,Hamilton,1955-06-18,4,2,Financial Analyst,118068.01,BUSINESS,False,MEDIUM,ACTIVE
NSB004752,John,Murray,1979-01-08,9,7,Software Engineer,98201.49,INHERITANCE,False,LOW,ACTIVE
NSB004753,Diane,Ray,1952-04-09,16,20,Sales Manager,70430.81,SALARY,False,LOW,ACTIVE
NSB004754,Melissa,Ward,2003-10-03,19,11,Student,17287.34,SALARY,False,LOW,ACTIVE
NSB004755,Kevin,Alvarez,1979-08-11,16,20,Consultant,64699.23,BUSINESS,False,LOW,ACTIVE
NSB004756,Jeffrey,Jones,1978-01-07,5,12,Sales Manager,107034.38,PENSION,False,LOW,ACTIVE
NSB004757,Allison,Stewart,1983-06-10,3,11,Financial Analyst,106435.42,SAVINGS,False,LOW,ACTIVE
NSB004758,William,Riley,1984-04-04,13,13,Financial Analyst,50444.32,SALARY,False,LOW,ACTIVE
NSB004759,Brandon,Kennedy,1993-11-17,11,2,Architect,62910.68,SALARY,False,MEDIUM,ACTIVE
NSB004760,David,Williams,1979-02-06,7,3,Marketing Manager,87355.99,SALARY,False,LOW,ACTIVE
NSB004761,Lori,Huerta,1943-12-26,2,2,Business Owner,156607.3,PENSION,False,LOW,ACTIVE
NSB004762,Jesus,Peterson,1945-04-07,4,2,Software Engineer,117103.37,BUSINESS,False,LOW,ACTIVE
NSB004763,Kelsey,Schmitt,1989-11-01,18,18,Doctor,138948.6,INHERITANCE,False,LOW,ACTIVE
NSB004764,Miranda,Clark,1960-07-29,1,3,Financial Analyst,115166.18,BUSINESS,False,MEDIUM,ACTIVE
NSB004765,Brandi,Anderson,1972-11-18,17,17,Consultant,109682.83,PENSION,False,MEDIUM,ACTIVE
NSB004766,Carolyn,Davis,1999-04-18,13,13,Engineer,114406.66,INHERITANCE,False,LOW,ACTIVE
NSB004767,William,Ortiz,1988-02-08,1,12,Teacher,36641.6,BUSINESS,False,LOW,ACTIVE
NSB004768,Andrew,Jackson,1944-10-31,9,3,Marketing Manager,97423.54,SALARY,False,LOW,BLOCKED
NSB004769,Matthew,Trevino,1944-10-26,1,10,Nurse,47264.85,SAVINGS,False,LOW,ACTIVE
NSB004770,Carol,Foster,2004-05-29,20,17,Nurse,63218.96,INVESTMENTS,False,MEDIUM,ACTIVE
NSB004771,Jeffrey,Johnson,1982-05-28,19,19,Accountant,56064.86,SAVINGS,False,LOW,ACTIVE
NSB004772,Diana,Kelley,1994-05-14,3,20,Consultant,94617.19,PENSION,False,LOW,ACTIVE
NSB004773,Arthur,Mcknight,2004-04-23,13,6,Consultant,80372.15,BUSINESS,False,HIGH,ACTIVE
NSB004774,Matthew,Walsh,1968-03-18,10,15,Consultant,149445.51,SAVINGS,False,LOW,ACTIVE
NSB004775,Tyler,Tapia,1956-07-05,10,17,Teacher,58285.75,INVESTMENTS,False,LOW,ACTIVE
NSB004776,Valerie,Powers,1946-08-27,16,13,Doctor,209188.81,PENSION,False,LOW,ACTIVE
NSB004777,Vincent,Garcia,1975-12-06,17,10,Engineer,68217.83,INHERITANCE,False,HIGH,ACTIVE
NSB004778,Scott,Hart,1962-07-25,13,5,Sales Manager,83134.34,INVESTMENTS,False,LOW,ACTIVE
NSB004779,Jeremiah,Parker,1948-04-12,5,4,Nurse,32238.38,PENSION,False,LOW,INACTIVE
NSB004780,Melissa,Washington,1943-10-15,7,7,Nurse,55959.49,BUSINESS,False,MEDIUM,ACTIVE
NSB004781,Douglas,Nichols,1949-11-04,4,1,Teacher,67268.15,INVESTMENTS,False,MEDIUM,ACTIVE
NSB004782,Joshua,Oconnor,1988-01-04,10,17,Architect,77700.01,SAVINGS,False,MEDIUM,ACTIVE
NSB004783,David,Taylor,1943-01-16,3,14,Consultant,84176.77,SAVINGS,False,MEDIUM,ACTIVE
NSB004784,Robin,Taylor,1965-08-07,16,18,Lawyer,124281.4,SAVINGS,False,HIGH,ACTIVE
NSB004785,Natasha,Rodriguez,1996-11-18,20,2,Business Owner,238622.71,INVESTMENTS,False,HIGH,ACTIVE
NSB004786,Sarah,Hawkins,1981-04-13,13,17,Nurse,44404.55,SAVINGS,False,HIGH,ACTIVE
NSB004787,Brenda,Jones,1991-04-09,5,16,Accountant,47625.83,BUSINESS,False,LOW,ACTIVE
NSB004788,Patrick,Barnes,1957-12-08,20,3,Architect,64015.71,SAVINGS,False,LOW,ACTIVE
NSB004789,John,Sanchez,1965-04-02,3,8,Nurse,50430.85,INHERITANCE,False,MEDIUM,ACTIVE
NSB004790,Michael,Carter,1958-02-13,1,8,Engineer,66318.61,INHERITANCE,False,LOW,ACTIVE
NSB004791,Tiffany,Lewis,1943-11-04,12,19,Sales Manager,82787.45,INVESTMENTS,False,MEDIUM,ACTIVE
NSB004792,Nicole,Jensen,1957-09-09,18,20,Teacher,41364.46,SAVINGS,False,LOW,ACTIVE
NSB004793,Karen,Henry,1970-02-09,1,19,Accountant,53580.41,INVESTMENTS,False,LOW,ACTIVE
NSB004794,Jason,Duarte,2006-03-04,7,1,Financial Analyst,104477.49,BUSINESS,False,MEDIUM,ACTIVE
NSB004795,Joseph,Ashley,1967-03-16,7,16,Engineer,88700.78,INVESTMENTS,False,LOW,ACTIVE
NSB004796,Eric,White,1943-06-13,18,15,Engineer,77988.95,INHERITANCE,False,LOW,ACTIVE
NSB004797,Andrew,Maldonado,1952-06-25,16,4,Sales Manager,73465.14,INVESTMENTS,False,LOW,ACTIVE
NSB004798,Carla,Warren,1992-06-05,3,18,Consultant,97541.36,PENSION,False,LOW,ACTIVE
NSB004799,Kevin,Lucero,1971-01-02,12,13,Financial Analyst,59084.68,INHERITANCE,False,MEDIUM,ACTIVE
NSB004800,Ann,Mccoy,1988-11-30,5,11,Data Analyst,68802.42,SALARY,False,LOW,ACTIVE
NSB004801,Martha,Mercado,1945-11-29,8,17,Architect,77969.29,SALARY,False,MEDIUM,CLOSED
NSB004802,Daniel,Lee,1948-11-27,8,16,Marketing Manager,63256.67,PENSION,True,HIGH,ACTIVE
NSB004803,Tyler,Gates,1953-05-21,13,19,Architect,75321.76,SALARY,False,LOW,ACTIVE
NSB004804,Matthew,Johnson,1968-06-20,5,12,Engineer,51342.43,SAVINGS,False,MEDIUM,ACTIVE
NSB004805,Jennifer,Hall,1956-07-04,3,15,Software Engineer,74427.77,INHERITANCE,False,LOW,CLOSED
NSB004806,Cassidy,Woods,1957-09-08,15,14,Marketing Manager,46115.4,INVESTMENTS,False,LOW,ACTIVE
NSB004807,Nancy,Giles,1997-01-03,6,18,Business Owner,70937.92,INHERITANCE,False,LOW,ACTIVE
NSB004808,Chad,Davis,1984-06-15,7,15,Marketing Manager,74250.24,INVESTMENTS,False,MEDIUM,ACTIVE
NSB004809,Tiffany,Morales,1950-01-14,16,15,Engineer,63718.9,INHERITANCE,False,LOW,ACTIVE
NSB004810,Taylor,Murphy,1942-12-07,19,15,Lawyer,72482.29,INHERITANCE,False,MEDIUM,ACTIVE
NSB004811,Megan,Price,1971-02-11,12,7,Sales Manager,78013.0,SAVINGS,False,LOW,ACTIVE
NSB004812,Matthew,Fuller,1975-03-28,12,10,Teacher,68120.11,BUSINESS,False,LOW,ACTIVE
NSB004813,Gloria,Butler,1985-10-29,4,2,Teacher,45935.17,INHERITANCE,False,CRITICAL,ACTIVE
NSB004814,Anna,Larson,1987-04-23,6,8,Nurse,49071.62,INVESTMENTS,False,HIGH,ACTIVE
NSB004815,John,Jones,1954-11-29,20,2,Engineer,99134.19,INHERITANCE,False,LOW,ACTIVE
NSB004816,Joseph,Wagner,1999-05-28,15,1,Marketing Manager,72907.07,SALARY,False,CRITICAL,ACTIVE
NSB004817,Jeffery,Wilcox,1954-01-26,17,9,Consultant,141814.39,SALARY,False,MEDIUM,ACTIVE
NSB004818,Raymond,Nixon,1948-06-20,6,18,Engineer,61706.95,SALARY,False,LOW,ACTIVE
NSB004819,Dorothy,Johnson,1984-05-05,17,2,Nurse,64720.73,INHERITANCE,False,LOW,ACTIVE
NSB004820,Adam,Hicks,1980-01-18,15,15,Engineer,86545.62,PENSION,False,MEDIUM,BLOCKED
NSB004821,Tammy,Torres,1995-06-02,4,3,Accountant,77459.01,BUSINESS,False,LOW,ACTIVE
NSB004822,Vincent,Trevino,1998-01-17,1,12,Consultant,110190.75,INVESTMENTS,False,MEDIUM,ACTIVE
NSB004823,Steven,Cunningham,1948-05-07,1,17,Lawyer,51236.24,INVESTMENTS,False,MEDIUM,ACTIVE
NSB004824,Sydney,Lee,1990-01-19,15,12,Lawyer,107064.49,BUSINESS,False,MEDIUM,ACTIVE
NSB004825,Stephanie,James,2002-08-30,16,11,Architect,99982.24,BUSINESS,False,LOW,ACTIVE
NSB004826,Luis,Anderson,1999-03-03,19,2,Marketing Manager,52795.43,SAVINGS,False,LOW,ACTIVE
NSB004827,David,Johnson,1989-07-30,20,13,Consultant,106477.02,SAVINGS,False,LOW,ACTIVE
NSB004828,Jennifer,Clark,1992-09-29,18,1,Accountant,60252.34,SALARY,False,MEDIUM,DECEASED
NSB004829,Brandi,Ward,1964-09-14,8,5,Architect,66155.54,INHERITANCE,False,HIGH,ACTIVE
NSB004830,Ruth,Scott,1962-04-18,17,5,Nurse,55879.66,BUSINESS,False,MEDIUM,ACTIVE
NSB004831,John,Flowers,1965-09-10,7,3,Architect,95743.21,SALARY,False,LOW,ACTIVE
NSB004832,Andrea,Hardin,2005-08-27,8,16,Teacher,58604.18,PENSION,True,CRITICAL,ACTIVE
NSB004833,Suzanne,Shea,1962-12-16,18,6,Architect,59970.97,PENSION,False,MEDIUM,ACTIVE
NSB004834,Keith,Smith,2001-11-04,6,15,Engineer,79358.83,SALARY,False,LOW,ACTIVE
NSB004835,Clifford,White,1988-01-10,1,12,Consultant,48924.33,SALARY,False,HIGH,ACTIVE
NSB004836,John,Doyle,1978-11-22,18,10,Data Analyst,82236.13,INVESTMENTS,False,LOW,INACTIVE
NSB004837,Brian,Hartman,1997-10-26,10,10,Software Engineer,77499.66,PENSION,False,LOW,ACTIVE
NSB004838,Brent,Wilson,1979-02-13,17,15,Teacher,66054.96,SAVINGS,False,MEDIUM,ACTIVE
NSB004839,Stephanie,Keller,1984-11-14,1,4,Nurse,39826.67,INHERITANCE,False,LOW,ACTIVE
NSB004840,Joshua,Porter,1971-04-16,15,1,Architect,92287.17,SAVINGS,False,LOW,INACTIVE
NSB004841,Nicholas,Patterson,1959-03-31,20,20,Doctor,107879.85,INVESTMENTS,False,LOW,ACTIVE
NSB004842,Jaime,Mcdaniel,1999-11-29,20,6,Financial Analyst,74798.08,INHERITANCE,False,LOW,ACTIVE
NSB004843,Brian,Tanner,2000-01-21,10,15,Consultant,98529.6,PENSION,False,HIGH,ACTIVE
NSB004844,Jamie,Crawford,1994-09-17,3,19,Data Analyst,49596.42,INVESTMENTS,False,LOW,ACTIVE
NSB004845,Elizabeth,Kennedy,1958-08-21,15,10,Sales Manager,90775.56,INHERITANCE,False,LOW,ACTIVE
NSB004846,Matthew,Montes,1966-10-25,3,13,Business Owner,238517.51,INHERITANCE,False,LOW,ACTIVE
NSB004847,Bianca,Becker,1958-06-20,16,5,Student,27461.13,PENSION,False,LOW,ACTIVE
NSB004848,Elizabeth,Ortiz,1973-06-04,17,8,Sales Manager,67690.62,INHERITANCE,False,LOW,ACTIVE
NSB004849,Gina,Garcia,1950-01-21,12,6,Teacher,60056.21,SAVINGS,False,LOW,ACTIVE
NSB004850,James,Johnson,1962-07-16,8,18,Sales Manager,127384.62,BUSINESS,False,LOW,ACTIVE
NSB004851,Alexander,Vance,1956-07-31,8,16,Lawyer,133637.16,BUSINESS,True,HIGH,ACTIVE
NSB004852,Ashley,Glover,1954-02-10,6,12,Teacher,56820.95,SAVINGS,False,MEDIUM,ACTIVE
NSB004853,Melissa,Hopkins,1992-08-19,2,7,Software Engineer,71654.52,BUSINESS,False,LOW,ACTIVE
NSB004854,William,Morgan,1979-03-21,13,5,Sales Manager,99740.7,SAVINGS,False,LOW,ACTIVE
NSB004855,Eric,Monroe,1969-09-28,15,10,Architect,61123.26,PENSION,False,MEDIUM,ACTIVE
NSB004856,Patricia,Price,1957-02-17,4,3,Lawyer,114950.02,INHERITANCE,False,LOW,ACTIVE
NSB004857,Heidi,Brewer,1986-04-20,9,11,Engineer,105919.08,INHERITANCE,False,HIGH,ACTIVE
NSB004858,Patricia,Chapman,1986-08-27,18,15,Lawyer,124709.73,INHERITANCE,False,LOW,ACTIVE
NSB004859,Amy,Taylor,1996-05-05,8,15,Architect,51307.47,PENSION,False,MEDIUM,ACTIVE
NSB004860,Vanessa,Ramirez,1940-12-29,14,16,Accountant,88693.26,INHERITANCE,False,LOW,ACTIVE
NSB004861,William,Bean,1947-10-03,6,11,Accountant,39317.3,SAVINGS,False,LOW,ACTIVE
NSB004862,Joyce,Roy,1971-08-19,20,3,Consultant,148202.27,INVESTMENTS,False,LOW,ACTIVE
NSB004863,William,Walsh,1949-06-26,19,15,Business Owner,285316.16,INVESTMENTS,False,LOW,INACTIVE
NSB004864,Victoria,Hood,1978-06-01,1,3,Data Analyst,85239.76,INHERITANCE,False,LOW,ACTIVE
NSB004865,Kathy,Kirk,1974-10-12,9,11,Marketing Manager,89742.04,BUSINESS,False,MEDIUM,ACTIVE
NSB004866,Danielle,Lee,2002-09-10,17,13,Doctor,190080.12,SAVINGS,False,LOW,ACTIVE
NSB004867,William,Doyle,1956-08-01,6,12,Nurse,31361.68,PENSION,False,LOW,ACTIVE
NSB004868,Melissa,Sims,1959-09-18,19,9,Sales Manager,79717.45,SAVINGS,False,LOW,ACTIVE
NSB004869,Brian,Washington,1960-07-17,1,17,Doctor,180017.25,PENSION,False,MEDIUM,ACTIVE
NSB004870,James,Hansen,2002-04-23,11,4,Accountant,87126.12,INVESTMENTS,False,MEDIUM,ACTIVE
NSB004871,Mary,Klein,2004-02-19,14,1,Marketing Manager,119058.21,SAVINGS,False,LOW,ACTIVE
NSB004872,Brian,Brown,1991-07-31,3,3,Business Owner,176243.01,BUSINESS,False,LOW,ACTIVE
NSB004873,Teresa,Castillo,1975-11-29,18,5,Data Analyst,98233.56,PENSION,False,MEDIUM,ACTIVE
NSB004874,Robert,Davis,1956-12-11,16,15,Teacher,61742.76,BUSINESS,False,MEDIUM,ACTIVE
NSB004875,Ashley,Peterson,1957-03-28,17,6,Data Analyst,68225.66,INVESTMENTS,False,LOW,ACTIVE
NSB004876,William,Thomas,1995-10-22,3,8,Sales Manager,77374.82,INVESTMENTS,False,LOW,ACTIVE
NSB004877,Jeffery,Tucker,1994-05-07,3,4,Data Analyst,65185.14,SAVINGS,False,LOW,ACTIVE
NSB004878,Keith,Johnson,1953-07-24,3,19,Consultant,82428.21,PENSION,False,MEDIUM,ACTIVE
NSB004879,Brianna,Hernandez,1963-07-03,1,17,Software Engineer,76385.07,PENSION,False,LOW,ACTIVE
NSB004880,Logan,Barton,1992-09-17,13,14,Financial Analyst,113544.86,INHERITANCE,False,LOW,ACTIVE
NSB004881,Amy,Wilkerson,1994-09-30,9,5,Doctor,169366.24,INVESTMENTS,False,CRITICAL,ACTIVE
NSB004882,Linda,Castro,1974-12-07,7,3,Architect,58048.17,INHERITANCE,False,LOW,ACTIVE
NSB004883,Brian,Baker,1995-04-26,3,19,Consultant,139108.97,SAVINGS,False,HIGH,INACTIVE
NSB004884,Maria,Whitehead,1958-01-16,19,15,Nurse,56539.9,INHERITANCE,False,LOW,ACTIVE
NSB004885,Jennifer,Sanders,1973-10-19,16,14,Business Owner,97958.18,PENSION,False,HIGH,ACTIVE
NSB004886,Janet,Porter,1973-10-17,5,3,Lawyer,111443.93,SALARY,False,MEDIUM,ACTIVE
NSB004887,Elizabeth,Merritt,1988-03-27,3,17,Architect,73239.16,INHERITANCE,False,LOW,ACTIVE
NSB004888,Christy,Obrien,1998-04-13,10,6,Marketing Manager,69026.42,INVESTMENTS,False,LOW,ACTIVE
NSB004889,Tammy,Reed,1941-07-09,16,15,Doctor,120519.29,INVESTMENTS,False,LOW,BLOCKED
NSB004890,John,Mosley,1952-04-14,6,9,Business Owner,208211.65,INVESTMENTS,False,MEDIUM,ACTIVE
NSB004891,Joel,Joseph,1951-03-08,11,2,Consultant,51143.63,INHERITANCE,False,MEDIUM,ACTIVE
NSB004892,Brian,Walker,1989-01-10,17,11,Financial Analyst,107142.13,BUSINESS,False,LOW,ACTIVE
NSB004893,Danielle,Lane,2002-10-16,4,15,Nurse,61302.5,SALARY,False,MEDIUM,ACTIVE
NSB004894,Jessica,Collins,1942-12-24,13,12,Engineer,64708.17,PENSION,False,MEDIUM,ACTIVE
NSB004895,Deborah,Williams,1980-04-23,9,1,Teacher,68687.04,SALARY,False,LOW,ACTIVE
NSB004896,Lisa,Mcclure,1943-06-02,18,8,Teacher,30784.91,BUSINESS,False,LOW,INACTIVE
NSB004897,Elizabeth,Gentry,1998-06-23,13,3,Lawyer,143972.24,SAVINGS,False,LOW,ACTIVE
NSB004898,John,Watkins,1966-05-06,9,8,Consultant,149957.57,INHERITANCE,False,LOW,ACTIVE
NSB004899,Peggy,Delgado,1991-08-20,20,8,Data Analyst,56484.76,BUSINESS,False,LOW,CLOSED
NSB004900,Sabrina,James,1983-10-30,1,3,Software Engineer,58541.55,BUSINESS,False,LOW,ACTIVE
NSB004901,David,Stone,1988-07-21,6,17,Data Analyst,54313.74,INHERITANCE,False,LOW,CLOSED
NSB004902,Michelle,Roberts,1970-03-05,4,14,Business Owner,108739.39,BUSINESS,False,LOW,ACTIVE
NSB004903,Melissa,Yang,1959-04-04,6,16,Financial Analyst,105289.74,PENSION,False,LOW,ACTIVE
NSB004904,Terri,Woods,1990-05-02,7,1,Accountant,56049.6,INHERITANCE,False,LOW,ACTIVE
NSB004905,Nancy,Miller,1951-12-17,12,4,Sales Manager,83453.47,INVESTMENTS,False,LOW,ACTIVE
NSB004906,Ryan,Farrell,2005-12-26,2,19,Doctor,115845.58,INHERITANCE,False,HIGH,ACTIVE
NSB004907,John,Burnett,1973-09-30,15,19,Business Owner,51122.5,SALARY,False,LOW,ACTIVE
NSB004908,Morgan,Scott,1989-02-09,3,14,Architect,66628.85,BUSINESS,False,LOW,ACTIVE
NSB004909,Jeffrey,Smith,1981-07-02,17,11,Software Engineer,65041.72,INVESTMENTS,False,LOW,ACTIVE
NSB004910,Aaron,Wilson,1993-08-10,18,10,Doctor,216731.11,SAVINGS,False,HIGH,ACTIVE
NSB004911,Julie,Smith,1987-07-19,10,15,Student,20739.99,PENSION,False,LOW,ACTIVE
NSB004912,Jose,Carney,1964-08-13,15,12,Consultant,101237.14,SAVINGS,False,LOW,ACTIVE
NSB004913,Christine,Myers,1941-01-06,11,19,Accountant,57152.73,INVESTMENTS,False,LOW,INACTIVE
NSB004914,Amy,Bates,1969-08-29,19,11,Teacher,30747.75,INHERITANCE,False,LOW,ACTIVE
NSB004915,Ricky,Garcia,1941-06-26,8,11,Teacher,30292.23,INHERITANCE,False,LOW,ACTIVE
NSB004916,Carla,Benson,1971-06-20,17,3,Accountant,37137.4,SALARY,False,CRITICAL,DECEASED
NSB004917,Jennifer,Gay,1991-02-08,2,9,Lawyer,136408.52,SALARY,False,HIGH,ACTIVE
NSB004918,Earl,Browning,1998-04-05,13,14,Financial Analyst,102407.82,INVESTMENTS,False,LOW,ACTIVE
NSB004919,Edwin,Simon,1964-03-21,14,6,Marketing Manager,100030.51,INVESTMENTS,False,CRITICAL,ACTIVE
NSB004920,John,Smith,1965-10-29,10,4,Consultant,100283.92,INHERITANCE,False,CRITICAL,ACTIVE
NSB004921,Emma,Bailey,1991-09-25,16,19,Lawyer,155776.6,INVESTMENTS,False,MEDIUM,ACTIVE
NSB004922,Matthew,Glover,1960-10-28,9,18,Sales Manager,92963.72,INHERITANCE,False,MEDIUM,ACTIVE
NSB004923,Erica,Smith,2004-05-28,3,15,Doctor,218380.95,PENSION,False,LOW,ACTIVE
NSB004924,Teresa,Foley,1999-10-26,7,19,Consultant,106817.17,PENSION,False,MEDIUM,ACTIVE
NSB004925,Herbert,Allen,1948-08-19,16,3,Nurse,69467.12,SALARY,False,LOW,ACTIVE
NSB004926,Timothy,Ramirez,1981-01-11,12,4,Architect,74770.51,SAVINGS,False,LOW,ACTIVE
NSB004927,Jeffrey,Perez,1940-09-11,18,20,Doctor,68192.57,INVESTMENTS,False,LOW,ACTIVE
NSB004928,Jason,Powell,1994-05-10,3,20,Financial Analyst,95950.6,BUSINESS,False,LOW,ACTIVE
NSB004929,Joann,Gallegos,1994-11-14,19,16,Financial Analyst,104169.9,INVESTMENTS,False,MEDIUM,ACTIVE
NSB004930,Jared,Wiley,1978-11-09,5,1,Nurse,61433.83,INHERITANCE,False,MEDIUM,ACTIVE
NSB004931,Susan,Ellis,1974-11-22,5,17,Architect,73311.2,SALARY,False,LOW,ACTIVE
NSB004932,Sarah,Vazquez,1977-05-26,13,7,Architect,93557.33,SALARY,False,HIGH,ACTIVE
NSB004933,Gregory,Clark,1964-02-25,17,13,Business Owner,35582.54,PENSION,False,MEDIUM,ACTIVE
NSB004934,Dylan,Mendoza,1990-05-30,16,8,Consultant,123703.29,BUSINESS,False,LOW,ACTIVE
NSB004935,Vernon,Richardson,2005-07-06,17,14,Nurse,68696.9,INHERITANCE,True,MEDIUM,INACTIVE
NSB004936,Raven,Ballard,1983-08-01,19,17,Accountant,45846.28,INVESTMENTS,False,LOW,ACTIVE
NSB004937,Gregg,Winters,1958-01-10,8,13,Sales Manager,104395.75,BUSINESS,False,LOW,ACTIVE
NSB004938,Scott,Boyd,1946-05-02,12,16,Architect,58208.37,PENSION,False,HIGH,ACTIVE
NSB004939,Veronica,Jenkins,1983-10-23,1,12,Sales Manager,99036.0,SAVINGS,False,LOW,ACTIVE
NSB004940,Tyrone,Walker,2003-04-08,13,10,Financial Analyst,75791.67,BUSINESS,False,LOW,ACTIVE
NSB004941,Stephanie,Coleman,1986-04-07,8,2,Teacher,57344.98,INHERITANCE,False,MEDIUM,ACTIVE
NSB004942,Judith,Robinson,1992-08-30,11,11,Consultant,133217.72,BUSINESS,False,CRITICAL,ACTIVE
NSB004943,John,Lee,1971-01-21,8,15,Teacher,50349.89,PENSION,False,MEDIUM,ACTIVE
NSB004944,Claudia,Howell,1949-07-09,2,12,Financial Analyst,76531.76,INHERITANCE,False,LOW,ACTIVE
NSB004945,Jason,Hudson,1972-03-26,9,1,Software Engineer,106785.18,PENSION,False,LOW,ACTIVE
NSB004946,Brenda,Price,1962-11-12,9,12,Architect,63288.77,INVESTMENTS,False,LOW,ACTIVE
NSB004947,Diana,Levine,1956-01-17,10,9,Financial Analyst,100220.65,INVESTMENTS,False,LOW,ACTIVE
NSB004948,Alexander,Anderson,1953-10-07,1,14,Financial Analyst,111188.11,PENSION,False,MEDIUM,ACTIVE
NSB004949,Amanda,Gentry,1971-06-03,17,4,Student,33879.98,BUSINESS,False,LOW,ACTIVE
NSB004950,Nicole,Turner,2002-06-19,6,17,Teacher,66914.32,SALARY,False,LOW,ACTIVE
NSB004951,Tracy,Kane,1980-12-23,20,13,Engineer,59500.3,BUSINESS,False,LOW,ACTIVE
NSB004952,Steven,Thomas,1973-07-16,5,9,Accountant,60997.82,BUSINESS,False,LOW,ACTIVE
NSB004953,Cynthia,Williams,1976-06-15,4,7,Nurse,45427.01,SAVINGS,False,MEDIUM,ACTIVE
NSB004954,Alyssa,Jones,1947-12-23,12,14,Financial Analyst,84347.61,SALARY,False,HIGH,INACTIVE
NSB004955,Jeremy,Munoz,1955-07-20,16,19,Financial Analyst,115510.36,BUSINESS,False,MEDIUM,ACTIVE
NSB004956,Mark,Jones,1946-07-04,8,7,Consultant,95403.88,PENSION,False,LOW,ACTIVE
NSB004957,Amanda,Dyer,1976-11-14,12,7,Architect,92052.45,INHERITANCE,False,HIGH,INACTIVE
NSB004958,Lisa,Johnson,1941-06-06,7,8,Financial Analyst,111034.04,INHERITANCE,False,MEDIUM,ACTIVE
NSB004959,Trevor,Bennett,1957-08-06,4,4,Software Engineer,45751.06,SAVINGS,False,MEDIUM,ACTIVE
NSB004960,Gina,Lane,1979-03-14,13,7,Student,31378.6,SAVINGS,False,LOW,BLOCKED
NSB004961,Monica,Cohen,1945-02-16,3,4,Marketing Manager,119338.62,INVESTMENTS,False,HIGH,ACTIVE
NSB004962,Kathleen,Chan,1995-02-13,6,17,Architect,43317.94,SAVINGS,False,LOW,ACTIVE
NSB004963,Jennifer,Cruz,1948-11-12,5,14,Marketing Manager,54474.51,INHERITANCE,False,LOW,ACTIVE
NSB004964,Meagan,Black,1954-02-13,20,4,Consultant,127737.88,PENSION,False,HIGH,ACTIVE
NSB004965,Brady,Rivera,2001-11-13,2,7,Nurse,47121.81,SAVINGS,False,MEDIUM,ACTIVE
NSB004966,Mary,Johnson,1963-03-20,11,11,Architect,45647.28,INVESTMENTS,False,HIGH,ACTIVE
NSB004967,Kristin,Thomas,1945-09-21,1,20,Sales Manager,41207.69,BUSINESS,False,MEDIUM,ACTIVE
NSB004968,Andrew,Cook,1953-04-08,6,14,Architect,91600.65,INHERITANCE,False,LOW,ACTIVE
NSB004969,Charles,Smith,1978-10-16,7,15,Financial Analyst,97674.82,BUSINESS,False,HIGH,ACTIVE
NSB004970,Laura,Carpenter,1974-08-27,8,18,Engineer,66942.83,PENSION,False,LOW,ACTIVE
NSB004971,Julie,Ford,1961-04-08,10,3,Teacher,43273.7,BUSINESS,False,LOW,BLOCKED
NSB004972,Joy,Meyer,1982-04-19,3,6,Lawyer,68332.62,SAVINGS,False,MEDIUM,ACTIVE
NSB004973,Kimberly,Washington,1948-03-02,18,19,Accountant,65247.35,SAVINGS,False,LOW,ACTIVE
NSB004974,Chris,Hatfield,1944-06-26,3,4,Nurse,53384.43,SAVINGS,False,HIGH,ACTIVE
NSB004975,Eugene,Horne,1990-12-25,3,4,Data Analyst,44262.63,SALARY,False,LOW,ACTIVE
NSB004976,Robert,Ramirez,2005-09-11,10,20,Software Engineer,77951.2,INVESTMENTS,False,MEDIUM,ACTIVE
NSB004977,Linda,Peterson,1964-08-06,14,6,Engineer,113897.23,INVESTMENTS,False,MEDIUM,ACTIVE
NSB004978,Jessica,Morgan,1970-02-12,16,7,Doctor,157131.17,BUSINESS,False,MEDIUM,BLOCKED
NSB004979,Trevor,Deleon,2003-02-26,18,18,Accountant,40691.67,BUSINESS,False,LOW,ACTIVE
NSB004980,Kimberly,Huerta,1999-12-12,18,8,Data Analyst,65612.35,PENSION,False,MEDIUM,ACTIVE
NSB004981,Kara,Smith,1974-01-17,13,1,Nurse,60135.66,SAVINGS,False,LOW,ACTIVE
NSB004982,Laura,Smith,1979-01-21,12,20,Consultant,104155.78,SALARY,False,LOW,ACTIVE
NSB004983,Erica,Olson,1981-12-27,19,9,Business Owner,292156.71,SALARY,False,LOW,ACTIVE
NSB004984,James,Lucas,2004-03-20,3,4,Sales Manager,84596.08,PENSION,False,LOW,CLOSED
NSB004985,Lindsay,Wilson,1997-08-20,2,12,Nurse,65623.11,INVESTMENTS,False,LOW,ACTIVE
NSB004986,Justin,Davis,1947-11-11,20,3,Sales Manager,99575.17,INHERITANCE,False,MEDIUM,ACTIVE
NSB004987,Laura,Singleton,1981-03-15,6,1,Business Owner,137789.21,SAVINGS,False,LOW,ACTIVE
NSB004988,Melvin,Perry,1979-09-19,16,12,Software Engineer,76765.96,SAVINGS,False,LOW,ACTIVE
NSB004989,Christy,Johnson,1947-01-15,8,17,Student,17588.02,BUSINESS,False,LOW,ACTIVE
NSB004990,Margaret,Hayes,1946-12-18,10,7,Lawyer,177631.44,INHERITANCE,False,LOW,ACTIVE
NSB004991,Kathleen,Valentine,2005-02-04,7,19,Data Analyst,81288.77,INVESTMENTS,False,HIGH,ACTIVE
NSB004992,Matthew,Hughes,1962-12-17,18,10,Business Owner,205413.07,PENSION,False,LOW,ACTIVE
NSB004993,Brittany,Valdez,2004-08-18,1,8,Business Owner,150276.72,SALARY,False,MEDIUM,ACTIVE
NSB004994,Phillip,Hanson,1982-02-22,5,2,Business Owner,58661.75,PENSION,False,MEDIUM,ACTIVE
NSB004995,Robert,Walsh,1978-06-21,15,16,Doctor,203432.6,BUSINESS,False,LOW,ACTIVE
NSB004996,Kyle,Beck,1945-06-28,18,17,Nurse,47951.69,PENSION,False,MEDIUM,ACTIVE
NSB004997,Joseph,Page,1999-03-13,10,5,Architect,59011.48,INVESTMENTS,False,MEDIUM,ACTIVE
NSB004998,Edward,Nichols,1981-11-05,3,14,Accountant,72180.03,PENSION,False,MEDIUM,ACTIVE
NSB004999,Eric,Hensley,1983-10-01,6,2,Marketing Manager,80911.01,INHERITANCE,False,MEDIUM,ACTIVE
NSB005000,Kayla,Jackson,1942-05-27,17,11,Accountant,65008.28,INHERITANCE,False,LOW,ACTIVE
NSB005001,Christine,Ali,1968-11-28,15,6,Architect,74388.43,SAVINGS,False,LOW,ACTIVE
NSB005002,Kyle,Hardin,1980-11-29,8,15,Software Engineer,107782.41,PENSION,False,MEDIUM,ACTIVE
NSB005003,Stephen,Woodard,1974-03-10,12,4,Consultant,123950.3,SAVINGS,False,HIGH,ACTIVE
NSB005004,Amanda,Berger,1967-12-03,4,2,Business Owner,94927.36,PENSION,False,HIGH,ACTIVE
NSB005005,Christopher,Parks,1960-08-30,17,1,Engineer,72503.4,BUSINESS,False,LOW,ACTIVE
NSB005006,Sarah,Manning,1992-03-01,20,11,Teacher,34652.15,SALARY,False,LOW,ACTIVE
NSB005007,Kathryn,Todd,1992-02-13,15,4,Marketing Manager,57710.28,PENSION,False,HIGH,ACTIVE
NSB005008,Jennifer,Gomez,1979-11-28,9,5,Doctor,111221.43,BUSINESS,False,LOW,ACTIVE
NSB005009,Theresa,Webb,1954-09-20,7,10,Business Owner,269210.9,PENSION,False,HIGH,ACTIVE
NSB005010,James,Nelson,1989-12-19,4,2,Engineer,90208.74,INHERITANCE,False,LOW,ACTIVE
NSB005011,Tammy,Reynolds,1950-09-02,18,16,Data Analyst,47526.52,SAVINGS,False,LOW,ACTIVE
NSB005012,Benjamin,Obrien,1961-09-20,1,8,Nurse,32254.61,SAVINGS,False,MEDIUM,ACTIVE
NSB005013,Jessica,Nichols,1963-03-09,6,2,Marketing Manager,82335.3,BUSINESS,False,MEDIUM,ACTIVE
NSB005014,Darrell,Barron,2005-03-24,14,16,Marketing Manager,95616.9,SALARY,False,MEDIUM,ACTIVE
NSB005015,Morgan,Hall,1978-12-04,9,11,Financial Analyst,115929.56,INHERITANCE,False,LOW,ACTIVE
NSB005016,Katrina,Maldonado,1999-10-13,4,6,Consultant,59773.14,INVESTMENTS,False,HIGH,ACTIVE
NSB005017,Roberto,Green,1948-03-02,11,4,Accountant,48306.65,INHERITANCE,False,LOW,ACTIVE
NSB005018,John,Haynes,1942-06-01,3,5,Financial Analyst,110175.34,SALARY,True,LOW,ACTIVE
NSB005019,Jamie,Marks,1992-07-10,19,9,Architect,52674.28,SALARY,False,MEDIUM,ACTIVE
NSB005020,Jacob,Smith,1981-06-01,18,10,Architect,66018.62,BUSINESS,False,LOW,ACTIVE
NSB005021,Sean,Stewart,1952-03-17,16,14,Lawyer,100790.93,BUSINESS,False,LOW,ACTIVE
NSB005022,Greg,Fuller,1940-12-28,8,5,Nurse,68053.43,SAVINGS,True,HIGH,ACTIVE
NSB005023,Jason,Franklin,1987-03-30,3,8,Engineer,115064.62,SALARY,False,HIGH,ACTIVE
NSB005024,Austin,Hall,1942-05-28,13,5,Architect,54158.01,SAVINGS,True,CRITICAL,ACTIVE
NSB005025,Emily,Johns,1964-05-31,11,1,Architect,85853.74,INVESTMENTS,False,LOW,ACTIVE
NSB005026,Mary,Horton,1995-04-08,16,7,Software Engineer,110679.95,INHERITANCE,False,LOW,ACTIVE
NSB005027,Sarah,Hoover,1991-07-27,4,8,Teacher,41869.38,PENSION,False,LOW,ACTIVE
NSB005028,Tara,Guerrero,1983-07-21,14,2,Teacher,34885.65,BUSINESS,False,MEDIUM,ACTIVE
NSB005029,Jessica,Robinson,1983-05-17,11,13,Engineer,63826.37,BUSINESS,False,LOW,ACTIVE
NSB005030,Timothy,Rodriguez,1962-02-11,14,7,Financial Analyst,99084.0,PENSION,False,LOW,INACTIVE
NSB005031,Chad,Glass,2005-11-24,14,20,Financial Analyst,69206.04,PENSION,False,HIGH,ACTIVE
NSB005032,Scott,White,2003-05-24,10,9,Software Engineer,102232.21,SALARY,False,LOW,ACTIVE
NSB005033,Helen,Orozco,1991-04-30,5,14,Marketing Manager,49289.38,BUSINESS,False,LOW,ACTIVE
NSB005034,Scott,Clark,1946-02-07,18,6,Sales Manager,121683.69,INHERITANCE,False,CRITICAL,ACTIVE
NSB005035,David,Bailey,1987-12-08,16,1,Architect,82990.03,INVESTMENTS,False,LOW,ACTIVE
NSB005036,Stephen,Brown,1960-08-31,2,20,Data Analyst,85441.79,SALARY,False,LOW,ACTIVE
NSB005037,Nicole,Valencia,1957-01-21,17,10,Data Analyst,61372.19,INVESTMENTS,False,LOW,ACTIVE
NSB005038,Debra,Hartman,1943-08-15,8,1,Data Analyst,74553.6,PENSION,False,LOW,ACTIVE
NSB005039,Catherine,Palmer,1946-03-03,6,12,Lawyer,133723.78,PENSION,False,LOW,ACTIVE
NSB005040,Fernando,Ortega,1984-08-07,18,16,Teacher,38869.68,INHERITANCE,False,LOW,CLOSED
NSB005041,Stephen,Collins,1999-06-27,20,6,Sales Manager,112368.83,SAVINGS,False,LOW,ACTIVE
NSB005042,Michael,Melendez,1983-06-12,15,19,Student,31604.66,INVESTMENTS,False,MEDIUM,ACTIVE
NSB005043,Johnny,Travis,1960-08-11,1,7,Business Owner,201202.59,INVESTMENTS,False,MEDIUM,ACTIVE
NSB005044,Jason,Garcia,1988-04-08,15,7,Architect,67319.88,SALARY,False,LOW,ACTIVE
NSB005045,Tony,Peters,1958-08-23,1,16,Consultant,107129.85,SAVINGS,False,LOW,ACTIVE
NSB005046,Kaitlyn,Lane,1942-10-21,16,10,Teacher,69548.03,SALARY,False,MEDIUM,ACTIVE
NSB005047,Thomas,Manning,1948-04-18,3,17,Consultant,145575.61,SAVINGS,False,LOW,ACTIVE
NSB005048,Alison,Wood,1947-02-05,9,6,Sales Manager,117890.67,INHERITANCE,False,HIGH,ACTIVE
NSB005049,Gerald,Wyatt,1997-02-08,4,6,Doctor,117581.54,BUSINESS,False,LOW,ACTIVE
NSB005050,Jennifer,Cardenas,1946-08-24,2,6,Architect,48826.23,INHERITANCE,False,LOW,ACTIVE
NSB005051,Sean,Drake,1941-04-15,17,13,Student,25401.4,BUSINESS,False,LOW,ACTIVE
NSB005052,Justin,Proctor,2001-06-12,7,18,Teacher,62235.4,SAVINGS,False,MEDIUM,ACTIVE
NSB005053,Kevin,Liu,1967-07-20,2,1,Architect,82369.2,SALARY,False,LOW,ACTIVE
NSB005054,Wendy,Valentine,1996-11-08,2,3,Data Analyst,96945.05,SAVINGS,False,LOW,BLOCKED
NSB005055,Shelly,Jones,1971-07-22,11,18,Engineer,85812.68,PENSION,False,LOW,ACTIVE
NSB005056,Mary,Mcclure,1987-03-03,19,6,Accountant,54955.52,SALARY,False,LOW,ACTIVE
NSB005057,Angela,Hunter,1996-10-12,12,13,Doctor,90087.88,INVESTMENTS,False,MEDIUM,ACTIVE
NSB005058,Jonathan,Perry,1959-02-07,20,15,Architect,87592.75,SAVINGS,False,LOW,ACTIVE
NSB005059,Ricardo,Anderson,1970-03-17,20,18,Nurse,55486.69,INHERITANCE,False,HIGH,ACTIVE
NSB005060,Ryan,Williams,1977-01-28,3,2,Engineer,56357.47,INVESTMENTS,False,MEDIUM,CLOSED
NSB005061,Christina,Riley,1968-08-24,14,9,Nurse,61173.42,SAVINGS,False,LOW,ACTIVE
NSB005062,Emma,Hansen,1989-01-04,3,14,Lawyer,179802.56,SAVINGS,False,LOW,ACTIVE
NSB005063,Kellie,Lowe,1941-09-08,14,6,Accountant,81129.4,BUSINESS,False,LOW,ACTIVE
NSB005064,Danielle,Scott,1955-05-08,18,1,Accountant,42245.36,SALARY,False,MEDIUM,ACTIVE
NSB005065,James,Thompson,1983-06-11,5,3,Student,8477.28,PENSION,False,LOW,ACTIVE
NSB005066,Jason,Williams,2000-01-21,2,16,Business Owner,209246.97,SAVINGS,False,HIGH,ACTIVE
NSB005067,Danielle,Edwards,1957-09-04,17,20,Consultant,139705.39,SALARY,False,LOW,ACTIVE
NSB005068,Sophia,Arellano,1944-12-07,3,17,Nurse,67770.12,INHERITANCE,False,LOW,ACTIVE
NSB005069,Carolyn,Jones,1945-10-19,17,16,Nurse,58820.8,INVESTMENTS,False,HIGH,ACTIVE
NSB005070,Christina,Pennington,1945-09-07,17,16,Architect,82185.12,BUSINESS,False,HIGH,ACTIVE
NSB005071,Jessica,Vazquez,1971-12-31,18,16,Software Engineer,116812.06,SALARY,False,LOW,ACTIVE
NSB005072,Kevin,Perez,1974-10-03,4,9,Data Analyst,98546.13,INVESTMENTS,False,LOW,ACTIVE
NSB005073,Amanda,Palmer,1998-06-16,15,5,Financial Analyst,57606.5,BUSINESS,False,CRITICAL,ACTIVE
NSB005074,Cindy,Walker,1984-08-02,7,12,Accountant,48245.47,BUSINESS,False,MEDIUM,ACTIVE
NSB005075,Janice,Leonard,1971-01-17,20,15,Lawyer,125645.96,SAVINGS,False,LOW,DECEASED
NSB005076,Richard,Rogers,1996-09-24,8,9,Engineer,56587.91,PENSION,False,LOW,ACTIVE
NSB005077,Scott,Johnson,1994-01-07,12,3,Business Owner,102013.87,SALARY,False,LOW,ACTIVE
NSB005078,Olivia,Elliott,1973-04-20,20,7,Nurse,68171.3,PENSION,False,MEDIUM,ACTIVE
NSB005079,Jacob,Salazar,1990-07-30,7,16,Marketing Manager,67431.64,BUSINESS,False,MEDIUM,ACTIVE
NSB005080,Scott,Taylor,1981-11-29,5,4,Teacher,65318.04,PENSION,False,LOW,CLOSED
NSB005081,Randall,Williams,1978-12-29,9,2,Software Engineer,87943.78,SALARY,False,LOW,ACTIVE
NSB005082,Daniel,Ramirez,1992-08-08,14,16,Business Owner,281328.86,PENSION,False,MEDIUM,ACTIVE
NSB005083,Michael,Arnold,1941-06-07,10,14,Business Owner,44353.39,INVESTMENTS,False,LOW,ACTIVE
NSB005084,Colleen,Merritt,2002-11-29,1,16,Lawyer,104842.62,BUSINESS,False,MEDIUM,ACTIVE
NSB005085,Kenneth,King,1954-02-03,14,13,Nurse,33955.45,INVESTMENTS,False,LOW,ACTIVE
NSB005086,Jesse,Bowen,1963-07-05,8,9,Data Analyst,59252.91,INVESTMENTS,False,MEDIUM,INACTIVE
NSB005087,Christopher,Skinner,1986-10-11,20,4,Business Owner,251668.26,SALARY,False,MEDIUM,INACTIVE
NSB005088,Victoria,Ortiz,1967-10-10,17,4,Student,18290.85,INVESTMENTS,False,MEDIUM,ACTIVE
NSB005089,Stacie,Robbins,1992-03-20,6,10,Marketing Manager,91852.89,INHERITANCE,False,LOW,ACTIVE
NSB005090,Mark,Rose,1997-10-20,10,1,Marketing Manager,66155.43,INVESTMENTS,False,MEDIUM,ACTIVE
NSB005091,Joshua,Watson,2002-02-20,17,8,Teacher,61380.93,SAVINGS,False,LOW,ACTIVE
NSB005092,Donna,Cooper,2002-06-24,2,4,Teacher,35773.64,SAVINGS,False,HIGH,INACTIVE
NSB005093,Rita,Carney,1954-10-08,3,20,Accountant,70809.88,SALARY,False,LOW,ACTIVE
NSB005094,Mercedes,Horton,1985-12-18,12,11,Data Analyst,42436.19,PENSION,False,LOW,ACTIVE
NSB005095,Lindsey,Scott,1972-06-23,15,14,Student,17583.56,INVESTMENTS,False,LOW,ACTIVE
NSB005096,Jake,Lara,1969-08-09,16,3,Architect,85613.31,BUSINESS,False,LOW,ACTIVE
NSB005097,Linda,Payne,1971-07-03,6,12,Financial Analyst,112522.27,SALARY,False,MEDIUM,ACTIVE
NSB005098,Robert,Callahan,2005-09-25,12,8,Engineer,101675.41,PENSION,False,MEDIUM,ACTIVE
NSB005099,Willie,Morrison,1942-06-28,15,2,Accountant,78248.26,SALARY,False,LOW,ACTIVE
NSB005100,Christopher,Garcia,1969-08-22,9,5,Business Owner,182786.35,SAVINGS,False,LOW,ACTIVE
NSB005101,Kathryn,Williams,1983-04-01,17,7,Consultant,116742.57,PENSION,False,LOW,ACTIVE
NSB005102,Timothy,Maxwell,1967-11-10,7,6,Engineer,68133.56,SALARY,False,LOW,ACTIVE
NSB005103,Christie,Harris,1959-09-14,3,4,Data Analyst,73054.75,SALARY,False,LOW,ACTIVE
NSB005104,Sarah,Brooks,1959-08-13,8,4,Business Owner,57861.4,BUSINESS,False,LOW,CLOSED
NSB005105,Carrie,Williams,1977-12-06,8,9,Marketing Manager,68513.82,INHERITANCE,False,LOW,ACTIVE
NSB005106,Mark,Ortega,1963-02-19,7,8,Architect,58128.12,INHERITANCE,False,LOW,ACTIVE
NSB005107,Jodi,Moore,1952-02-08,11,6,Sales Manager,45396.37,INVESTMENTS,False,LOW,ACTIVE
NSB005108,Megan,Owens,1963-10-29,2,1,Architect,44791.07,SALARY,False,MEDIUM,INACTIVE
NSB005109,Tracy,Allen,2003-01-26,18,3,Accountant,88829.24,PENSION,False,LOW,ACTIVE
NSB005110,Brittany,Bates,1985-01-03,3,16,Nurse,47670.8,SAVINGS,False,LOW,ACTIVE
NSB005111,Jacqueline,Nelson,1953-04-21,2,12,Doctor,138680.5,SALARY,False,MEDIUM,ACTIVE
NSB005112,Carolyn,Cross,1994-08-04,10,14,Sales Manager,51410.91,SAVINGS,False,MEDIUM,ACTIVE
NSB005113,Hailey,Edwards,2002-06-15,17,6,Financial Analyst,62519.9,SALARY,False,LOW,ACTIVE
NSB005114,Nicole,Wright,1987-07-16,17,18,Doctor,63670.08,PENSION,False,MEDIUM,ACTIVE
NSB005115,Marcus,Padilla,1996-09-28,9,10,Architect,50512.49,BUSINESS,False,LOW,BLOCKED
NSB005116,Daniel,Brown,1958-12-18,19,9,Engineer,75239.17,SALARY,False,HIGH,ACTIVE
NSB005117,Amy,Moore,1956-08-28,13,6,Software Engineer,94140.47,SAVINGS,False,LOW,ACTIVE
NSB005118,Monica,Richardson,1974-03-27,15,16,Doctor,61797.92,SAVINGS,False,LOW,ACTIVE
NSB005119,Christopher,Mckenzie,2006-07-30,18,2,Marketing Manager,61580.05,PENSION,False,LOW,ACTIVE
NSB005120,Patricia,Rodriguez,1982-09-27,10,2,Software Engineer,69903.08,PENSION,False,LOW,ACTIVE
NSB005121,Tanya,Martinez,1951-12-18,14,17,Business Owner,253950.83,BUSINESS,False,MEDIUM,ACTIVE
NSB005122,Sarah,Cruz,1940-11-26,10,2,Architect,98513.54,BUSINESS,False,CRITICAL,ACTIVE
NSB005123,Jennifer,Smith,1983-05-30,12,15,Data Analyst,96431.16,SALARY,False,LOW,INACTIVE
NSB005124,Jonathan,Ferguson,1997-05-31,3,3,Doctor,226493.77,INVESTMENTS,False,LOW,ACTIVE
NSB005125,Jacob,Brown,1970-09-26,12,9,Business Owner,53165.98,INHERITANCE,False,LOW,ACTIVE
NSB005126,Melanie,Rogers,1967-03-11,19,16,Consultant,108242.12,SAVINGS,False,LOW,ACTIVE
NSB005127,Jennifer,Gilbert,1963-09-25,9,11,Architect,41977.68,SALARY,False,MEDIUM,ACTIVE
NSB005128,Michael,Fields,1970-06-27,14,4,Architect,95771.25,SAVINGS,False,MEDIUM,ACTIVE
NSB005129,Angela,Washington,1959-07-25,9,11,Marketing Manager,72820.79,PENSION,False,HIGH,INACTIVE
NSB005130,Zachary,Turner,1950-02-04,14,13,Software Engineer,70779.87,INHERITANCE,False,MEDIUM,ACTIVE
NSB005131,James,Reese,2002-08-24,7,3,Software Engineer,58784.84,INHERITANCE,False,LOW,ACTIVE
NSB005132,Charles,Schmidt,1986-09-06,13,8,Software Engineer,102830.65,PENSION,False,LOW,ACTIVE
NSB005133,Alexandra,Holder,1959-01-07,9,2,Lawyer,99681.66,SAVINGS,False,LOW,ACTIVE
NSB005134,Tyler,Hall,1954-07-04,6,17,Teacher,69810.17,PENSION,False,LOW,ACTIVE
NSB005135,Frank,Pratt,1975-11-29,16,7,Financial Analyst,108140.17,INHERITANCE,False,MEDIUM,ACTIVE
NSB005136,Anne,Torres,1952-11-06,11,20,Business Owner,201991.1,BUSINESS,False,MEDIUM,ACTIVE
NSB005137,Diane,Adams,1942-12-19,18,8,Teacher,30319.39,INHERITANCE,False,LOW,ACTIVE
NSB005138,Daniel,Jefferson,2000-10-19,3,10,Architect,45042.53,BUSINESS,False,LOW,CLOSED
NSB005139,Brandi,Simon,1971-01-31,16,6,Marketing Manager,63462.05,PENSION,False,LOW,ACTIVE
NSB005140,Corey,Mccormick,1947-05-24,11,1,Teacher,46654.31,INHERITANCE,False,LOW,ACTIVE
NSB005141,Sandra,Wright,1983-05-26,4,14,Student,24821.42,INHERITANCE,False,HIGH,ACTIVE
NSB005142,Stacy,Ashley,1957-05-28,8,2,Accountant,49947.66,INVESTMENTS,False,LOW,ACTIVE
NSB005143,Michael,Patterson,1950-02-05,15,18,Teacher,53662.15,INVESTMENTS,False,LOW,ACTIVE
NSB005144,Joseph,Brooks,1965-10-21,19,8,Sales Manager,51695.69,SALARY,False,LOW,BLOCKED
NSB005145,Kelly,Cantrell,1987-11-08,14,6,Doctor,109502.73,INHERITANCE,False,LOW,ACTIVE
NSB005146,Samantha,Montoya,1976-08-05,14,7,Student,18137.51,BUSINESS,False,LOW,ACTIVE
NSB005147,John,Wong,1967-06-29,16,18,Teacher,52532.45,PENSION,False,LOW,ACTIVE
NSB005148,Jeffrey,Anderson,1964-05-09,16,4,Engineer,45145.09,INVESTMENTS,False,MEDIUM,ACTIVE
NSB005149,Tammy,Hernandez,1974-07-05,3,12,Nurse,59726.13,PENSION,False,LOW,ACTIVE
NSB005150,Nancy,Patterson,1946-02-08,8,9,Consultant,109233.87,INHERITANCE,False,LOW,ACTIVE
NSB005151,Ernest,Carpenter,1948-05-15,1,10,Financial Analyst,55356.78,SALARY,False,LOW,ACTIVE
NSB005152,Rebecca,Hawkins,1974-07-28,13,17,Sales Manager,100382.76,SAVINGS,False,LOW,ACTIVE
NSB005153,Patrick,Obrien,1973-11-30,12,12,Doctor,209239.68,SALARY,False,LOW,INACTIVE
NSB005154,James,Rogers,1984-11-12,18,11,Data Analyst,79250.75,PENSION,False,MEDIUM,ACTIVE
NSB005155,Zachary,George,2001-07-22,20,15,Lawyer,67233.62,BUSINESS,False,HIGH,ACTIVE
NSB005156,Sara,Rose,1983-05-26,17,4,Nurse,43790.92,SALARY,False,LOW,ACTIVE
NSB005157,Timothy,Boone,2002-12-23,12,20,Engineer,49763.63,PENSION,False,LOW,ACTIVE
NSB005158,James,Meyer,1981-06-01,20,4,Software Engineer,73805.76,INHERITANCE,False,LOW,ACTIVE
NSB005159,William,Mayo,1983-06-02,19,3,Sales Manager,111869.06,PENSION,False,LOW,ACTIVE
NSB005160,Michael,Matthews,1959-12-30,10,20,Nurse,30144.01,PENSION,False,LOW,ACTIVE
NSB005161,Cheryl,Ward,1973-11-08,13,20,Business Owner,236616.33,INHERITANCE,False,LOW,ACTIVE
NSB005162,Robin,Lewis,1989-05-19,20,18,Software Engineer,55250.88,BUSINESS,False,MEDIUM,ACTIVE
NSB005163,Becky,Jones,2002-12-08,15,16,Student,29881.96,INHERITANCE,False,LOW,ACTIVE
NSB005164,Carmen,Garcia,1950-08-11,18,13,Consultant,64591.75,INHERITANCE,False,LOW,ACTIVE
NSB005165,Ricky,Holmes,1945-03-18,14,20,Data Analyst,55403.52,INVESTMENTS,True,HIGH,ACTIVE
NSB005166,Elizabeth,Cooper,1952-12-07,13,2,Engineer,102108.91,INVESTMENTS,False,LOW,ACTIVE
NSB005167,Gabriel,Duncan,1991-10-03,2,16,Architect,80887.92,INHERITANCE,False,LOW,ACTIVE
NSB005168,Jerome,Smith,1998-06-05,1,9,Consultant,65822.59,SALARY,False,MEDIUM,ACTIVE
NSB005169,Roberta,Graham,1961-01-22,12,1,Student,13208.23,SAVINGS,False,LOW,ACTIVE
NSB005170,Megan,Baldwin,1980-11-21,6,13,Marketing Manager,66751.79,SALARY,False,CRITICAL,ACTIVE
NSB005171,Cheryl,Wilcox,1980-07-18,17,11,Marketing Manager,117605.25,PENSION,False,MEDIUM,ACTIVE
NSB005172,Hannah,Mendez,1969-01-21,20,5,Business Owner,99450.42,SAVINGS,False,MEDIUM,ACTIVE
NSB005173,Anna,Shepherd,1974-10-25,17,13,Data Analyst,54483.07,SALARY,False,LOW,ACTIVE
NSB005174,Emma,Young,1947-01-12,19,1,Software Engineer,102935.47,SALARY,False,MEDIUM,ACTIVE
NSB005175,Michael,Rivas,1991-06-16,11,4,Student,29709.07,SALARY,False,MEDIUM,ACTIVE
NSB005176,Benjamin,Ponce,1979-04-09,14,18,Sales Manager,69343.07,SAVINGS,False,LOW,ACTIVE
NSB005177,Allison,Peterson,1983-01-22,10,16,Lawyer,154907.2,INHERITANCE,False,LOW,ACTIVE
NSB005178,Mary,Moore,1986-01-14,16,4,Lawyer,168511.2,SALARY,False,LOW,ACTIVE
NSB005179,Kristina,Bennett,2003-02-24,14,12,Accountant,68024.08,SALARY,False,LOW,ACTIVE
NSB005180,Walter,Rocha,1985-05-29,6,16,Nurse,54048.47,SALARY,False,LOW,ACTIVE
NSB005181,Brandi,Contreras,1949-07-01,19,3,Software Engineer,90746.65,INVESTMENTS,False,MEDIUM,ACTIVE
NSB005182,Tiffany,Gomez,1971-03-26,13,11,Business Owner,58432.29,SALARY,False,LOW,ACTIVE
NSB005183,Leon,Smith,1995-12-03,19,15,Accountant,43552.09,INHERITANCE,False,HIGH,BLOCKED
NSB005184,Melissa,Morales,1947-03-15,2,11,Software Engineer,106742.44,INHERITANCE,False,MEDIUM,ACTIVE
NSB005185,Samuel,Webb,1961-01-03,3,1,Data Analyst,55760.45,INVESTMENTS,False,MEDIUM,ACTIVE
NSB005186,Michael,Holloway,1946-10-02,8,17,Marketing Manager,49365.62,SALARY,False,LOW,ACTIVE
NSB005187,Michael,Collins,1950-01-19,17,1,Engineer,102930.06,INHERITANCE,False,MEDIUM,ACTIVE
NSB005188,Cynthia,Townsend,1996-03-21,20,4,Financial Analyst,92827.04,BUSINESS,False,LOW,ACTIVE
NSB005189,William,Collins,1989-03-18,10,10,Teacher,30447.11,INHERITANCE,False,LOW,ACTIVE
NSB005190,Brian,Hardy,1947-08-21,8,11,Financial Analyst,58739.48,PENSION,False,HIGH,ACTIVE
NSB005191,Darren,Burnett,1960-11-22,20,18,Sales Manager,75874.9,PENSION,False,LOW,INACTIVE
NSB005192,Brandon,Chase,1991-09-25,7,16,Sales Manager,56593.57,BUSINESS,False,LOW,ACTIVE
NSB005193,Judy,Phelps,1973-11-14,14,6,Teacher,42096.79,SALARY,False,LOW,ACTIVE
NSB005194,Kirsten,Davis,2005-01-17,13,1,Lawyer,92419.6,SALARY,False,LOW,ACTIVE
NSB005195,Cindy,Moore,1945-07-24,10,13,Nurse,59030.16,PENSION,False,LOW,ACTIVE
NSB005196,Keith,Conner,1990-05-17,6,19,Business Owner,45406.12,PENSION,False,MEDIUM,ACTIVE
NSB005197,Kurt,Moore,1950-08-10,1,2,Nurse,58729.68,INVESTMENTS,False,MEDIUM,ACTIVE
NSB005198,Sharon,Woods,1982-05-06,9,2,Lawyer,156611.14,INHERITANCE,False,LOW,ACTIVE
NSB005199,Eric,Serrano,1995-05-17,19,12,Software Engineer,114075.76,BUSINESS,False,HIGH,ACTIVE
NSB005200,Donna,Pope,1955-08-29,1,4,Student,20333.99,SAVINGS,False,LOW,ACTIVE
NSB005201,Lori,Cooper,1954-04-08,5,13,Doctor,122593.86,BUSINESS,False,LOW,ACTIVE
NSB005202,Paige,Potts,1940-09-08,19,2,Nurse,63657.9,SAVINGS,False,MEDIUM,ACTIVE
NSB005203,Daniel,Richardson,1983-09-10,17,6,Software Engineer,88863.87,SAVINGS,False,LOW,ACTIVE
NSB005204,Thomas,Aguilar,1964-07-16,1,5,Student,25103.99,BUSINESS,False,HIGH,ACTIVE
NSB005205,Tracey,Bush,1973-11-20,18,8,Engineer,107746.48,INHERITANCE,False,MEDIUM,ACTIVE
NSB005206,Lisa,Turner,1979-08-05,15,3,Doctor,129770.95,PENSION,False,LOW,ACTIVE
NSB005207,Nicole,Cooper,1976-06-02,4,2,Architect,56791.52,SALARY,False,LOW,ACTIVE
NSB005208,Danny,Spencer,1983-10-11,8,14,Software Engineer,102303.88,BUSINESS,False,LOW,INACTIVE
NSB005209,Earl,Harvey,1977-03-14,9,15,Financial Analyst,90839.84,BUSINESS,False,HIGH,INACTIVE
NSB005210,Matthew,Bowman,1982-11-18,16,10,Student,10354.19,INVESTMENTS,False,LOW,ACTIVE
NSB005211,Thomas,Charles,1989-12-07,17,3,Nurse,56682.34,SAVINGS,False,LOW,ACTIVE
NSB005212,William,Rivera,1941-07-27,16,20,Financial Analyst,73888.21,INVESTMENTS,False,MEDIUM,ACTIVE
NSB005213,Emily,Johnson,1946-02-09,19,12,Consultant,88760.28,SAVINGS,False,MEDIUM,ACTIVE
NSB005214,Matthew,Mclaughlin,2000-10-17,9,17,Accountant,60293.18,SALARY,False,LOW,ACTIVE
NSB005215,John,Hurst,2000-03-27,10,18,Sales Manager,93857.18,INVESTMENTS,False,MEDIUM,ACTIVE
NSB005216,Derek,Bowman,1941-05-28,7,18,Software Engineer,83908.3,SALARY,False,LOW,ACTIVE
NSB005217,Pamela,Anderson,1999-06-03,15,16,Consultant,147673.15,BUSINESS,False,MEDIUM,ACTIVE
NSB005218,Eric,Chandler,1999-10-26,15,13,Data Analyst,86480.47,SAVINGS,False,HIGH,ACTIVE
NSB005219,Jennifer,Gutierrez,1962-09-25,17,18,Business Owner,99696.36,SALARY,False,LOW,ACTIVE
NSB005220,Colleen,Alexander,1982-05-20,7,8,Nurse,60578.29,BUSINESS,False,LOW,ACTIVE
NSB005221,Nicholas,Patterson,1965-04-29,15,2,Teacher,50429.67,SALARY,False,MEDIUM,ACTIVE
NSB005222,Shane,Smith,1949-11-24,7,1,Marketing Manager,108878.06,PENSION,False,LOW,ACTIVE
NSB005223,Jerry,Price,2002-04-14,5,16,Sales Manager,83836.8,SAVINGS,False,LOW,DECEASED
NSB005224,Ashley,Beltran,1982-09-01,7,15,Accountant,73377.81,BUSINESS,False,LOW,ACTIVE
NSB005225,John,Moore,2000-06-07,18,10,Teacher,52973.34,BUSINESS,False,LOW,INACTIVE
NSB005226,Justin,Calderon,2003-01-27,1,9,Business Owner,219896.66,PENSION,False,HIGH,ACTIVE
NSB005227,Ray,Barrett,1942-10-14,12,16,Data Analyst,87778.54,PENSION,False,LOW,ACTIVE
NSB005228,Carrie,Estrada,1955-07-19,16,20,Engineer,98696.76,INVESTMENTS,False,LOW,ACTIVE
NSB005229,Austin,Williams,1993-09-18,16,17,Teacher,30876.92,PENSION,False,LOW,ACTIVE
NSB005230,Manuel,Patterson,1993-08-18,19,20,Consultant,61906.28,SAVINGS,False,LOW,ACTIVE
NSB005231,Connor,Garner,1948-08-07,3,9,Lawyer,170692.71,INVESTMENTS,False,LOW,ACTIVE
NSB005232,Stephanie,Knox,1991-03-22,20,8,Financial Analyst,75595.32,SAVINGS,False,MEDIUM,ACTIVE
NSB005233,Frederick,Kennedy,1995-08-11,5,3,Architect,63423.61,SALARY,False,LOW,ACTIVE
NSB005234,Erin,Diaz,1980-04-05,20,14,Doctor,216201.22,INHERITANCE,False,MEDIUM,ACTIVE
NSB005235,Daniel,Gardner,1953-12-28,12,2,Sales Manager,55104.24,SAVINGS,False,LOW,ACTIVE
NSB005236,Jason,Martinez,1951-05-28,14,13,Software Engineer,68127.29,SAVINGS,False,LOW,ACTIVE
NSB005237,Christina,Perry,2006-03-26,7,8,Nurse,38484.86,INVESTMENTS,False,LOW,ACTIVE
NSB005238,Carol,Jimenez,1978-09-01,18,16,Financial Analyst,66422.94,INHERITANCE,False,LOW,INACTIVE
NSB005239,Christine,Smith,1946-06-03,12,2,Nurse,45559.24,SAVINGS,False,LOW,ACTIVE
NSB005240,Andrea,Roman,1949-02-19,1,10,Financial Analyst,47656.41,INHERITANCE,False,HIGH,ACTIVE
NSB005241,Nicole,Wilkerson,1962-01-29,13,4,Consultant,46917.01,BUSINESS,False,MEDIUM,ACTIVE
NSB005242,Elizabeth,Newman,1977-05-02,17,15,Doctor,132016.55,INHERITANCE,False,LOW,ACTIVE
NSB005243,Ashley,Zimmerman,1954-09-02,16,8,Nurse,43067.75,PENSION,False,LOW,ACTIVE
NSB005244,Derek,Kelly,1952-10-24,4,4,Teacher,49303.05,INVESTMENTS,False,MEDIUM,ACTIVE
NSB005245,Deborah,Kelly,1943-07-09,1,18,Lawyer,161380.33,BUSINESS,False,LOW,ACTIVE
NSB005246,Jason,Williams,1992-05-25,8,15,Student,30955.44,SALARY,False,MEDIUM,ACTIVE
NSB005247,Larry,Thompson,1959-04-14,20,15,Doctor,73748.76,INHERITANCE,False,LOW,ACTIVE
NSB005248,Cody,Garcia,1970-06-17,8,5,Financial Analyst,115619.74,SALARY,False,MEDIUM,ACTIVE
NSB005249,William,Dean,1966-04-01,16,7,Accountant,76331.12,PENSION,False,LOW,ACTIVE
NSB005250,Megan,Stevens,1942-09-16,15,8,Financial Analyst,67383.99,SALARY,False,LOW,ACTIVE
NSB005251,Teresa,Scott,1958-02-03,11,2,Software Engineer,56305.17,INHERITANCE,False,HIGH,ACTIVE
NSB005252,Nicole,Davis,1948-04-09,2,4,Sales Manager,50022.18,SALARY,False,MEDIUM,INACTIVE
NSB005253,Jessica,Long,1995-06-13,9,8,Teacher,31457.36,BUSINESS,False,HIGH,ACTIVE
NSB005254,Dawn,Melendez,1976-01-16,18,7,Student,29850.34,PENSION,False,LOW,CLOSED
NSB005255,Joseph,Charles,1960-06-30,13,13,Teacher,47386.37,INVESTMENTS,False,LOW,ACTIVE
NSB005256,Rebekah,Davis,1964-06-16,3,19,Architect,83884.13,SAVINGS,False,LOW,ACTIVE
NSB005257,Nicholas,Anthony,1947-10-22,17,17,Accountant,65198.93,INHERITANCE,False,LOW,ACTIVE
NSB005258,Juan,Velez,1968-07-08,8,9,Software Engineer,76168.91,INHERITANCE,False,LOW,ACTIVE
NSB005259,Elizabeth,Caldwell,1998-10-06,10,7,Student,23229.21,SALARY,False,LOW,ACTIVE
NSB005260,Jennifer,Martinez,1966-05-01,8,10,Engineer,52039.47,SALARY,False,LOW,ACTIVE
NSB005261,Nicholas,Elliott,2000-01-31,11,20,Marketing Manager,74332.14,SALARY,False,HIGH,ACTIVE
NSB005262,Brandi,Tapia,1984-03-15,9,14,Doctor,66867.01,PENSION,False,MEDIUM,ACTIVE
NSB005263,Michael,Martin,1983-06-13,8,19,Nurse,69588.05,SAVINGS,False,LOW,ACTIVE
NSB005264,Glenn,Burns,1956-06-18,11,2,Software Engineer,91395.85,SAVINGS,False,MEDIUM,ACTIVE
NSB005265,Mark,Howe,1964-09-07,10,20,Lawyer,159054.67,PENSION,False,LOW,ACTIVE
NSB005266,Peter,Thompson,1973-04-27,8,20,Student,19517.09,INHERITANCE,False,LOW,ACTIVE
NSB005267,Desiree,Thomas,1974-09-06,14,11,Financial Analyst,93975.04,BUSINESS,False,MEDIUM,CLOSED
NSB005268,Jeremy,Phillips,2005-04-21,12,9,Software Engineer,73492.39,PENSION,False,MEDIUM,INACTIVE
NSB005269,Annette,Alexander,1986-03-10,11,9,Accountant,58986.13,PENSION,False,LOW,ACTIVE
NSB005270,Rick,Bell,1980-12-27,1,9,Sales Manager,102222.37,INHERITANCE,False,LOW,ACTIVE
NSB005271,Katherine,Jefferson,1953-02-04,13,6,Sales Manager,123952.31,BUSINESS,False,LOW,ACTIVE
NSB005272,Sarah,Jones,1975-09-17,12,14,Engineer,48304.23,INVESTMENTS,False,MEDIUM,ACTIVE
NSB005273,Greg,Beasley,2001-09-24,18,8,Marketing Manager,65665.24,PENSION,False,MEDIUM,ACTIVE
NSB005274,Greg,Hall,1954-12-03,6,1,Doctor,155348.33,INHERITANCE,False,LOW,ACTIVE
NSB005275,Andrew,Erickson,1977-01-31,18,12,Engineer,82457.78,INHERITANCE,False,LOW,ACTIVE
NSB005276,Thomas,Martinez,1993-02-12,6,7,Consultant,127997.33,INHERITANCE,False,LOW,ACTIVE
NSB005277,Alan,Love,1974-05-14,20,9,Marketing Manager,80822.88,SAVINGS,False,LOW,ACTIVE
NSB005278,Katie,Nichols,1947-03-03,20,12,Data Analyst,47099.3,PENSION,False,MEDIUM,ACTIVE
NSB005279,Nicholas,Newton,1963-03-12,12,19,Accountant,73445.56,SAVINGS,False,LOW,ACTIVE
NSB005280,Nathaniel,Sandoval,1995-01-15,4,3,Nurse,35161.64,PENSION,False,HIGH,ACTIVE
NSB005281,Emily,Jackson,1957-10-03,2,15,Engineer,92350.0,SALARY,False,LOW,ACTIVE
NSB005282,Debra,Wilson,1957-01-13,20,18,Lawyer,123968.06,PENSION,False,LOW,ACTIVE
NSB005283,Danielle,Lopez,1952-05-11,20,13,Nurse,31513.88,BUSINESS,False,MEDIUM,ACTIVE
NSB005284,Alicia,Macias,1969-02-04,10,14,Architect,93246.21,BUSINESS,False,MEDIUM,ACTIVE
NSB005285,Eric,Bentley,1994-12-02,18,10,Doctor,99951.36,SALARY,False,LOW,ACTIVE
NSB005286,Michael,Ashley,1952-02-02,5,13,Lawyer,133683.51,PENSION,False,LOW,ACTIVE
NSB005287,Jared,Hood,1979-06-23,16,16,Architect,41310.8,INVESTMENTS,False,LOW,ACTIVE
NSB005288,Gerald,Smith,1986-02-03,11,13,Engineer,107650.83,INVESTMENTS,False,LOW,INACTIVE
NSB005289,Shawn,Reyes,1980-03-03,11,14,Sales Manager,71656.24,PENSION,False,LOW,ACTIVE
NSB005290,Carrie,Nguyen,1982-12-20,3,2,Doctor,108094.68,BUSINESS,False,MEDIUM,ACTIVE
NSB005291,Theresa,Massey,1980-01-26,5,2,Student,28376.06,INHERITANCE,False,LOW,ACTIVE
NSB005292,Michele,Snyder,1979-12-28,15,12,Lawyer,105552.23,PENSION,False,MEDIUM,INACTIVE
NSB005293,Ryan,Obrien,1999-08-16,15,11,Accountant,72993.81,SALARY,False,HIGH,CLOSED
NSB005294,Jason,Melendez,1958-09-25,8,12,Financial Analyst,112034.07,INHERITANCE,False,LOW,ACTIVE
NSB005295,Timothy,Vargas,1988-12-21,1,10,Financial Analyst,92831.93,PENSION,False,LOW,ACTIVE
NSB005296,Jonathan,Lewis,1981-06-12,15,9,Consultant,147047.74,BUSINESS,False,LOW,ACTIVE
NSB005297,David,Bryant,1974-05-18,18,2,Consultant,105090.61,INHERITANCE,False,MEDIUM,ACTIVE
NSB005298,Janice,Eaton,2002-08-19,5,2,Business Owner,52663.8,PENSION,False,LOW,ACTIVE
NSB005299,Nicole,Moore,2003-01-03,16,13,Accountant,80759.41,SALARY,False,LOW,ACTIVE
NSB005300,Jamie,Nguyen,1972-08-18,3,1,Consultant,138296.5,SALARY,False,HIGH,ACTIVE
NSB005301,Austin,Smith,1965-07-26,13,1,Data Analyst,43370.16,INHERITANCE,False,LOW,ACTIVE
NSB005302,David,Flores,1982-01-11,19,18,Teacher,53007.59,SALARY,False,LOW,INACTIVE
NSB005303,Regina,Rivera,1956-12-27,11,20,Lawyer,52096.03,SAVINGS,False,LOW,ACTIVE
NSB005304,Michael,Hart,1957-08-25,4,13,Consultant,120375.85,INHERITANCE,False,MEDIUM,ACTIVE
NSB005305,Charles,Ibarra,1952-06-17,17,17,Marketing Manager,47086.57,BUSINESS,False,LOW,INACTIVE
NSB005306,Rebecca,Manning,2005-11-16,13,19,Consultant,144849.02,INVESTMENTS,False,LOW,ACTIVE
NSB005307,Michael,Knight,1994-06-03,2,15,Teacher,35373.19,PENSION,False,MEDIUM,ACTIVE
NSB005308,Ralph,Burns,1944-07-13,15,11,Student,19398.26,SAVINGS,False,LOW,ACTIVE
NSB005309,Tonya,Baker,1958-05-07,1,3,Student,9515.23,BUSINESS,False,LOW,CLOSED
NSB005310,Ryan,Robbins,1975-01-16,13,18,Doctor,84117.58,INVESTMENTS,False,MEDIUM,INACTIVE
NSB005311,Linda,Martin,1961-09-22,20,16,Business Owner,256103.05,INHERITANCE,False,LOW,ACTIVE
NSB005312,Julia,Vasquez,1958-10-26,3,15,Financial Analyst,58957.9,SAVINGS,False,HIGH,ACTIVE
NSB005313,Brittany,Clayton,2001-05-03,20,11,Data Analyst,54505.86,PENSION,False,HIGH,CLOSED
NSB005314,Michael,Turner,1941-06-24,17,1,Marketing Manager,67176.91,SAVINGS,False,LOW,ACTIVE
NSB005315,Elizabeth,Vega,2003-07-19,2,9,Student,13516.26,BUSINESS,False,LOW,ACTIVE
NSB005316,Jennifer,Shields,2005-01-25,16,1,Doctor,91526.43,SALARY,False,LOW,ACTIVE
NSB005317,Joshua,Reed,1968-06-02,6,9,Consultant,112717.56,PENSION,False,CRITICAL,ACTIVE
NSB005318,Angela,Jordan,1941-02-19,9,7,Student,32328.01,INVESTMENTS,False,HIGH,ACTIVE
NSB005319,Kelly,Sanchez,1952-03-09,7,10,Software Engineer,110615.02,PENSION,False,MEDIUM,ACTIVE
NSB005320,Francisco,Leach,2003-09-06,18,10,Sales Manager,56468.62,SAVINGS,False,LOW,ACTIVE
NSB005321,Nicole,Harris,1957-06-24,11,12,Sales Manager,48476.52,SALARY,False,LOW,ACTIVE
NSB005322,Wesley,Donovan,1959-02-28,16,12,Business Owner,160350.51,SAVINGS,False,LOW,ACTIVE
NSB005323,Kimberly,Landry,1997-02-17,20,1,Data Analyst,89362.51,PENSION,False,MEDIUM,ACTIVE
NSB005324,Bradley,Richardson,1975-10-01,12,6,Sales Manager,42793.52,BUSINESS,False,MEDIUM,ACTIVE
NSB005325,Joseph,Brown,1991-04-22,19,12,Sales Manager,66895.05,SAVINGS,False,HIGH,ACTIVE
NSB005326,Mary,Henson,1976-04-10,20,8,Lawyer,147009.72,BUSINESS,False,LOW,DECEASED
NSB005327,James,Williams,1941-11-27,3,7,Nurse,69020.2,BUSINESS,False,MEDIUM,ACTIVE
NSB005328,Debbie,Wright,1958-11-13,17,5,Nurse,47227.65,BUSINESS,False,LOW,ACTIVE
NSB005329,Eric,Harrell,1944-04-25,14,1,Student,33129.78,SALARY,False,MEDIUM,ACTIVE
NSB005330,Thomas,Camacho,1969-09-16,4,14,Software Engineer,58253.19,SALARY,False,MEDIUM,ACTIVE
NSB005331,Craig,Miller,1987-09-17,6,20,Doctor,235443.71,PENSION,False,LOW,ACTIVE
NSB005332,Joshua,Jordan,1966-02-01,19,18,Sales Manager,44834.31,SAVINGS,False,LOW,ACTIVE
NSB005333,Kari,Wang,1965-08-16,11,10,Business Owner,223155.72,SAVINGS,False,LOW,ACTIVE
NSB005334,Leah,Nguyen,1978-02-09,17,12,Consultant,75850.66,SALARY,False,LOW,ACTIVE
NSB005335,Phillip,Chapman,1985-08-13,2,13,Nurse,58594.92,INHERITANCE,False,HIGH,ACTIVE
NSB005336,Joseph,Green,1981-05-27,5,18,Data Analyst,59379.96,PENSION,False,LOW,ACTIVE
NSB005337,Tracy,Young,1991-01-02,18,8,Nurse,48130.35,SALARY,False,HIGH,ACTIVE
NSB005338,Wesley,Trujillo,1950-10-03,17,14,Software Engineer,48528.71,BUSINESS,False,LOW,ACTIVE
NSB005339,Cassie,Parker,1954-01-28,8,19,Student,19959.96,INHERITANCE,False,LOW,ACTIVE
NSB005340,Thomas,Campbell,1963-03-21,19,9,Sales Manager,84407.91,INVESTMENTS,False,MEDIUM,ACTIVE
NSB005341,Jodi,Barrera,1946-04-12,6,18,Consultant,45773.46,SAVINGS,False,MEDIUM,ACTIVE
NSB005342,Aaron,Collins,1951-12-21,20,9,Nurse,46603.84,PENSION,False,MEDIUM,ACTIVE
NSB005343,Alexis,Vega,2001-01-05,1,8,Teacher,43127.51,SAVINGS,False,LOW,ACTIVE
NSB005344,Tracey,Cooley,1961-03-10,15,6,Engineer,98263.98,SAVINGS,False,LOW,ACTIVE
NSB005345,Jennifer,Henson,1963-10-01,6,2,Doctor,97797.89,SAVINGS,False,MEDIUM,ACTIVE
NSB005346,Jacqueline,Roberts,2005-11-08,18,12,Marketing Manager,62036.71,PENSION,False,LOW,ACTIVE
NSB005347,Lisa,Martinez,1950-10-14,4,12,Architect,56769.45,INVESTMENTS,False,MEDIUM,ACTIVE
NSB005348,Justin,Mayo,1999-11-28,8,14,Business Owner,64302.13,PENSION,False,MEDIUM,ACTIVE
NSB005349,Tammy,Mcclure,1953-11-16,5,15,Sales Manager,54805.13,INVESTMENTS,False,HIGH,ACTIVE
NSB005350,Ashley,Shaw,1969-10-03,3,10,Financial Analyst,118104.95,SALARY,False,LOW,ACTIVE
NSB005351,Scott,Quinn,1944-11-29,20,1,Marketing Manager,101718.91,SALARY,False,MEDIUM,ACTIVE
NSB005352,Heather,Johnson,1994-10-22,7,16,Teacher,46990.69,BUSINESS,False,HIGH,ACTIVE
NSB005353,Matthew,Singleton,1947-05-07,7,9,Architect,56115.85,SAVINGS,False,CRITICAL,ACTIVE
NSB005354,Timothy,Owen,2005-12-10,15,12,Architect,67614.82,INHERITANCE,False,MEDIUM,ACTIVE
NSB005355,Raymond,Garcia,1953-12-14,14,3,Software Engineer,93220.33,INHERITANCE,False,LOW,ACTIVE
NSB005356,Crystal,Reese,1975-02-20,15,19,Doctor,112289.73,SALARY,False,MEDIUM,ACTIVE
NSB005357,Erin,Greene,1967-09-26,12,8,Architect,59633.7,BUSINESS,False,MEDIUM,ACTIVE
NSB005358,Jasmine,Hunt,1946-06-27,4,15,Data Analyst,51547.66,PENSION,False,LOW,ACTIVE
NSB005359,Christina,Young,1943-05-05,6,17,Financial Analyst,99486.88,SALARY,False,LOW,ACTIVE
NSB005360,William,Mccormick,1945-03-11,11,20,Lawyer,104914.06,SAVINGS,False,LOW,ACTIVE
NSB005361,Michael,Adams,1945-05-12,15,1,Marketing Manager,46755.59,PENSION,False,MEDIUM,ACTIVE
NSB005362,Tammy,Sanchez,1943-08-15,7,15,Nurse,41004.44,SALARY,False,LOW,ACTIVE
NSB005363,Daniel,Reese,1960-04-23,19,8,Financial Analyst,63527.34,BUSINESS,False,LOW,ACTIVE
NSB005364,Shane,Weiss,1970-09-17,12,14,Accountant,57645.08,SAVINGS,False,LOW,ACTIVE
NSB005365,Paul,Bishop,1996-08-05,20,6,Accountant,62469.8,SALARY,False,LOW,ACTIVE
NSB005366,Michele,Vasquez,1985-07-27,5,1,Software Engineer,52234.93,PENSION,False,LOW,ACTIVE
NSB005367,Amy,Neal,1952-10-14,1,19,Architect,58295.58,SALARY,False,LOW,ACTIVE
NSB005368,Jessica,Gordon,2001-12-26,1,7,Lawyer,120353.04,INVESTMENTS,False,LOW,INACTIVE
NSB005369,Michael,Jefferson,1985-12-16,6,5,Engineer,56542.61,BUSINESS,False,LOW,ACTIVE
NSB005370,Joshua,Mcmillan,1997-03-08,8,2,Software Engineer,80313.04,INHERITANCE,False,MEDIUM,ACTIVE
NSB005371,Joshua,Farmer,1967-03-10,18,18,Engineer,111672.32,SAVINGS,True,HIGH,ACTIVE
NSB005372,Rick,Pham,1998-09-09,7,2,Teacher,62728.65,SAVINGS,False,LOW,ACTIVE
NSB005373,Jennifer,Cline,1995-12-25,15,8,Data Analyst,73382.53,PENSION,False,MEDIUM,ACTIVE
NSB005374,Aaron,Jones,1988-11-05,6,18,Business Owner,85839.93,BUSINESS,False,LOW,ACTIVE
NSB005375,Susan,Sims,1978-06-24,10,7,Accountant,52872.98,SAVINGS,False,MEDIUM,INACTIVE
NSB005376,Renee,Ramos,2000-01-11,12,6,Teacher,39672.64,INVESTMENTS,False,LOW,ACTIVE
NSB005377,Linda,Singleton,2005-08-05,12,11,Software Engineer,97068.19,INVESTMENTS,False,LOW,ACTIVE
NSB005378,Carl,Frey,2005-09-30,2,16,Teacher,59465.18,INHERITANCE,False,CRITICAL,ACTIVE
NSB005379,Kenneth,Daniels,1994-08-01,15,16,Data Analyst,93052.15,SAVINGS,False,LOW,ACTIVE
NSB005380,Bonnie,Reyes,1989-06-24,7,4,Consultant,126722.95,SAVINGS,False,LOW,ACTIVE
NSB005381,John,Patel,1941-05-29,3,5,Business Owner,39228.09,SAVINGS,False,LOW,ACTIVE
NSB005382,Madison,Harvey,1987-12-26,18,12,Consultant,138143.46,SALARY,False,LOW,ACTIVE
NSB005383,Alexandra,Olson,1967-04-27,17,4,Teacher,57545.54,INHERITANCE,False,LOW,ACTIVE
NSB005384,Karen,Brown,1967-05-16,15,5,Nurse,68529.78,INHERITANCE,False,LOW,ACTIVE
NSB005385,Joyce,Atkins,1947-04-17,10,19,Marketing Manager,108449.81,PENSION,False,CRITICAL,ACTIVE
NSB005386,Juan,Huber,1942-02-05,13,15,Accountant,47679.71,INHERITANCE,False,MEDIUM,ACTIVE
NSB005387,Mikayla,Steele,1956-01-27,10,19,Student,7819.36,SALARY,False,LOW,ACTIVE
NSB005388,John,Ward,1949-10-07,3,14,Architect,76488.49,PENSION,False,LOW,ACTIVE
NSB005389,Richard,Hale,1983-10-31,9,1,Consultant,127625.38,INVESTMENTS,False,HIGH,ACTIVE
NSB005390,Joshua,Maynard,1999-10-21,2,7,Doctor,181549.11,INVESTMENTS,False,HIGH,ACTIVE
NSB005391,Maurice,Ray,1971-07-13,4,14,Doctor,156627.43,PENSION,False,HIGH,ACTIVE
NSB005392,Natasha,Black,1992-04-06,14,15,Marketing Manager,79716.94,SALARY,False,LOW,BLOCKED
NSB005393,Yolanda,Chan,1951-08-22,9,14,Student,24836.59,SALARY,False,LOW,ACTIVE
NSB005394,Alison,Sanchez,1997-12-12,8,5,Architect,99010.75,BUSINESS,False,LOW,ACTIVE
NSB005395,Ronald,Fischer,1946-08-03,5,3,Business Owner,149362.88,SAVINGS,False,LOW,ACTIVE
NSB005396,Debra,Smith,1997-12-01,12,16,Architect,86530.5,SAVINGS,False,MEDIUM,ACTIVE
NSB005397,Keith,Thompson,1992-01-26,6,19,Financial Analyst,93850.42,INVESTMENTS,False,MEDIUM,ACTIVE
NSB005398,Kimberly,Sullivan,1957-07-02,10,12,Data Analyst,77707.08,INVESTMENTS,False,MEDIUM,ACTIVE
NSB005399,Robert,Dougherty,1977-06-28,3,8,Consultant,115972.05,INVESTMENTS,False,HIGH,ACTIVE
NSB005400,Brittney,Cantrell,1992-07-17,17,12,Marketing Manager,53403.12,INVESTMENTS,False,MEDIUM,ACTIVE
NSB005401,Isaac,Myers,1983-09-23,14,9,Software Engineer,59621.11,PENSION,False,HIGH,ACTIVE
NSB005402,Andrew,Kim,1965-12-07,13,15,Student,18183.57,INVESTMENTS,False,MEDIUM,ACTIVE
NSB005403,Courtney,Dominguez,1990-12-03,11,5,Data Analyst,68204.94,INHERITANCE,False,LOW,ACTIVE
NSB005404,Brad,Watson,1941-09-27,4,12,Accountant,69981.01,SALARY,False,MEDIUM,ACTIVE
NSB005405,Susan,Wright,2002-06-23,20,19,Consultant,133894.41,SAVINGS,False,LOW,ACTIVE
NSB005406,Jeremy,Hudson,1959-05-10,1,20,Marketing Manager,56684.73,INHERITANCE,False,LOW,ACTIVE
NSB005407,Brett,Church,2005-02-09,2,7,Marketing Manager,46660.63,INHERITANCE,False,MEDIUM,ACTIVE
NSB005408,Wesley,Koch,1980-08-03,5,5,Engineer,76168.69,INHERITANCE,False,MEDIUM,ACTIVE
NSB005409,Alexandra,Weber,2005-04-27,10,17,Software Engineer,108300.99,INHERITANCE,False,LOW,ACTIVE
NSB005410,Robin,Yoder,1979-04-19,10,6,Architect,77044.42,SAVINGS,False,LOW,ACTIVE
NSB005411,Timothy,Smith,1977-10-25,13,5,Accountant,40575.85,SAVINGS,False,LOW,ACTIVE
NSB005412,Charles,Lee,2003-01-25,5,2,Marketing Manager,91299.31,BUSINESS,False,LOW,ACTIVE
NSB005413,Elizabeth,Harvey,1990-12-04,8,7,Consultant,125339.3,INHERITANCE,False,MEDIUM,ACTIVE
NSB005414,Alexander,Santiago,1968-11-03,12,5,Sales Manager,103837.49,INVESTMENTS,False,LOW,ACTIVE
NSB005415,Michele,Jones,1988-12-04,1,6,Consultant,98469.5,SALARY,False,LOW,ACTIVE
NSB005416,Carol,Barrera,1975-02-09,13,8,Accountant,71395.34,INHERITANCE,False,LOW,ACTIVE
NSB005417,Ann,Cooper,2006-07-26,2,8,Doctor,225699.8,INHERITANCE,False,LOW,ACTIVE
NSB005418,Jeremiah,Garcia,1973-04-20,15,8,Teacher,35014.01,INHERITANCE,False,LOW,ACTIVE
NSB005419,Jeffrey,Torres,1955-06-18,11,12,Architect,55134.81,BUSINESS,False,LOW,ACTIVE
NSB005420,Aaron,Gonzalez,1960-12-26,9,13,Financial Analyst,106178.51,BUSINESS,False,HIGH,ACTIVE
NSB005421,Micheal,Nichols,1991-08-01,11,20,Student,7616.85,SAVINGS,False,MEDIUM,ACTIVE
NSB005422,Brandon,Johnson,1968-08-15,6,7,Accountant,83653.96,SALARY,False,LOW,ACTIVE
NSB005423,Christopher,Burch,2002-07-31,15,17,Student,28051.29,SAVINGS,False,LOW,CLOSED
NSB005424,Megan,Larson,1959-10-05,16,10,Business Owner,246890.85,INHERITANCE,False,LOW,ACTIVE
NSB005425,Linda,Carr,1981-03-18,5,4,Consultant,77982.11,INVESTMENTS,False,HIGH,ACTIVE
NSB005426,Karen,Lee,1954-12-30,7,16,Accountant,66121.15,SALARY,False,LOW,ACTIVE
NSB005427,Faith,Sloan,1945-07-30,12,12,Accountant,61826.24,INVESTMENTS,False,LOW,ACTIVE
NSB005428,Sharon,Clark,1964-01-22,8,2,Architect,72508.84,BUSINESS,False,LOW,ACTIVE
NSB005429,Richard,Ballard,1995-01-02,13,4,Software Engineer,57028.37,INVESTMENTS,False,LOW,ACTIVE
NSB005430,Jeremy,Johnson,1977-03-19,20,14,Nurse,43098.11,SAVINGS,False,MEDIUM,ACTIVE
NSB005431,Kimberly,Ryan,1997-01-14,10,18,Nurse,59686.01,PENSION,False,LOW,ACTIVE
NSB005432,Johnny,Donaldson,1961-02-16,17,6,Accountant,44924.73,INVESTMENTS,False,LOW,ACTIVE
NSB005433,Patricia,Bell,1979-01-05,8,7,Teacher,34013.51,SAVINGS,False,MEDIUM,ACTIVE
NSB005434,Kevin,Anderson,1961-05-29,17,15,Engineer,87794.87,INHERITANCE,False,MEDIUM,ACTIVE
NSB005435,David,Johnson,1978-10-11,17,4,Data Analyst,96307.03,PENSION,False,LOW,ACTIVE
NSB005436,David,Scott,1958-05-02,5,4,Architect,93655.76,SALARY,False,LOW,ACTIVE
NSB005437,Kevin,Nguyen,1945-03-22,19,10,Student,14137.59,SALARY,False,LOW,ACTIVE
NSB005438,Christian,Taylor,1958-11-05,1,17,Accountant,85428.42,SAVINGS,False,MEDIUM,ACTIVE
NSB005439,James,Garza,1948-04-02,20,1,Lawyer,127966.77,PENSION,False,LOW,ACTIVE
NSB005440,David,Bowman,1971-04-05,11,2,Student,14266.68,BUSINESS,False,MEDIUM,ACTIVE
NSB005441,Kimberly,Hunter,1977-01-30,2,11,Business Owner,270469.81,INHERITANCE,False,MEDIUM,ACTIVE
NSB005442,Victor,Herrera,1969-12-04,12,20,Lawyer,133111.47,BUSINESS,False,LOW,ACTIVE
NSB005443,Mark,Brooks,2005-04-28,16,18,Nurse,67183.86,SAVINGS,False,MEDIUM,ACTIVE
NSB005444,Anna,Nash,1942-08-16,20,13,Marketing Manager,84652.52,INVESTMENTS,False,LOW,ACTIVE
NSB005445,Cody,Gordon,1996-09-16,20,4,Architect,95944.83,INHERITANCE,False,MEDIUM,ACTIVE
NSB005446,Cassidy,Patterson,1976-11-20,11,19,Financial Analyst,52202.45,SAVINGS,False,LOW,ACTIVE
NSB005447,Frank,Smith,1978-12-01,16,7,Lawyer,148823.18,BUSINESS,False,HIGH,ACTIVE
NSB005448,Bradley,Singleton,1945-09-01,3,8,Sales Manager,71646.66,INVESTMENTS,False,LOW,ACTIVE
NSB005449,James,Barrett,1970-10-13,18,4,Consultant,58539.66,INHERITANCE,False,LOW,ACTIVE
NSB005450,Deborah,Fisher,2000-06-10,15,20,Marketing Manager,61362.38,INHERITANCE,False,LOW,ACTIVE
NSB005451,Robert,Garcia,1961-07-12,16,14,Lawyer,129601.43,BUSINESS,False,LOW,ACTIVE
NSB005452,Janice,Vazquez,2003-01-12,2,18,Nurse,37731.1,INHERITANCE,False,HIGH,ACTIVE
NSB005453,Mckenzie,Smith,1968-04-06,10,16,Teacher,42923.82,PENSION,False,LOW,ACTIVE
NSB005454,Arthur,Combs,1971-01-28,6,20,Business Owner,131490.9,INVESTMENTS,False,LOW,ACTIVE
NSB005455,Brianna,Burns,1961-08-07,9,13,Nurse,39770.39,BUSINESS,False,LOW,ACTIVE
NSB005456,Thomas,Jackson,1978-04-05,19,20,Teacher,59788.51,SALARY,True,CRITICAL,ACTIVE
NSB005457,Tanner,Padilla,1978-04-20,6,15,Data Analyst,42013.47,INHERITANCE,False,HIGH,ACTIVE
NSB005458,William,Morales,1945-12-29,16,9,Data Analyst,67301.92,INHERITANCE,False,HIGH,ACTIVE
NSB005459,Nancy,Ross,1966-08-24,18,16,Sales Manager,125430.24,INVESTMENTS,False,MEDIUM,CLOSED
NSB005460,Paul,Shelton,2005-11-12,19,15,Financial Analyst,76859.01,INHERITANCE,False,LOW,BLOCKED
NSB005461,Manuel,Reynolds,1965-08-29,10,4,Marketing Manager,83492.17,BUSINESS,False,LOW,ACTIVE
NSB005462,Jeffrey,Walker,1987-06-02,7,16,Business Owner,124319.3,SAVINGS,False,LOW,ACTIVE
NSB005463,Kelsey,Williams,1999-07-24,9,2,Business Owner,194767.14,BUSINESS,False,LOW,ACTIVE
NSB005464,Brooke,Cox,1975-10-15,6,1,Doctor,178042.11,PENSION,False,LOW,ACTIVE
NSB005465,Jessica,Ritter,1952-08-10,8,6,Engineer,88831.91,SAVINGS,False,LOW,ACTIVE
NSB005466,Toni,Townsend,1960-06-08,8,3,Teacher,63951.85,BUSINESS,False,LOW,ACTIVE
NSB005467,Amanda,Powell,1956-09-09,20,20,Accountant,63733.68,PENSION,False,LOW,BLOCKED
NSB005468,Robert,Evans,1980-06-19,15,3,Financial Analyst,106355.04,PENSION,False,MEDIUM,ACTIVE
NSB005469,Alexis,Jenkins,1985-08-09,8,9,Architect,68493.76,SAVINGS,True,MEDIUM,CLOSED
NSB005470,Heather,Walker,1976-05-15,16,4,Sales Manager,57121.54,SAVINGS,False,LOW,ACTIVE
NSB005471,Austin,Kim,2006-05-10,11,8,Nurse,45998.53,PENSION,False,LOW,ACTIVE
NSB005472,Jill,Bush,2004-04-29,3,5,Data Analyst,46074.01,INVESTMENTS,False,LOW,ACTIVE
NSB005473,Ethan,Calderon,1951-12-07,8,18,Financial Analyst,54384.02,INHERITANCE,False,MEDIUM,ACTIVE
NSB005474,Melissa,Myers,2005-02-13,7,17,Marketing Manager,102030.37,SALARY,False,LOW,ACTIVE
NSB005475,Joseph,Huerta,2003-01-16,2,19,Software Engineer,67998.65,BUSINESS,False,HIGH,ACTIVE
NSB005476,Abigail,Morris,1959-02-07,16,14,Student,20155.94,PENSION,False,LOW,BLOCKED
NSB005477,Debra,Roberts,2005-04-17,9,1,Data Analyst,83879.18,SALARY,False,LOW,ACTIVE
NSB005478,Gary,Jones,1967-11-06,9,16,Marketing Manager,99716.79,SALARY,False,MEDIUM,ACTIVE
NSB005479,Theresa,Vargas,1955-07-20,4,1,Software Engineer,66578.95,BUSINESS,False,LOW,ACTIVE
NSB005480,Sandra,Castro,1994-11-18,13,5,Software Engineer,75137.9,INVESTMENTS,False,LOW,INACTIVE
NSB005481,Julia,Mitchell,1985-04-20,18,15,Engineer,119616.01,INHERITANCE,False,LOW,ACTIVE
NSB005482,Amanda,Meyers,1942-07-28,5,20,Consultant,74680.39,BUSINESS,False,LOW,ACTIVE
NSB005483,Christopher,Herrera,2000-06-14,17,2,Software Engineer,62838.6,SAVINGS,False,LOW,ACTIVE
NSB005484,Jessica,Williams,1943-08-21,1,13,Doctor,165613.13,BUSINESS,False,MEDIUM,ACTIVE
NSB005485,Craig,Finley,1956-12-03,1,7,Architect,63990.13,SAVINGS,False,HIGH,BLOCKED
NSB005486,Joshua,Steele,1980-04-17,8,12,Doctor,172879.83,PENSION,False,HIGH,ACTIVE
NSB005487,Jennifer,Miller,2004-03-17,11,1,Business Owner,74764.23,SALARY,False,LOW,ACTIVE
NSB005488,Alexis,King,1973-01-12,12,11,Business Owner,195887.64,INHERITANCE,False,LOW,ACTIVE
NSB005489,Laura,Collins,1940-11-02,9,2,Engineer,87739.05,PENSION,False,HIGH,ACTIVE
NSB005490,Eric,Wright,1998-07-29,16,1,Accountant,54282.48,SAVINGS,False,LOW,ACTIVE
NSB005491,David,Gibbs,1975-09-18,19,2,Consultant,81727.32,PENSION,False,MEDIUM,ACTIVE
NSB005492,Angela,Wright,1975-04-28,10,5,Financial Analyst,49271.61,BUSINESS,False,MEDIUM,ACTIVE
NSB005493,Curtis,Roth,1945-04-06,18,9,Consultant,84146.48,SAVINGS,False,MEDIUM,ACTIVE
NSB005494,Matthew,Garcia,1979-12-04,7,3,Engineer,114869.7,SALARY,False,LOW,ACTIVE
NSB005495,Alicia,Mcdaniel,1978-09-02,14,7,Accountant,75321.36,BUSINESS,False,LOW,ACTIVE
NSB005496,Jeffrey,Lucas,1969-01-29,1,17,Accountant,81194.59,INVESTMENTS,False,LOW,ACTIVE
NSB005497,John,Malone,1973-04-04,18,20,Accountant,61260.82,BUSINESS,True,HIGH,ACTIVE
NSB005498,Stephen,Martinez,2000-06-17,9,18,Accountant,53712.82,SALARY,False,LOW,ACTIVE
NSB005499,Michael,Reid,1969-02-05,7,8,Marketing Manager,54961.37,PENSION,False,MEDIUM,ACTIVE
NSB005500,Kevin,Reed,1997-11-18,10,18,Consultant,138946.05,INHERITANCE,False,MEDIUM,ACTIVE
NSB005501,Whitney,Wilkerson,2002-02-09,19,5,Financial Analyst,113909.0,BUSINESS,False,LOW,ACTIVE
NSB005502,Terri,Page,1998-05-27,19,5,Doctor,134111.01,SALARY,False,LOW,ACTIVE
NSB005503,Cynthia,Smith,1952-05-08,10,6,Architect,99723.31,BUSINESS,False,HIGH,ACTIVE
NSB005504,Patricia,Howell,1941-11-01,8,5,Student,8530.92,PENSION,False,MEDIUM,ACTIVE
NSB005505,Gregory,Patel,1975-04-20,4,4,Architect,79707.56,SALARY,False,MEDIUM,ACTIVE
NSB005506,Kyle,Frazier,1945-08-15,20,10,Lawyer,176719.37,BUSINESS,False,MEDIUM,ACTIVE
NSB005507,Jessica,Torres,1964-05-07,2,20,Doctor,158605.24,INHERITANCE,False,LOW,ACTIVE
NSB005508,Lisa,Thomas,1975-10-08,18,11,Data Analyst,82940.67,PENSION,False,CRITICAL,ACTIVE
NSB005509,Emily,Johnson,1982-11-17,5,8,Business Owner,82146.64,PENSION,False,LOW,INACTIVE
NSB005510,Melissa,Stafford,1949-02-22,2,15,Nurse,59924.84,INHERITANCE,False,MEDIUM,ACTIVE
NSB005511,Andrew,Herrera,2006-08-07,15,1,Teacher,54111.32,PENSION,False,LOW,ACTIVE
NSB005512,Anthony,Garcia,1947-01-15,6,13,Engineer,57732.59,INHERITANCE,False,MEDIUM,ACTIVE
NSB005513,David,Sims,1975-09-12,14,3,Lawyer,175510.15,BUSINESS,False,MEDIUM,ACTIVE
NSB005514,April,Shaffer,2002-01-18,11,2,Software Engineer,56886.46,PENSION,False,HIGH,ACTIVE
NSB005515,Katherine,Rogers,1982-11-08,7,6,Student,34168.96,INVESTMENTS,False,LOW,ACTIVE
NSB005516,Richard,Long,1953-11-17,1,13,Data Analyst,41492.04,SALARY,False,LOW,ACTIVE
NSB005517,Debbie,Morse,1963-01-28,8,16,Architect,52063.91,SAVINGS,False,MEDIUM,ACTIVE
NSB005518,Lindsey,Santos,1944-04-27,9,5,Lawyer,110304.35,BUSINESS,False,LOW,ACTIVE
NSB005519,Crystal,Williams,1984-07-08,16,10,Sales Manager,79892.05,INHERITANCE,False,LOW,ACTIVE
NSB005520,Monica,Li,1943-01-11,19,12,Doctor,126929.73,INHERITANCE,False,LOW,ACTIVE
NSB005521,Zachary,Bryan,1963-01-10,6,17,Student,33832.6,INHERITANCE,False,LOW,CLOSED
NSB005522,Jasmine,Montoya,1955-05-11,10,9,Financial Analyst,98911.44,SALARY,False,HIGH,ACTIVE
NSB005523,Kari,Chavez,1948-04-24,1,18,Doctor,160861.67,SALARY,False,MEDIUM,ACTIVE
NSB005524,David,Hill,1969-07-18,20,12,Engineer,78299.85,SAVINGS,False,LOW,ACTIVE
NSB005525,Christopher,Martinez,1947-08-31,8,16,Teacher,65816.03,BUSINESS,False,LOW,ACTIVE
NSB005526,Troy,Hamilton,1958-12-29,5,1,Teacher,33363.4,INHERITANCE,False,HIGH,BLOCKED
NSB005527,Lauren,Gibson,1991-07-28,5,16,Nurse,48752.32,SAVINGS,False,LOW,ACTIVE
NSB005528,Michelle,Franklin,1964-10-19,11,9,Doctor,61282.53,PENSION,False,LOW,ACTIVE
NSB005529,Mary,Middleton,1992-04-23,15,19,Lawyer,150818.92,SAVINGS,False,LOW,BLOCKED
NSB005530,Angel,Blair,1956-12-02,11,10,Business Owner,55260.32,BUSINESS,False,MEDIUM,ACTIVE
NSB005531,Cynthia,Hughes,1986-02-08,18,6,Teacher,31220.99,INVESTMENTS,False,LOW,CLOSED
NSB005532,Tina,Moore,1947-05-16,2,12,Doctor,188865.73,BUSINESS,False,LOW,ACTIVE
NSB005533,Michael,Webb,1986-03-24,6,18,Lawyer,91629.86,INVESTMENTS,False,LOW,ACTIVE
NSB005534,Bradley,Wilson,1978-03-26,18,17,Financial Analyst,92270.24,SALARY,False,LOW,ACTIVE
NSB005535,Jessica,Hill,1981-11-08,13,3,Software Engineer,78743.91,INVESTMENTS,False,LOW,ACTIVE
NSB005536,Edwin,Sloan,1975-01-01,16,12,Lawyer,93279.45,SAVINGS,False,MEDIUM,ACTIVE
NSB005537,Nicole,Gregory,1941-06-27,3,6,Business Owner,107043.99,SALARY,False,MEDIUM,ACTIVE
NSB005538,Emily,Rowland,1980-03-22,20,18,Accountant,47781.08,BUSINESS,False,MEDIUM,ACTIVE
NSB005539,Sheila,Meza,1960-06-06,9,7,Financial Analyst,53891.79,SAVINGS,False,LOW,ACTIVE
NSB005540,Aaron,Grant,1946-10-12,7,14,Nurse,47912.54,SALARY,False,LOW,ACTIVE
NSB005541,Tami,Haas,1980-11-04,12,18,Teacher,38378.3,PENSION,False,MEDIUM,ACTIVE
NSB005542,Andrew,Johnson,1991-06-06,16,3,Consultant,48338.35,PENSION,False,LOW,ACTIVE
NSB005543,Billy,Clayton,1979-10-03,6,18,Financial Analyst,69732.75,SALARY,False,MEDIUM,ACTIVE
NSB005544,Casey,Jackson,1992-06-14,11,13,Nurse,66779.46,INHERITANCE,False,LOW,ACTIVE
NSB005545,Kim,Hoffman,1963-04-22,3,2,Business Owner,285893.43,SALARY,False,LOW,ACTIVE
NSB005546,Ryan,Jones,1952-03-17,14,17,Marketing Manager,108518.92,INVESTMENTS,False,MEDIUM,ACTIVE
NSB005547,Jeffrey,Norton,1991-04-09,10,11,Software Engineer,103440.35,SALARY,False,MEDIUM,ACTIVE
NSB005548,Kathleen,Watson,1954-02-11,1,13,Consultant,61865.32,PENSION,False,LOW,ACTIVE
NSB005549,Melissa,Miller,1995-09-07,2,18,Accountant,62769.4,BUSINESS,False,LOW,ACTIVE
NSB005550,Brian,Taylor,1944-12-05,20,9,Marketing Manager,58482.93,INVESTMENTS,False,LOW,ACTIVE
NSB005551,Jacob,Roberts,1954-04-26,8,14,Data Analyst,86720.06,INVESTMENTS,False,MEDIUM,ACTIVE
NSB005552,Kathleen,Pace,1973-10-21,1,17,Student,7353.49,SAVINGS,False,LOW,ACTIVE
NSB005553,Michael,Jenkins,1982-05-28,14,4,Engineer,51238.91,BUSINESS,False,MEDIUM,ACTIVE
NSB005554,Stephanie,Simon,1978-04-12,11,14,Financial Analyst,62250.6,INHERITANCE,False,MEDIUM,ACTIVE
NSB005555,Rachel,Powers,1942-05-03,5,7,Student,9494.54,PENSION,False,LOW,ACTIVE
NSB005556,Brett,Bennett,1969-12-23,4,6,Accountant,37007.58,SALARY,False,LOW,ACTIVE
NSB005557,Heidi,Moody,1942-06-16,6,6,Architect,63667.5,SALARY,False,MEDIUM,ACTIVE
NSB005558,Stephanie,Duffy,2004-09-28,8,2,Architect,56276.27,INVESTMENTS,False,MEDIUM,INACTIVE
NSB005559,Scott,Lewis,1988-06-30,9,5,Financial Analyst,74770.06,BUSINESS,False,LOW,ACTIVE
NSB005560,Jessica,Martinez,1967-07-17,12,15,Sales Manager,51659.64,INVESTMENTS,False,MEDIUM,ACTIVE
NSB005561,Matthew,Gutierrez,1985-03-03,10,9,Marketing Manager,62671.01,BUSINESS,False,MEDIUM,ACTIVE
NSB005562,Julie,Nguyen,1942-05-01,18,13,Teacher,31482.16,INVESTMENTS,False,HIGH,ACTIVE
NSB005563,Tanya,Johnson,1944-08-30,20,1,Engineer,80627.31,BUSINESS,False,LOW,ACTIVE
NSB005564,Glenda,Meyer,1980-09-05,15,3,Accountant,60538.85,BUSINESS,False,LOW,ACTIVE
NSB005565,Melanie,Lamb,1996-03-21,3,6,Student,30735.16,PENSION,False,LOW,ACTIVE
NSB005566,Tiffany,Davila,1946-10-14,12,2,Software Engineer,113778.84,PENSION,False,MEDIUM,ACTIVE
NSB005567,Travis,Cook,1960-12-13,7,16,Business Owner,76822.07,SALARY,False,LOW,ACTIVE
NSB005568,Andrew,Lee,2000-05-05,19,3,Marketing Manager,106922.94,SAVINGS,False,LOW,ACTIVE
NSB005569,Sandra,Cook,1961-05-21,6,5,Business Owner,222713.96,SAVINGS,False,MEDIUM,ACTIVE
NSB005570,Jennifer,Luna,1956-03-29,16,17,Lawyer,168976.65,SAVINGS,False,MEDIUM,CLOSED
NSB005571,Cynthia,Gibson,1944-03-31,14,16,Accountant,57610.75,SALARY,False,LOW,ACTIVE
NSB005572,Jeanne,Bean,1949-01-14,9,7,Data Analyst,57224.34,SAVINGS,False,LOW,ACTIVE
NSB005573,Jennifer,Lewis,1988-04-22,2,14,Business Owner,74600.79,INVESTMENTS,False,LOW,ACTIVE
NSB005574,Edward,Williamson,1953-02-22,14,12,Data Analyst,72602.99,SALARY,False,LOW,ACTIVE
NSB005575,Gary,Walker,1955-01-31,9,17,Sales Manager,68097.61,INVESTMENTS,False,LOW,ACTIVE
NSB005576,Trevor,Pham,1970-04-17,16,6,Accountant,36052.35,INHERITANCE,False,LOW,ACTIVE
NSB005577,Allison,Leblanc,1944-10-19,18,1,Doctor,146770.36,SALARY,False,LOW,ACTIVE
NSB005578,Charles,Johnson,1970-06-06,11,3,Business Owner,62118.5,BUSINESS,True,HIGH,ACTIVE
NSB005579,Curtis,Jones,1976-10-04,7,10,Architect,49329.56,INHERITANCE,False,LOW,ACTIVE
NSB005580,Tanya,Schmitt,1997-11-30,2,7,Accountant,47793.32,INHERITANCE,False,MEDIUM,ACTIVE
NSB005581,Jessica,Cantrell,1962-06-29,11,2,Financial Analyst,89252.7,INHERITANCE,False,LOW,ACTIVE
NSB005582,Jessica,Myers,1950-01-03,12,16,Architect,81094.84,INVESTMENTS,False,MEDIUM,CLOSED
NSB005583,Lisa,Deleon,1956-06-30,5,7,Business Owner,167133.07,SALARY,False,LOW,ACTIVE
NSB005584,Steven,Harmon,1962-03-09,20,5,Engineer,115036.99,INVESTMENTS,False,HIGH,ACTIVE
NSB005585,Catherine,Erickson,1947-03-01,3,17,Accountant,76398.98,SAVINGS,False,MEDIUM,ACTIVE
NSB005586,Alyssa,Gutierrez,1971-04-07,1,16,Software Engineer,97206.26,INVESTMENTS,False,LOW,ACTIVE
NSB005587,Patrick,Sanchez,2000-06-09,20,14,Marketing Manager,92148.24,INHERITANCE,False,MEDIUM,ACTIVE
NSB005588,Rita,Murray,1980-02-13,13,4,Data Analyst,49306.77,SALARY,False,HIGH,ACTIVE
NSB005589,Justin,Hall,1967-09-18,19,1,Sales Manager,89896.8,INHERITANCE,False,LOW,INACTIVE
NSB005590,Karen,Frost,1953-04-08,12,20,Lawyer,162193.51,BUSINESS,False,LOW,ACTIVE
NSB005591,Jennifer,Wright,1958-10-21,7,2,Financial Analyst,115983.97,BUSINESS,False,LOW,ACTIVE
NSB005592,Rebecca,Mccann,1989-11-23,14,3,Student,14007.21,INHERITANCE,False,LOW,ACTIVE
NSB005593,Samantha,Grant,1970-12-19,3,16,Consultant,98779.09,PENSION,False,MEDIUM,ACTIVE
NSB005594,Daniel,Ward,1991-11-04,4,18,Architect,40220.11,BUSINESS,False,LOW,ACTIVE
NSB005595,Jeffrey,Brown,2005-06-24,14,14,Financial Analyst,51223.3,INVESTMENTS,False,MEDIUM,ACTIVE
NSB005596,Yesenia,Thomas,1996-12-24,6,8,Accountant,44531.55,PENSION,False,MEDIUM,ACTIVE
NSB005597,John,Sanchez,1967-09-12,1,19,Software Engineer,88315.62,INVESTMENTS,False,LOW,ACTIVE
NSB005598,Brianna,Gordon,1948-03-05,19,15,Marketing Manager,64841.23,SAVINGS,False,LOW,ACTIVE
NSB005599,Lori,Mclean,1952-04-28,4,13,Architect,71561.35,BUSINESS,False,LOW,ACTIVE
NSB005600,Krista,Olson,1987-09-15,14,11,Marketing Manager,85563.26,INVESTMENTS,False,LOW,ACTIVE
NSB005601,Tiffany,Knapp,1945-04-03,16,18,Student,18015.27,PENSION,True,CRITICAL,ACTIVE
NSB005602,Chelsea,Ewing,1996-01-21,1,3,Consultant,109096.48,SALARY,False,LOW,ACTIVE
NSB005603,Julie,Bartlett,1979-06-28,12,19,Sales Manager,88857.98,SALARY,False,LOW,ACTIVE
NSB005604,Christopher,Walter,1981-07-15,9,10,Doctor,71149.16,INHERITANCE,False,MEDIUM,ACTIVE
NSB005605,Hannah,Smith,1984-09-18,12,1,Consultant,68395.59,INVESTMENTS,False,LOW,ACTIVE
NSB005606,Kyle,Thomas,1973-09-10,3,9,Marketing Manager,67723.13,INVESTMENTS,False,MEDIUM,ACTIVE
NSB005607,Jonathan,Wilson,1980-05-16,8,1,Consultant,106284.25,SALARY,False,MEDIUM,ACTIVE
NSB005608,William,Wright,1943-05-30,6,12,Business Owner,50903.41,BUSINESS,False,HIGH,ACTIVE
NSB005609,Michele,Black,1973-02-02,13,7,Teacher,32176.07,BUSINESS,False,LOW,ACTIVE
NSB005610,Nichole,Hensley,1942-09-12,1,14,Nurse,66149.68,INVESTMENTS,False,LOW,CLOSED
NSB005611,John,Garcia,1956-03-01,9,8,Marketing Manager,53355.68,BUSINESS,False,LOW,ACTIVE
NSB005612,Jonathan,Cervantes,1989-01-03,6,8,Data Analyst,71383.13,INHERITANCE,False,MEDIUM,INACTIVE
NSB005613,Whitney,Young,1964-01-25,14,15,Business Owner,164672.21,INVESTMENTS,False,LOW,ACTIVE
NSB005614,Elizabeth,Gomez,1972-02-04,1,17,Student,17976.75,INVESTMENTS,False,LOW,ACTIVE
NSB005615,Virginia,Rogers,1998-01-26,10,13,Architect,61519.26,BUSINESS,False,LOW,ACTIVE
NSB005616,Andrea,Parker,1993-05-28,18,7,Teacher,44856.71,SAVINGS,False,LOW,ACTIVE
NSB005617,Craig,Wilson,1954-12-05,6,13,Student,14244.14,SALARY,False,LOW,ACTIVE
NSB005618,Justin,Howard,1952-03-17,11,3,Data Analyst,50623.09,SAVINGS,False,LOW,ACTIVE
NSB005619,Deanna,White,1947-06-26,4,8,Financial Analyst,101496.81,INVESTMENTS,False,LOW,ACTIVE
NSB005620,Bonnie,Salazar,1951-04-29,2,1,Architect,94642.42,SAVINGS,False,LOW,ACTIVE
NSB005621,Alexander,Brown,1991-07-03,10,6,Financial Analyst,85009.65,PENSION,False,LOW,ACTIVE
NSB005622,Keith,Wu,1979-08-22,7,4,Data Analyst,68447.01,SALARY,False,LOW,ACTIVE
NSB005623,Rachel,Lucero,1983-02-12,10,2,Data Analyst,95336.93,SAVINGS,False,MEDIUM,ACTIVE
NSB005624,Brandon,King,1989-01-03,6,5,Student,19770.38,INVESTMENTS,False,LOW,ACTIVE
NSB005625,Taylor,Blankenship,1957-11-20,9,6,Financial Analyst,94429.39,INVESTMENTS,False,LOW,ACTIVE
NSB005626,Rachel,Jones,1948-02-19,12,2,Consultant,94377.97,SALARY,False,LOW,ACTIVE
NSB005627,Michelle,Johnson,1952-08-11,18,11,Nurse,54145.26,BUSINESS,False,LOW,ACTIVE
NSB005628,Jerry,Day,1996-12-25,13,13,Doctor,145744.92,BUSINESS,False,LOW,ACTIVE
NSB005629,Troy,Moore,1962-08-06,5,2,Teacher,64970.92,INVESTMENTS,False,LOW,ACTIVE
NSB005630,Catherine,Zimmerman,1967-12-17,19,12,Architect,79756.82,INHERITANCE,False,LOW,ACTIVE
NSB005631,Jennifer,Flynn,1941-08-20,11,15,Student,21294.16,INHERITANCE,False,LOW,ACTIVE
NSB005632,John,Jones,1987-10-14,10,9,Accountant,83236.66,INVESTMENTS,False,LOW,ACTIVE
NSB005633,Erika,Peterson,1968-06-26,8,9,Financial Analyst,58754.1,PENSION,False,HIGH,ACTIVE
NSB005634,Rebecca,Gardner,1966-12-23,16,2,Financial Analyst,84180.38,SALARY,False,MEDIUM,ACTIVE
NSB005635,Anthony,Whitaker,1966-05-20,2,14,Financial Analyst,100257.55,SAVINGS,False,LOW,ACTIVE
NSB005636,Megan,Joseph,1943-11-22,11,19,Data Analyst,90294.62,SALARY,False,LOW,ACTIVE
NSB005637,Chad,Martin,1972-09-11,9,16,Doctor,172978.89,SAVINGS,False,LOW,ACTIVE
NSB005638,Juan,Ibarra,2003-12-03,15,5,Lawyer,154413.93,BUSINESS,False,MEDIUM,ACTIVE
NSB005639,Cindy,Mahoney,1972-05-08,5,19,Financial Analyst,98953.98,INVESTMENTS,False,LOW,ACTIVE
NSB005640,Mary,Blankenship,1962-07-09,18,6,Accountant,52141.13,SALARY,False,MEDIUM,ACTIVE
NSB005641,Nathan,Fowler,1996-09-15,20,20,Teacher,60696.31,SAVINGS,False,LOW,ACTIVE
NSB005642,Maria,Griffith,1949-11-01,11,5,Accountant,57200.62,SALARY,False,LOW,ACTIVE
NSB005643,Thomas,Harmon,1967-06-24,19,18,Financial Analyst,64716.73,SALARY,False,LOW,ACTIVE
NSB005644,Tamara,Booth,2004-02-29,10,17,Student,21072.42,INVESTMENTS,False,LOW,INACTIVE
NSB005645,Eric,Harris,1974-09-28,12,17,Business Owner,64539.28,SALARY,False,CRITICAL,ACTIVE
NSB005646,Cody,Johnson,1961-02-23,12,16,Teacher,59538.3,BUSINESS,False,LOW,ACTIVE
NSB005647,Dennis,Frey,1998-07-02,3,3,Student,27968.74,INHERITANCE,False,LOW,INACTIVE
NSB005648,Kristina,Flynn,1996-04-02,4,6,Data Analyst,77391.01,BUSINESS,False,HIGH,ACTIVE
NSB005649,Bill,Saunders,1995-12-13,18,15,Consultant,84337.34,INHERITANCE,False,MEDIUM,ACTIVE
NSB005650,Clinton,Wilson,2005-09-28,11,4,Marketing Manager,118276.44,PENSION,False,LOW,ACTIVE
NSB005651,John,Dominguez,1985-08-10,13,1,Consultant,124898.52,INHERITANCE,False,LOW,ACTIVE
NSB005652,Richard,Park,1983-02-10,20,20,Business Owner,216929.39,BUSINESS,False,LOW,ACTIVE
NSB005653,Erin,Hawkins,1955-09-26,13,5,Nurse,33305.84,PENSION,False,LOW,ACTIVE
NSB005654,Christopher,Day,1968-11-23,20,11,Architect,66889.4,PENSION,False,CRITICAL,ACTIVE
NSB005655,Amanda,Sandoval,1985-03-03,10,15,Student,32762.58,SALARY,False,HIGH,ACTIVE
NSB005656,Randy,Miller,1997-05-01,7,15,Nurse,34030.39,BUSINESS,False,LOW,ACTIVE
NSB005657,Joseph,Lucero,1985-05-15,6,10,Financial Analyst,87078.54,SALARY,False,LOW,ACTIVE
NSB005658,Kyle,Garcia,1940-12-30,12,14,Accountant,78723.66,INHERITANCE,False,MEDIUM,ACTIVE
NSB005659,Brenda,Stewart,1952-03-21,16,11,Engineer,73084.4,SAVINGS,False,LOW,ACTIVE
NSB005660,Melissa,Thompson,1957-10-29,13,13,Sales Manager,79698.55,INHERITANCE,False,LOW,CLOSED
NSB005661,Cathy,Rhodes,1994-11-22,1,12,Doctor,212996.02,SAVINGS,False,MEDIUM,ACTIVE
NSB005662,Jennifer,Jones,1946-07-15,16,9,Consultant,122467.69,INHERITANCE,False,HIGH,CLOSED
NSB005663,John,Hurley,1955-08-21,16,6,Software Engineer,64879.11,SALARY,False,MEDIUM,ACTIVE
NSB005664,Jade,Ramos,1986-07-16,12,7,Teacher,46465.66,BUSINESS,False,LOW,ACTIVE
NSB005665,Edgar,Walters,2002-02-14,7,4,Consultant,144700.45,INHERITANCE,False,LOW,ACTIVE
NSB005666,Cynthia,Brooks,1961-04-18,11,1,Business Owner,149118.5,BUSINESS,False,LOW,ACTIVE
NSB005667,Julia,Reed,1980-07-15,4,9,Teacher,41775.42,SALARY,False,MEDIUM,ACTIVE
NSB005668,Isaac,Barker,1990-03-23,7,13,Lawyer,148584.73,SAVINGS,False,HIGH,ACTIVE
NSB005669,Samantha,Gibson,1955-12-04,9,17,Data Analyst,72143.52,SAVINGS,True,HIGH,ACTIVE
NSB005670,Sean,Johnson,1991-10-25,18,9,Financial Analyst,52736.55,INVESTMENTS,False,LOW,ACTIVE
NSB005671,Meghan,Wolfe,1943-07-17,8,14,Student,29513.27,PENSION,False,LOW,CLOSED
NSB005672,Roy,Baker,1941-11-22,9,11,Student,27802.6,INHERITANCE,True,HIGH,ACTIVE
NSB005673,Toni,Farmer,1957-02-06,14,17,Sales Manager,95928.43,PENSION,False,HIGH,ACTIVE
NSB005674,Morgan,Sims,1952-03-15,12,18,Financial Analyst,57775.61,INVESTMENTS,False,MEDIUM,CLOSED
NSB005675,Andrew,Graham,1964-02-14,17,13,Architect,76447.1,BUSINESS,False,LOW,ACTIVE
NSB005676,Glenn,Everett,1954-09-02,12,3,Financial Analyst,74846.38,SALARY,False,HIGH,ACTIVE
NSB005677,Tabitha,Holt,1958-05-21,15,18,Consultant,71755.69,INVESTMENTS,False,MEDIUM,ACTIVE
NSB005678,Amanda,Perez,2001-02-16,17,16,Lawyer,173098.04,SALARY,False,LOW,ACTIVE
NSB005679,Jordan,Pitts,1974-02-26,15,13,Engineer,105448.76,BUSINESS,False,LOW,ACTIVE
NSB005680,Richard,Griffin,1991-11-01,4,14,Business Owner,194270.55,INHERITANCE,False,MEDIUM,BLOCKED
NSB005681,Isabel,Lane,1955-06-02,7,8,Teacher,43959.16,SAVINGS,False,LOW,ACTIVE
NSB005682,Caitlin,Wilson,1999-07-08,16,15,Sales Manager,128561.94,SAVINGS,False,MEDIUM,ACTIVE
NSB005683,Emily,Brown,1958-02-06,7,12,Marketing Manager,88938.95,INHERITANCE,False,LOW,ACTIVE
NSB005684,Daniel,Hood,1967-11-07,14,16,Consultant,81194.18,INHERITANCE,False,LOW,ACTIVE
NSB005685,Caleb,Deleon,1989-03-09,2,7,Sales Manager,99021.56,BUSINESS,False,LOW,ACTIVE
NSB005686,Vicki,Gallagher,1964-01-23,19,5,Accountant,88781.72,BUSINESS,False,LOW,ACTIVE
NSB005687,Tonya,Martinez,1986-08-30,15,3,Data Analyst,53040.18,SAVINGS,True,HIGH,ACTIVE
NSB005688,Maria,Daniel,1984-08-09,7,15,Engineer,95957.19,INVESTMENTS,False,LOW,DECEASED
NSB005689,Nichole,Gomez,1959-05-18,17,5,Architect,47770.04,BUSINESS,False,LOW,ACTIVE
NSB005690,Brittany,Thompson,1988-06-07,19,15,Architect,95857.43,INHERITANCE,False,LOW,ACTIVE
NSB005691,Mitchell,Watson,1990-10-08,5,19,Nurse,34152.5,INHERITANCE,False,MEDIUM,ACTIVE
NSB005692,Cynthia,Ramos,1948-12-31,19,9,Accountant,75641.13,SALARY,True,MEDIUM,ACTIVE
NSB005693,Jacqueline,Cruz,1954-11-18,1,6,Business Owner,258101.31,BUSINESS,False,LOW,ACTIVE
NSB005694,Regina,Johnson,1992-11-07,16,11,Architect,65621.0,PENSION,False,LOW,CLOSED
NSB005695,Annette,Johnson,1968-02-25,11,4,Doctor,230824.94,INVESTMENTS,False,LOW,ACTIVE
NSB005696,Nicole,Johnson,1957-05-21,19,8,Financial Analyst,61537.77,SAVINGS,False,HIGH,ACTIVE
NSB005697,Christopher,Sanchez,1957-01-08,12,10,Doctor,131876.29,SALARY,False,LOW,BLOCKED
NSB005698,Robyn,Armstrong,1980-01-22,10,17,Business Owner,136744.31,SALARY,False,LOW,ACTIVE
NSB005699,Tyler,Henderson,1963-12-11,12,13,Business Owner,63860.39,BUSINESS,False,LOW,ACTIVE
NSB005700,Melvin,Brown,1972-03-31,17,4,Consultant,52791.69,INHERITANCE,False,LOW,INACTIVE
NSB005701,Daniel,Morrison,1987-03-31,9,1,Software Engineer,102968.01,BUSINESS,False,LOW,ACTIVE
NSB005702,Janet,Armstrong,1989-09-02,17,5,Doctor,131259.37,INHERITANCE,False,LOW,CLOSED
NSB005703,Darrell,Jones,1983-08-09,5,13,Sales Manager,108818.0,BUSINESS,False,MEDIUM,ACTIVE
NSB005704,George,Cross,1989-04-25,12,3,Marketing Manager,57611.7,SALARY,True,CRITICAL,ACTIVE
NSB005705,Nicole,Hernandez,1941-04-20,1,7,Software Engineer,68334.13,BUSINESS,False,LOW,INACTIVE
NSB005706,Laura,Glenn,1988-09-25,18,10,Data Analyst,99503.21,SAVINGS,False,HIGH,ACTIVE
NSB005707,Nicholas,Shelton,2004-11-11,14,8,Data Analyst,50063.38,BUSINESS,False,LOW,INACTIVE
NSB005708,Margaret,Torres,1985-04-04,16,12,Engineer,69800.0,PENSION,False,LOW,ACTIVE
NSB005709,Ashley,Hughes,1976-01-10,20,17,Data Analyst,56939.69,INHERITANCE,False,MEDIUM,ACTIVE
NSB005710,Brett,Hardy,1954-03-31,10,4,Doctor,181577.15,INHERITANCE,False,HIGH,ACTIVE
NSB005711,Samuel,Rodriguez,1955-02-03,1,16,Sales Manager,54210.97,BUSINESS,True,HIGH,ACTIVE
NSB005712,Michelle,Ray,2000-10-16,14,13,Sales Manager,71176.89,INVESTMENTS,False,MEDIUM,ACTIVE
NSB005713,Charles,Baker,1975-03-04,9,9,Software Engineer,109676.43,SALARY,False,LOW,ACTIVE
NSB005714,Marilyn,Smith,1983-09-04,4,17,Marketing Manager,93556.15,PENSION,False,MEDIUM,INACTIVE
NSB005715,Patricia,Johnson,1996-05-13,11,9,Nurse,31949.49,PENSION,False,MEDIUM,ACTIVE
NSB005716,Mary,Montgomery,1973-08-30,2,16,Doctor,248753.72,INHERITANCE,False,MEDIUM,ACTIVE
NSB005717,Christine,Dominguez,1983-04-12,8,20,Lawyer,50195.84,SAVINGS,False,LOW,ACTIVE
NSB005718,Peter,Henderson,1950-05-17,11,11,Business Owner,75057.17,PENSION,False,LOW,ACTIVE
NSB005719,Joseph,Jones,1990-11-08,15,11,Business Owner,272876.7,BUSINESS,False,LOW,CLOSED
NSB005720,John,Garcia,1971-03-11,16,17,Software Engineer,52113.98,SALARY,False,LOW,ACTIVE
NSB005721,Matthew,Garcia,1972-10-16,20,5,Accountant,86767.68,SAVINGS,False,LOW,ACTIVE
NSB005722,Judy,Brewer,1941-09-06,8,13,Architect,54491.52,SALARY,False,MEDIUM,ACTIVE
NSB005723,Angela,Cabrera,1962-07-15,10,2,Architect,51083.72,SALARY,False,LOW,ACTIVE
NSB005724,Steven,Harris,1976-06-18,11,5,Student,7987.55,BUSINESS,False,LOW,DECEASED
NSB005725,Jeremy,Cunningham,1953-02-03,19,11,Student,23786.26,SALARY,False,LOW,ACTIVE
NSB005726,Laura,Shaw,1973-10-05,15,19,Accountant,44530.06,SAVINGS,False,LOW,ACTIVE
NSB005727,Nathan,Rivera,1970-09-18,16,6,Software Engineer,97884.57,INHERITANCE,False,LOW,ACTIVE
NSB005728,Louis,Taylor,1959-12-24,8,11,Accountant,85667.65,SALARY,False,LOW,INACTIVE
NSB005729,Madeline,Martin,1962-09-09,5,8,Financial Analyst,113132.59,PENSION,False,LOW,ACTIVE
NSB005730,Michael,Joseph,1954-10-01,11,5,Financial Analyst,54573.76,INHERITANCE,False,LOW,ACTIVE
NSB005731,Kelly,Tyler,1943-11-18,11,6,Student,32137.48,PENSION,False,LOW,ACTIVE
NSB005732,Johnathan,Hunter,2000-10-30,4,5,Software Engineer,109678.31,BUSINESS,False,LOW,ACTIVE
NSB005733,Tracy,Ramsey,1944-12-29,5,2,Architect,77740.56,INVESTMENTS,False,LOW,ACTIVE
NSB005734,Rebecca,Kelley,1947-08-28,11,14,Teacher,69990.03,SALARY,False,LOW,ACTIVE
NSB005735,Joshua,Wiley,1998-03-16,15,10,Accountant,52943.04,INVESTMENTS,False,LOW,BLOCKED
NSB005736,Ray,Frey,1942-04-16,11,11,Doctor,120027.5,SAVINGS,False,MEDIUM,ACTIVE
NSB005737,Kristin,Mitchell,1965-03-13,8,14,Engineer,101793.05,BUSINESS,False,MEDIUM,ACTIVE
NSB005738,Melissa,Clark,1984-04-06,3,11,Architect,54347.22,INVESTMENTS,False,LOW,ACTIVE
NSB005739,William,Carroll,1987-07-05,14,4,Sales Manager,71622.48,SALARY,False,MEDIUM,ACTIVE
NSB005740,Caleb,Stanley,1994-03-16,20,11,Engineer,69551.44,INVESTMENTS,False,LOW,ACTIVE
NSB005741,Christine,Benton,1955-06-27,16,13,Financial Analyst,78041.46,SAVINGS,False,LOW,ACTIVE
NSB005742,Wanda,Brown,2005-11-27,8,14,Teacher,45376.69,INHERITANCE,False,LOW,ACTIVE
NSB005743,Kyle,Johnson,1950-06-12,16,19,Business Owner,138359.97,INVESTMENTS,False,LOW,ACTIVE
NSB005744,Andrew,Costa,1958-12-23,19,14,Teacher,50876.84,SALARY,False,LOW,ACTIVE
NSB005745,Devin,Phillips,1969-04-16,8,3,Data Analyst,95758.0,SAVINGS,False,HIGH,ACTIVE
NSB005746,Timothy,Marshall,1985-04-05,20,19,Student,28561.17,SAVINGS,False,LOW,ACTIVE
NSB005747,Austin,Padilla,1959-11-13,4,13,Lawyer,96525.89,BUSINESS,False,LOW,ACTIVE
NSB005748,Jason,Anderson,1995-11-28,19,3,Lawyer,73105.88,SALARY,False,LOW,ACTIVE
NSB005749,Heather,Taylor,1942-11-22,12,8,Marketing Manager,58595.51,BUSINESS,False,LOW,ACTIVE
NSB005750,Brittany,Cox,2003-07-17,9,11,Architect,41229.2,BUSINESS,False,MEDIUM,ACTIVE
NSB005751,Amy,Smith,1997-02-21,3,13,Lawyer,150935.72,SAVINGS,False,HIGH,ACTIVE
NSB005752,Charles,Johnson,1993-04-23,11,1,Software Engineer,102535.35,INHERITANCE,False,LOW,ACTIVE
NSB005753,Richard,Hernandez,1961-07-26,1,19,Marketing Manager,60700.1,INHERITANCE,False,MEDIUM,ACTIVE
NSB005754,William,Holland,1972-08-24,13,4,Sales Manager,57999.67,INHERITANCE,False,LOW,ACTIVE
NSB005755,Jeremy,Smith,1943-05-20,19,20,Lawyer,73158.97,INHERITANCE,False,HIGH,ACTIVE
NSB005756,Pamela,Johnson,1994-03-10,20,8,Business Owner,255654.12,PENSION,False,HIGH,ACTIVE
NSB005757,Daniel,Cook,2005-07-25,2,12,Accountant,54936.69,INHERITANCE,False,MEDIUM,ACTIVE
NSB005758,Louis,Caldwell,2006-01-04,18,12,Sales Manager,76751.97,SAVINGS,False,LOW,ACTIVE
NSB005759,Darrell,Good,1959-01-31,14,6,Data Analyst,81644.88,BUSINESS,False,HIGH,ACTIVE
NSB005760,Eric,Thornton,1982-01-18,2,16,Architect,50206.02,PENSION,False,MEDIUM,ACTIVE
NSB005761,Debra,Johnson,1940-11-19,12,19,Engineer,78535.16,BUSINESS,False,MEDIUM,INACTIVE
NSB005762,Autumn,Liu,2000-02-16,4,3,Business Owner,209353.14,INVESTMENTS,False,LOW,ACTIVE
NSB005763,Gloria,Galvan,1980-06-06,12,20,Marketing Manager,84226.81,SAVINGS,False,LOW,ACTIVE
NSB005764,Stephanie,Roberts,1999-12-23,14,7,Doctor,73412.57,SALARY,False,LOW,ACTIVE
NSB005765,Seth,Scott,1990-02-25,1,1,Engineer,85694.06,BUSINESS,False,MEDIUM,ACTIVE
NSB005766,Kayla,Blake,1979-08-02,18,10,Software Engineer,97051.23,INHERITANCE,False,LOW,ACTIVE
NSB005767,Devon,Perry,1942-07-31,6,16,Nurse,63313.03,INVESTMENTS,False,LOW,ACTIVE
NSB005768,Lauren,Bryant,2000-01-14,1,19,Accountant,58857.47,INHERITANCE,False,LOW,ACTIVE
NSB005769,Steven,Gutierrez,1944-05-24,17,6,Accountant,73508.42,INHERITANCE,False,MEDIUM,ACTIVE
NSB005770,Whitney,Palmer,1958-09-21,2,5,Architect,99678.08,INHERITANCE,False,LOW,ACTIVE
NSB005771,Faith,Bell,1990-12-04,17,2,Marketing Manager,105314.94,INVESTMENTS,False,LOW,ACTIVE
NSB005772,Wesley,Benson,1972-05-13,18,12,Sales Manager,79998.23,INHERITANCE,False,MEDIUM,ACTIVE
NSB005773,Lauren,Woodward,1997-03-08,6,6,Teacher,49488.84,PENSION,False,LOW,ACTIVE
NSB005774,Justin,Houston,1988-05-21,16,3,Accountant,38678.36,BUSINESS,False,HIGH,ACTIVE
NSB005775,Kenneth,Gamble,1966-11-23,2,5,Business Owner,214286.12,INVESTMENTS,False,LOW,ACTIVE
NSB005776,Michael,Brown,2002-09-06,17,9,Doctor,167920.77,SAVINGS,False,LOW,ACTIVE
NSB005777,Raymond,Williams,1970-06-13,15,5,Lawyer,63116.58,SAVINGS,False,LOW,BLOCKED
NSB005778,John,Palmer,1945-01-23,4,20,Student,30773.14,BUSINESS,False,LOW,ACTIVE
NSB005779,Douglas,Tate,2004-08-18,3,11,Accountant,71055.31,BUSINESS,False,HIGH,ACTIVE
NSB005780,Doris,Reyes,1996-12-22,16,7,Business Owner,234393.78,INVESTMENTS,False,CRITICAL,ACTIVE
NSB005781,Timothy,Bradley,1945-04-15,6,11,Lawyer,174384.32,SALARY,False,LOW,ACTIVE
NSB005782,Rachel,Bishop,1993-05-22,18,10,Accountant,37147.54,SALARY,False,MEDIUM,ACTIVE
NSB005783,Amy,Davis,2000-02-21,4,7,Teacher,30376.27,INVESTMENTS,False,LOW,ACTIVE
NSB005784,David,Allen,2005-07-18,4,8,Data Analyst,87011.64,SAVINGS,False,MEDIUM,ACTIVE
NSB005785,Sarah,Becker,1946-07-09,11,19,Financial Analyst,90890.89,SALARY,False,MEDIUM,ACTIVE
NSB005786,Dennis,Bruce,1957-10-19,19,10,Accountant,81814.4,INVESTMENTS,False,LOW,ACTIVE
NSB005787,Betty,Bell,1971-01-28,14,15,Financial Analyst,65619.42,INVESTMENTS,False,LOW,ACTIVE
NSB005788,Brian,Callahan,1999-07-05,12,10,Architect,88240.41,INHERITANCE,False,LOW,ACTIVE
NSB005789,Jennifer,Aguilar,1965-03-05,10,10,Architect,89258.6,INVESTMENTS,False,MEDIUM,ACTIVE
NSB005790,Patricia,Sanchez,1956-10-29,20,19,Software Engineer,74848.64,SAVINGS,False,MEDIUM,ACTIVE
NSB005791,Karen,Tran,1991-03-02,2,18,Sales Manager,100533.04,INVESTMENTS,False,LOW,ACTIVE
NSB005792,Steven,Washington,1960-02-08,10,7,Business Owner,225009.98,BUSINESS,False,LOW,ACTIVE
NSB005793,Sean,Mckenzie,1952-06-15,3,8,Teacher,48614.78,INVESTMENTS,False,LOW,ACTIVE
NSB005794,Jasmine,Martinez,1973-05-27,10,16,Sales Manager,63152.66,SALARY,False,MEDIUM,ACTIVE
NSB005795,Harry,Collins,1950-01-20,20,17,Nurse,61880.44,BUSINESS,False,LOW,ACTIVE
NSB005796,Sheryl,Brown,1965-03-31,13,8,Engineer,94179.89,SALARY,False,MEDIUM,ACTIVE
NSB005797,Angela,Joyce,1997-01-16,5,5,Marketing Manager,90093.48,SAVINGS,False,LOW,ACTIVE
NSB005798,Duane,Lopez,2003-06-01,18,6,Business Owner,74136.4,INVESTMENTS,False,LOW,ACTIVE
NSB005799,Stephen,Moon,1974-05-08,5,2,Accountant,51228.64,PENSION,False,HIGH,ACTIVE
NSB005800,Tammy,Lewis,1968-10-21,6,17,Data Analyst,96927.11,SAVINGS,False,LOW,ACTIVE
NSB005801,Sherry,Stanley,1957-12-03,19,4,Engineer,116642.71,INVESTMENTS,False,LOW,CLOSED
NSB005802,Rita,Harris,1991-07-03,1,1,Consultant,103472.4,BUSINESS,False,LOW,ACTIVE
NSB005803,Stacey,Phillips,1942-03-18,9,2,Sales Manager,113795.65,SAVINGS,False,LOW,ACTIVE
NSB005804,Anthony,Brooks,1987-02-11,9,2,Architect,44484.0,BUSINESS,False,LOW,ACTIVE
NSB005805,Robert,Williams,1974-07-10,16,1,Nurse,64863.11,SALARY,False,HIGH,ACTIVE
NSB005806,Jasmine,Jackson,1978-08-17,14,5,Business Owner,41827.96,INHERITANCE,False,LOW,ACTIVE
NSB005807,Jerry,Thomas,2005-05-31,7,17,Nurse,51884.61,SALARY,False,LOW,ACTIVE
NSB005808,Paul,Barnett,1946-01-24,8,4,Sales Manager,86648.25,SAVINGS,False,LOW,ACTIVE
NSB005809,Carla,Hunter,1969-01-13,8,12,Business Owner,283252.2,INVESTMENTS,False,LOW,ACTIVE
NSB005810,Frank,Jackson,1980-05-28,11,7,Engineer,96971.44,BUSINESS,False,MEDIUM,ACTIVE
NSB005811,Gerald,Harris,1979-09-04,14,5,Accountant,50410.3,INVESTMENTS,False,LOW,INACTIVE
NSB005812,Lisa,Lewis,1962-12-04,9,12,Student,17292.58,BUSINESS,False,LOW,ACTIVE
NSB005813,Carolyn,Ramirez,1959-05-22,2,10,Engineer,106021.41,INHERITANCE,False,LOW,ACTIVE
NSB005814,Candice,Campbell,1943-05-14,18,9,Doctor,135177.52,INVESTMENTS,False,LOW,ACTIVE
NSB005815,Patricia,Shannon,1965-11-01,20,15,Accountant,75256.9,INHERITANCE,False,MEDIUM,ACTIVE
NSB005816,Danielle,Rowland,1976-05-26,20,5,Consultant,59695.11,BUSINESS,False,MEDIUM,ACTIVE
NSB005817,Kelly,Meyers,1958-01-12,11,1,Lawyer,155998.58,INVESTMENTS,False,MEDIUM,ACTIVE
NSB005818,Rose,Smith,1991-11-17,4,10,Engineer,73107.2,SAVINGS,False,LOW,ACTIVE
NSB005819,Diane,Kim,1996-01-06,19,17,Engineer,88268.15,SALARY,False,MEDIUM,ACTIVE
NSB005820,Nathaniel,Pearson,1976-02-13,16,12,Architect,79571.94,BUSINESS,False,LOW,ACTIVE
NSB005821,Brandi,Richardson,1978-08-31,8,6,Doctor,249380.61,SAVINGS,False,LOW,ACTIVE
NSB005822,Wesley,Powers,1975-10-03,13,9,Marketing Manager,54635.38,PENSION,False,MEDIUM,ACTIVE
NSB005823,Katherine,Romero,2001-09-17,15,16,Financial Analyst,52784.73,SAVINGS,False,LOW,ACTIVE
NSB005824,Jonathan,Davis,1956-06-13,14,15,Accountant,44331.58,SAVINGS,False,LOW,ACTIVE
NSB005825,Pamela,Welch,1955-02-19,20,20,Sales Manager,83399.78,SALARY,False,LOW,ACTIVE
NSB005826,Evan,Jimenez,1959-05-31,9,7,Doctor,249620.17,PENSION,False,LOW,ACTIVE
NSB005827,Jacqueline,Johnson,1984-11-13,20,9,Architect,88415.27,SALARY,False,LOW,ACTIVE
NSB005828,Jeffrey,Jones,1953-03-23,9,4,Lawyer,134080.09,SALARY,False,LOW,ACTIVE
NSB005829,Kathleen,Mcmahon,1997-01-04,2,20,Lawyer,138508.39,SAVINGS,False,MEDIUM,ACTIVE
NSB005830,Darlene,Sherman,1992-12-10,8,9,Software Engineer,102041.81,BUSINESS,False,MEDIUM,ACTIVE
NSB005831,Donna,Best,1990-10-12,18,16,Sales Manager,98972.87,BUSINESS,False,LOW,ACTIVE
NSB005832,Joseph,Vargas,1962-05-14,14,17,Marketing Manager,114291.3,INVESTMENTS,True,HIGH,ACTIVE
NSB005833,Sabrina,Patton,2005-10-28,4,8,Engineer,63594.61,SAVINGS,False,LOW,ACTIVE
NSB005834,Adrian,Gallagher,1973-11-03,4,2,Sales Manager,125535.27,SAVINGS,False,LOW,ACTIVE
NSB005835,Jennifer,Gay,1947-06-20,9,15,Engineer,58673.01,BUSINESS,False,MEDIUM,ACTIVE
NSB005836,Marcus,Walker,2005-08-17,15,11,Accountant,61499.26,SALARY,False,HIGH,ACTIVE
NSB005837,Matthew,Mcgee,2005-03-29,4,6,Software Engineer,88360.4,SAVINGS,False,LOW,ACTIVE
NSB005838,Rachael,Bauer,1952-08-09,6,4,Accountant,58378.11,INVESTMENTS,False,LOW,ACTIVE
NSB005839,Mary,Burke,1961-01-15,18,10,Sales Manager,110299.82,SAVINGS,False,LOW,ACTIVE
NSB005840,Matthew,Bradford,1957-08-22,10,15,Business Owner,65439.95,BUSINESS,False,HIGH,ACTIVE
NSB005841,Meghan,Molina,1951-12-29,18,6,Financial Analyst,105890.97,INVESTMENTS,False,LOW,ACTIVE
NSB005842,Charles,Leach,1947-03-23,15,2,Data Analyst,43187.39,SAVINGS,False,LOW,ACTIVE
NSB005843,Scott,Williams,1994-02-02,16,1,Doctor,186710.68,INHERITANCE,False,MEDIUM,ACTIVE
NSB005844,Michelle,Jackson,1954-06-06,4,20,Business Owner,94293.12,SALARY,False,LOW,ACTIVE
NSB005845,Elizabeth,Hahn,1991-12-20,4,7,Data Analyst,57259.31,SAVINGS,False,LOW,ACTIVE
NSB005846,Amanda,Sutton,1963-08-14,9,20,Accountant,70416.34,SAVINGS,False,LOW,ACTIVE
NSB005847,Darlene,Banks,1981-10-20,16,12,Marketing Manager,99691.76,PENSION,False,MEDIUM,ACTIVE
NSB005848,Richard,Dickson,1985-03-25,13,14,Sales Manager,118968.7,BUSINESS,False,LOW,ACTIVE
NSB005849,Richard,Baker,1940-11-24,7,4,Doctor,63337.89,SAVINGS,False,LOW,ACTIVE
NSB005850,Bonnie,Hart,2006-03-01,11,20,Data Analyst,67767.62,BUSINESS,False,LOW,ACTIVE
NSB005851,Traci,Fuentes,1977-01-22,1,3,Engineer,68994.74,PENSION,False,MEDIUM,ACTIVE
NSB005852,Wesley,Macdonald,1941-01-31,20,7,Teacher,36456.29,PENSION,False,LOW,ACTIVE
NSB005853,Manuel,Holmes,1954-05-10,19,19,Architect,90866.51,SALARY,False,LOW,ACTIVE
NSB005854,Mark,Johnson,1978-06-14,16,8,Software Engineer,97123.58,BUSINESS,False,MEDIUM,CLOSED
NSB005855,Randy,Barber,1942-09-17,19,8,Architect,49129.35,INVESTMENTS,False,LOW,ACTIVE
NSB005856,Adam,Pearson,1980-06-30,7,14,Nurse,41489.86,BUSINESS,False,LOW,CLOSED
NSB005857,Keith,Chang,1972-09-29,1,19,Doctor,80835.63,PENSION,False,LOW,ACTIVE
NSB005858,Joe,Wilson,1947-09-17,1,3,Software Engineer,79624.75,INVESTMENTS,False,LOW,ACTIVE
NSB005859,Spencer,Aguirre,1946-04-18,18,17,Student,21036.58,SAVINGS,False,MEDIUM,ACTIVE
NSB005860,Sarah,Miller,1955-05-23,14,5,Software Engineer,119333.29,BUSINESS,False,MEDIUM,ACTIVE
NSB005861,Danielle,Smith,1951-06-17,18,2,Architect,55877.84,SALARY,False,LOW,ACTIVE
NSB005862,Scott,Morton,1993-04-25,16,2,Accountant,73197.51,INVESTMENTS,False,MEDIUM,ACTIVE
NSB005863,Chris,Miles,1954-06-18,9,11,Sales Manager,43269.09,PENSION,False,MEDIUM,ACTIVE
NSB005864,Jose,Spencer,1981-08-31,17,20,Consultant,79376.58,BUSINESS,False,MEDIUM,ACTIVE
NSB005865,Suzanne,Doyle,2006-05-17,18,7,Engineer,117571.42,BUSINESS,False,HIGH,ACTIVE
NSB005866,Susan,Collins,1948-04-22,15,13,Marketing Manager,87574.88,SALARY,False,MEDIUM,ACTIVE
NSB005867,Richard,Carr,1965-10-18,7,5,Financial Analyst,72464.76,SALARY,False,LOW,ACTIVE
NSB005868,Roy,Larson,1991-12-26,9,19,Sales Manager,68821.0,BUSINESS,False,LOW,ACTIVE
NSB005869,David,Scott,1994-08-20,4,6,Nurse,37054.0,BUSINESS,False,LOW,ACTIVE
NSB005870,Robert,Green,1979-07-19,5,19,Data Analyst,46678.49,PENSION,False,LOW,ACTIVE
NSB005871,Julia,Pena,1975-10-15,3,2,Accountant,58233.25,INVESTMENTS,False,LOW,ACTIVE
NSB005872,Michael,Holt,1995-06-16,12,15,Doctor,190761.41,INVESTMENTS,False,MEDIUM,ACTIVE
NSB005873,Tara,Ellison,1973-03-17,3,12,Business Owner,193024.43,SAVINGS,False,MEDIUM,ACTIVE
NSB005874,John,Spence,1954-05-29,7,10,Data Analyst,41248.25,INVESTMENTS,False,MEDIUM,ACTIVE
NSB005875,Carlos,Watts,1983-01-18,15,15,Engineer,49328.65,SALARY,False,LOW,BLOCKED
NSB005876,Crystal,Sullivan,1991-05-30,6,1,Lawyer,72444.15,INVESTMENTS,False,LOW,ACTIVE
NSB005877,Travis,Day,1962-05-16,1,9,Engineer,49776.35,BUSINESS,False,MEDIUM,ACTIVE
NSB005878,Timothy,Martinez,1988-12-07,3,4,Financial Analyst,54663.05,INHERITANCE,False,LOW,ACTIVE
NSB005879,Ashley,Hoover,1970-01-15,7,18,Doctor,100504.79,BUSINESS,False,LOW,ACTIVE
NSB005880,Norman,Bell,1960-12-19,17,6,Data Analyst,95446.53,PENSION,False,HIGH,ACTIVE
NSB005881,Fernando,Davis,1975-10-06,3,7,Lawyer,90443.8,SALARY,False,MEDIUM,ACTIVE
NSB005882,Joyce,Hughes,2000-09-03,9,14,Engineer,91365.43,BUSINESS,False,MEDIUM,ACTIVE
NSB005883,Thomas,Fisher,1978-07-03,18,19,Marketing Manager,109774.34,SALARY,False,LOW,ACTIVE
NSB005884,Steven,Shannon,1960-10-12,15,8,Lawyer,56958.87,PENSION,False,MEDIUM,INACTIVE
NSB005885,Valerie,Caldwell,1953-12-07,12,4,Architect,92897.51,BUSINESS,False,LOW,ACTIVE
NSB005886,Stephanie,Hunt,1942-06-10,7,11,Consultant,58048.36,SAVINGS,False,LOW,ACTIVE
NSB005887,Anna,Garcia,1976-05-03,19,6,Business Owner,82578.27,INVESTMENTS,False,LOW,ACTIVE
NSB005888,Jeremy,Jackson,1978-03-31,19,13,Sales Manager,101794.74,INHERITANCE,False,LOW,ACTIVE
NSB005889,Joseph,Johnson,1993-04-12,9,6,Student,33465.37,INVESTMENTS,False,LOW,ACTIVE
NSB005890,Holly,Long,1947-06-04,17,5,Software Engineer,98490.21,INHERITANCE,False,LOW,ACTIVE
NSB005891,Christina,Mcgee,1976-10-10,14,2,Sales Manager,73220.51,SAVINGS,False,MEDIUM,ACTIVE
NSB005892,Tyler,Peters,1975-07-16,18,15,Accountant,72133.33,PENSION,False,MEDIUM,ACTIVE
NSB005893,Jill,Lawrence,1990-05-12,4,8,Data Analyst,52483.33,INHERITANCE,False,LOW,ACTIVE
NSB005894,Kevin,Davis,1950-10-28,18,10,Doctor,181045.67,SALARY,False,LOW,ACTIVE
NSB005895,Richard,Shelton,1981-06-13,3,18,Accountant,65974.75,SAVINGS,False,LOW,ACTIVE
NSB005896,Maria,Pham,1946-11-07,4,19,Nurse,47551.15,INHERITANCE,False,MEDIUM,ACTIVE
NSB005897,Kevin,Lucas,1941-01-24,18,18,Student,23687.07,INHERITANCE,False,LOW,ACTIVE
NSB005898,Kristina,Hess,2005-05-31,19,10,Doctor,153487.17,PENSION,False,LOW,ACTIVE
NSB005899,Richard,Bennett,1966-12-03,12,16,Marketing Manager,54604.53,INVESTMENTS,False,LOW,ACTIVE
NSB005900,Judith,Wilcox,1949-10-24,15,12,Student,25357.52,INHERITANCE,False,HIGH,ACTIVE
NSB005901,Whitney,King,2003-01-20,19,17,Marketing Manager,71809.31,SALARY,False,LOW,ACTIVE
NSB005902,Amanda,Jimenez,1991-11-23,8,1,Business Owner,220392.07,INVESTMENTS,False,LOW,ACTIVE
NSB005903,Larry,Walker,1991-08-25,3,7,Nurse,34908.48,SALARY,True,LOW,ACTIVE
NSB005904,Thomas,Cannon,1952-04-01,9,6,Consultant,75382.94,INHERITANCE,False,MEDIUM,ACTIVE
NSB005905,Sean,Schwartz,1948-06-03,11,1,Student,33512.54,SAVINGS,False,MEDIUM,ACTIVE
NSB005906,Stephanie,Villa,1970-04-29,14,9,Student,28274.96,SALARY,False,LOW,ACTIVE
NSB005907,Stephanie,Anderson,1971-01-03,15,13,Architect,49964.51,INVESTMENTS,False,LOW,ACTIVE
NSB005908,Vicki,Parker,1975-05-05,9,10,Student,23870.51,PENSION,False,HIGH,ACTIVE
NSB005909,Brenda,Williams,2001-02-20,8,3,Financial Analyst,88477.47,PENSION,False,MEDIUM,ACTIVE
NSB005910,John,Hunt,1977-03-26,7,12,Student,19266.54,INHERITANCE,False,LOW,ACTIVE
NSB005911,Matthew,Lopez,2003-07-12,5,16,Consultant,51112.06,PENSION,False,LOW,ACTIVE
NSB005912,Karen,Gray,1982-06-02,16,16,Accountant,84862.57,INVESTMENTS,False,HIGH,ACTIVE
NSB005913,Helen,Jones,2001-06-28,8,6,Marketing Manager,78927.63,INHERITANCE,False,LOW,ACTIVE
NSB005914,Matthew,Neal,1961-09-08,1,11,Business Owner,56176.95,PENSION,False,MEDIUM,ACTIVE
NSB005915,Robert,Anderson,1950-05-20,16,9,Financial Analyst,102847.65,PENSION,False,LOW,INACTIVE
NSB005916,Kayla,Townsend,1958-11-21,10,15,Lawyer,105180.01,INVESTMENTS,False,LOW,ACTIVE
NSB005917,Jessica,Dominguez,1957-07-02,9,18,Marketing Manager,51066.55,INVESTMENTS,False,MEDIUM,ACTIVE
NSB005918,Yolanda,Howard,1976-10-21,8,5,Marketing Manager,93686.11,INVESTMENTS,False,LOW,ACTIVE
NSB005919,James,Porter,1961-11-25,5,2,Engineer,49914.21,SALARY,False,HIGH,ACTIVE
NSB005920,Donald,Zavala,1995-04-08,1,9,Engineer,95762.63,BUSINESS,False,LOW,ACTIVE
NSB005921,Rebecca,Massey,1976-10-12,7,20,Lawyer,72668.71,INVESTMENTS,False,MEDIUM,ACTIVE
NSB005922,Carol,Patterson,1973-11-24,12,10,Sales Manager,87709.9,INHERITANCE,False,LOW,ACTIVE
NSB005923,Casey,Wallace,1959-01-28,13,5,Lawyer,77706.41,INHERITANCE,False,LOW,ACTIVE
NSB005924,James,Moses,2001-02-08,8,17,Teacher,34169.19,INHERITANCE,False,MEDIUM,ACTIVE
NSB005925,Larry,Torres,1951-05-08,20,12,Accountant,57374.18,BUSINESS,False,LOW,ACTIVE
NSB005926,John,Warner,1992-12-28,1,19,Business Owner,120817.99,SAVINGS,False,LOW,ACTIVE
NSB005927,Laura,Roy,1957-07-18,7,12,Marketing Manager,62012.57,INVESTMENTS,False,MEDIUM,ACTIVE
NSB005928,Diane,Gonzales,1997-01-24,10,5,Architect,43223.8,PENSION,False,MEDIUM,ACTIVE
NSB005929,Madison,Rice,1963-01-15,6,14,Business Owner,218067.16,BUSINESS,False,MEDIUM,ACTIVE
NSB005930,Kendra,Chang,1943-04-29,12,20,Marketing Manager,51992.19,SAVINGS,False,LOW,ACTIVE
NSB005931,Benjamin,Meyer,1984-11-02,8,20,Student,15088.71,INVESTMENTS,False,MEDIUM,ACTIVE
NSB005932,Travis,Martinez,1978-12-09,4,7,Marketing Manager,64023.1,PENSION,False,MEDIUM,ACTIVE
NSB005933,Jeremy,Baker,1966-10-06,10,1,Architect,50349.64,SALARY,False,LOW,ACTIVE
NSB005934,Danny,Harding,1955-07-28,12,11,Lawyer,174328.38,SALARY,False,MEDIUM,ACTIVE
NSB005935,James,Thomas,2000-06-03,18,3,Student,5683.04,SAVINGS,False,LOW,ACTIVE
NSB005936,Kyle,Ellis,1941-05-27,16,14,Sales Manager,65439.36,INVESTMENTS,False,LOW,CLOSED
NSB005937,Ashley,Alexander,1946-11-03,10,19,Student,7940.3,BUSINESS,False,LOW,ACTIVE
NSB005938,Mark,Daniel,1985-10-21,16,12,Lawyer,155389.42,SAVINGS,False,LOW,ACTIVE
NSB005939,Mercedes,Soto,1955-11-12,11,5,Consultant,108832.17,PENSION,False,HIGH,ACTIVE
NSB005940,James,Garcia,1940-11-20,9,14,Sales Manager,71524.31,SAVINGS,False,LOW,ACTIVE
NSB005941,Todd,Jones,1973-05-30,2,20,Architect,88572.52,INHERITANCE,False,HIGH,ACTIVE
NSB005942,Roger,Gregory,1999-08-20,9,7,Doctor,188020.67,INHERITANCE,False,LOW,ACTIVE
NSB005943,Emily,Collins,1979-06-25,18,18,Data Analyst,43105.64,INHERITANCE,False,LOW,ACTIVE
NSB005944,Angela,Ortega,1965-07-04,17,11,Accountant,70935.55,INHERITANCE,True,MEDIUM,ACTIVE
NSB005945,Eric,Proctor,1962-04-01,15,12,Marketing Manager,53410.13,BUSINESS,False,MEDIUM,ACTIVE
NSB005946,Sherry,Ramirez,1972-01-08,18,2,Consultant,58353.14,SAVINGS,False,MEDIUM,ACTIVE
NSB005947,Richard,Santos,2005-10-11,19,19,Business Owner,46686.17,INVESTMENTS,False,MEDIUM,ACTIVE
NSB005948,Jonathan,Adams,1993-08-12,16,16,Architect,47878.48,BUSINESS,False,LOW,ACTIVE
NSB005949,Lonnie,Sullivan,1989-11-01,4,11,Software Engineer,51093.78,BUSINESS,False,LOW,ACTIVE
NSB005950,Tammy,Romero,1975-04-12,13,7,Nurse,48627.56,PENSION,False,MEDIUM,ACTIVE
NSB005951,Judy,Melendez,1953-04-22,14,7,Software Engineer,85943.67,BUSINESS,False,LOW,ACTIVE
NSB005952,Kimberly,Wallace,2005-11-06,15,17,Engineer,113101.16,PENSION,False,LOW,ACTIVE
NSB005953,Troy,Leonard,1968-09-22,5,20,Doctor,121840.87,SALARY,False,MEDIUM,ACTIVE
NSB005954,Glen,Cordova,1984-06-16,3,5,Marketing Manager,46052.24,SALARY,False,LOW,ACTIVE
NSB005955,Renee,Gonzalez,2001-02-11,8,7,Doctor,200960.49,BUSINESS,False,LOW,ACTIVE
NSB005956,Matthew,Brown,2002-10-31,19,1,Consultant,66854.84,INHERITANCE,False,LOW,ACTIVE
NSB005957,Robert,Steele,1944-01-16,1,9,Software Engineer,55545.99,INVESTMENTS,False,LOW,ACTIVE
NSB005958,William,Salazar,1967-06-18,13,9,Lawyer,151565.87,SALARY,False,LOW,ACTIVE
NSB005959,Michelle,Johnson,1951-05-11,6,8,Financial Analyst,92400.06,BUSINESS,False,LOW,ACTIVE
NSB005960,David,Santana,1954-12-01,13,11,Financial Analyst,86827.35,SAVINGS,False,MEDIUM,ACTIVE
NSB005961,Paul,Chapman,1952-09-11,4,12,Sales Manager,123510.23,PENSION,False,MEDIUM,ACTIVE
NSB005962,Ian,Cortez,1967-09-01,1,12,Teacher,37891.74,BUSINESS,False,LOW,ACTIVE
NSB005963,Jacob,Cooper,1971-04-07,16,15,Accountant,80389.66,SAVINGS,False,LOW,ACTIVE
NSB005964,Joann,Roberts,1988-08-02,6,19,Nurse,44809.88,BUSINESS,False,MEDIUM,ACTIVE
NSB005965,Michael,Diaz,2001-07-12,8,1,Student,28082.1,INVESTMENTS,False,LOW,ACTIVE
NSB005966,Joyce,Jackson,1973-01-24,9,14,Nurse,39029.77,PENSION,False,LOW,ACTIVE
NSB005967,Michael,Knapp,1986-10-04,11,2,Marketing Manager,66072.07,INVESTMENTS,False,CRITICAL,ACTIVE
NSB005968,Frank,Pratt,1964-02-26,18,11,Data Analyst,92439.92,SAVINGS,False,HIGH,BLOCKED
NSB005969,Nicole,Wyatt,1974-05-25,19,8,Doctor,85105.38,INVESTMENTS,False,LOW,ACTIVE
NSB005970,Lisa,Davis,1992-02-10,17,6,Software Engineer,61823.19,SAVINGS,False,LOW,ACTIVE
NSB005971,Laura,Young,1980-02-16,19,16,Lawyer,109814.75,BUSINESS,False,LOW,ACTIVE
NSB005972,Julia,Frazier,1987-01-08,3,8,Nurse,38620.97,INHERITANCE,False,LOW,ACTIVE
NSB005973,Michelle,Chapman,1972-07-14,12,6,Accountant,86278.79,INVESTMENTS,False,LOW,ACTIVE
NSB005974,Tiffany,Carlson,1993-01-16,5,7,Sales Manager,75770.48,PENSION,False,LOW,DECEASED
NSB005975,Katherine,Curry,1974-05-15,4,14,Engineer,56612.55,PENSION,False,LOW,ACTIVE
NSB005976,Ryan,Woods,1975-08-12,13,13,Financial Analyst,75261.06,SAVINGS,False,CRITICAL,ACTIVE
NSB005977,Rebecca,Burton,1947-08-31,15,20,Doctor,201506.76,INVESTMENTS,False,LOW,INACTIVE
NSB005978,John,Glass,1942-02-25,4,14,Marketing Manager,74975.12,PENSION,False,LOW,ACTIVE
NSB005979,Daniel,Alvarez,1978-07-08,6,6,Architect,82716.45,SAVINGS,False,LOW,ACTIVE
NSB005980,Shannon,Santiago,1989-12-21,2,4,Consultant,95041.19,BUSINESS,False,LOW,ACTIVE
NSB005981,Cameron,Burnett,1999-10-18,18,17,Business Owner,139369.53,BUSINESS,False,MEDIUM,ACTIVE
NSB005982,Steven,Anderson,1942-07-10,15,4,Consultant,48085.55,BUSINESS,True,HIGH,ACTIVE
NSB005983,Jacob,Thomas,2004-07-15,6,15,Consultant,112796.45,PENSION,False,LOW,BLOCKED
NSB005984,Melissa,Morris,1975-01-19,7,20,Financial Analyst,93667.01,INVESTMENTS,False,LOW,ACTIVE
NSB005985,Matthew,Bush,1989-01-02,17,18,Financial Analyst,72817.89,SAVINGS,False,LOW,ACTIVE
NSB005986,Nicole,Garrett,1955-11-04,15,1,Sales Manager,125892.21,SAVINGS,False,HIGH,ACTIVE
NSB005987,Thomas,Mitchell,1950-08-22,20,1,Marketing Manager,64256.04,INHERITANCE,False,MEDIUM,ACTIVE
NSB005988,Dustin,Velasquez,1988-02-04,8,8,Lawyer,161508.34,BUSINESS,False,MEDIUM,ACTIVE
NSB005989,Ashley,Cooper,1987-03-28,8,13,Nurse,34968.93,PENSION,False,LOW,ACTIVE
NSB005990,Richard,Rogers,1964-04-27,13,16,Teacher,30514.73,PENSION,False,MEDIUM,ACTIVE
NSB005991,Matthew,Rodriguez,1965-03-02,2,10,Lawyer,110060.17,BUSINESS,True,CRITICAL,ACTIVE
NSB005992,Linda,Jones,1965-01-14,7,5,Financial Analyst,96437.33,SAVINGS,False,MEDIUM,ACTIVE
NSB005993,Benjamin,Richmond,1968-05-16,2,2,Business Owner,108005.64,INVESTMENTS,False,MEDIUM,ACTIVE
NSB005994,James,Smith,1951-09-24,4,16,Doctor,79235.82,SAVINGS,False,LOW,ACTIVE
NSB005995,Heather,Flores,2002-06-10,4,13,Engineer,90521.4,INHERITANCE,False,LOW,ACTIVE
NSB005996,Cheryl,Green,1969-11-03,1,8,Student,9678.73,INVESTMENTS,False,LOW,ACTIVE
NSB005997,Susan,Simmons,1944-09-09,8,7,Data Analyst,77543.32,PENSION,False,LOW,ACTIVE
NSB005998,Samantha,Mcdonald,1949-03-15,17,17,Software Engineer,68533.94,BUSINESS,False,LOW,ACTIVE
NSB005999,Devin,Cruz,1953-12-21,13,17,Software Engineer,62811.42,SAVINGS,False,LOW,CLOSED
NSB006000,David,Keller,1950-03-31,1,14,Business Owner,33846.29,SALARY,False,MEDIUM,ACTIVE
NSB006001,Elizabeth,Porter,1969-07-19,18,14,Nurse,52549.67,SALARY,False,LOW,ACTIVE
NSB006002,Claire,Kramer,1964-06-16,13,1,Nurse,43800.1,SAVINGS,False,LOW,ACTIVE
NSB006003,Michael,Daniels,1991-11-19,9,7,Architect,98357.04,INHERITANCE,False,LOW,ACTIVE
NSB006004,Laura,Leonard,1975-07-07,3,19,Doctor,218870.96,INHERITANCE,False,HIGH,CLOSED
NSB006005,Marcia,Douglas,1977-08-18,6,12,Accountant,37036.35,SAVINGS,False,LOW,ACTIVE
NSB006006,Cheryl,Cooper,1949-12-03,8,13,Teacher,69506.04,SAVINGS,False,MEDIUM,ACTIVE
NSB006007,Christian,Baker,1990-06-23,10,10,Marketing Manager,50404.62,SALARY,False,LOW,ACTIVE
NSB006008,Nicole,Lawrence,1947-02-15,16,9,Architect,53443.45,SAVINGS,False,MEDIUM,ACTIVE
NSB006009,Molly,Carter,1974-02-14,7,1,Doctor,163379.57,SAVINGS,False,LOW,ACTIVE
NSB006010,Amy,Williams,1952-08-05,13,3,Sales Manager,107351.62,BUSINESS,False,LOW,ACTIVE
NSB006011,Lisa,Fields,1962-12-17,4,6,Data Analyst,99541.02,SALARY,False,LOW,INACTIVE
NSB006012,Chase,Jacobson,1979-12-02,3,1,Marketing Manager,106317.3,INVESTMENTS,False,CRITICAL,ACTIVE
NSB006013,Ryan,Alexander,1985-02-27,12,9,Engineer,82900.61,INVESTMENTS,False,LOW,ACTIVE
NSB006014,Karen,Martin,1988-05-14,2,20,Sales Manager,110436.14,SALARY,False,MEDIUM,ACTIVE
NSB006015,Shane,Downs,1950-11-20,13,16,Architect,40810.38,SAVINGS,False,MEDIUM,ACTIVE
NSB006016,Edward,Garcia,1989-10-03,5,19,Sales Manager,103286.33,INVESTMENTS,False,MEDIUM,ACTIVE
NSB006017,Kim,Peterson,1980-10-15,2,18,Financial Analyst,52289.87,INHERITANCE,True,HIGH,ACTIVE
NSB006018,Lisa,Calhoun,1999-09-23,17,18,Doctor,248865.92,INHERITANCE,False,LOW,ACTIVE
NSB006019,Jose,Fischer,1950-08-10,19,14,Teacher,65400.19,INHERITANCE,False,MEDIUM,ACTIVE
NSB006020,Darren,Lowery,1994-04-03,2,10,Engineer,55382.19,PENSION,False,MEDIUM,ACTIVE
NSB006021,Crystal,Mills,2004-05-14,2,20,Nurse,39126.77,SAVINGS,False,HIGH,ACTIVE
NSB006022,Nicole,Clark,1968-01-18,5,5,Doctor,138978.72,SAVINGS,False,LOW,INACTIVE
NSB006023,Nancy,Rodriguez,1966-06-08,4,5,Data Analyst,65586.37,INVESTMENTS,False,LOW,ACTIVE
NSB006024,John,Hall,2006-06-28,13,4,Marketing Manager,77340.63,PENSION,False,LOW,INACTIVE
NSB006025,Lisa,Levine,1945-07-12,7,19,Consultant,143267.9,SALARY,False,MEDIUM,ACTIVE
NSB006026,Hannah,Vasquez,1953-08-10,9,19,Accountant,81166.86,BUSINESS,False,LOW,ACTIVE
NSB006027,Shawn,Wilson,1967-07-25,1,12,Marketing Manager,112864.88,INVESTMENTS,False,CRITICAL,ACTIVE
NSB006028,Joyce,Russell,1994-08-21,6,15,Lawyer,101298.72,INHERITANCE,False,LOW,ACTIVE
NSB006029,Michelle,Pierce,1999-12-15,20,12,Software Engineer,46286.42,INHERITANCE,False,MEDIUM,ACTIVE
NSB006030,Robert,Gomez,1990-07-14,18,19,Marketing Manager,107989.47,PENSION,False,LOW,ACTIVE
NSB006031,Christopher,Dillon,1999-11-23,10,8,Sales Manager,100363.66,PENSION,False,LOW,ACTIVE
NSB006032,Jared,Miller,1956-02-03,17,2,Consultant,96412.92,INVESTMENTS,False,LOW,CLOSED
NSB006033,Mary,Coleman,1966-12-27,1,17,Engineer,117576.03,SALARY,False,MEDIUM,ACTIVE
NSB006034,Megan,Adams,1960-07-18,8,7,Engineer,83923.78,INHERITANCE,False,LOW,ACTIVE
NSB006035,Matthew,Park,1971-09-28,10,4,Nurse,40742.94,INVESTMENTS,False,HIGH,ACTIVE
NSB006036,Samantha,Kim,1983-06-25,9,5,Accountant,88463.09,INVESTMENTS,False,MEDIUM,ACTIVE
NSB006037,Samantha,Parker,1955-06-28,14,3,Engineer,90388.72,SALARY,False,LOW,ACTIVE
NSB006038,Michael,Hernandez,1994-07-02,11,14,Accountant,37051.35,INHERITANCE,False,LOW,ACTIVE
NSB006039,Donald,Collins,1965-12-13,4,12,Accountant,68889.66,SALARY,False,MEDIUM,DECEASED
NSB006040,Debra,Thomas,1948-03-27,4,14,Architect,46161.05,INVESTMENTS,False,MEDIUM,ACTIVE
NSB006041,Briana,Blevins,1997-12-28,14,18,Marketing Manager,76203.93,INHERITANCE,False,LOW,INACTIVE
NSB006042,Beth,Long,1986-12-14,10,3,Architect,92176.71,INVESTMENTS,False,LOW,ACTIVE
NSB006043,Nathan,Johnson,1947-01-15,18,14,Doctor,85550.4,SAVINGS,False,LOW,INACTIVE
NSB006044,Amanda,Thomas,2006-03-05,8,2,Business Owner,140521.62,SALARY,False,LOW,ACTIVE
NSB006045,Robert,Roth,1973-12-16,16,3,Architect,61214.1,INHERITANCE,False,LOW,ACTIVE
NSB006046,Nicholas,Pitts,1995-08-13,9,14,Engineer,85878.88,PENSION,False,LOW,ACTIVE
NSB006047,Adam,Little,1995-05-13,2,16,Sales Manager,44198.9,SALARY,False,HIGH,ACTIVE
NSB006048,Jesse,Tran,1962-12-20,1,19,Sales Manager,76125.08,PENSION,False,LOW,ACTIVE
NSB006049,Samantha,Parker,1989-11-09,5,13,Teacher,62750.96,BUSINESS,False,MEDIUM,ACTIVE
NSB006050,Daniel,Jordan,1957-11-15,17,6,Sales Manager,63159.24,SAVINGS,False,LOW,ACTIVE
NSB006051,Bruce,Skinner,1971-10-16,2,7,Architect,51107.24,INVESTMENTS,False,MEDIUM,ACTIVE
NSB006052,Charles,Young,2003-07-26,8,17,Business Owner,187955.52,INHERITANCE,False,MEDIUM,ACTIVE
NSB006053,Amy,Patel,2000-10-17,5,15,Nurse,50462.27,PENSION,False,MEDIUM,ACTIVE
NSB006054,Joanna,Gardner,1955-05-01,1,17,Teacher,50908.87,PENSION,False,LOW,ACTIVE
NSB006055,Ray,Clark,1990-04-25,6,15,Doctor,117642.27,PENSION,False,HIGH,ACTIVE
NSB006056,Bianca,Austin,1978-01-23,3,7,Student,15983.25,SAVINGS,False,MEDIUM,ACTIVE
NSB006057,Sheila,Barnett,1999-11-22,8,18,Marketing Manager,88767.91,BUSINESS,False,LOW,ACTIVE
NSB006058,Chad,Stephens,1973-04-19,15,14,Engineer,76634.28,INVESTMENTS,False,LOW,ACTIVE
NSB006059,Mary,Leblanc,1957-06-11,14,4,Software Engineer,68560.69,BUSINESS,False,LOW,INACTIVE
NSB006060,Melissa,Williams,1970-01-28,5,12,Marketing Manager,104947.85,SAVINGS,False,LOW,ACTIVE
NSB006061,Sabrina,Shea,1972-12-04,20,5,Lawyer,133004.94,BUSINESS,False,MEDIUM,ACTIVE
NSB006062,April,Cross,1977-12-21,14,11,Doctor,147732.47,BUSINESS,False,LOW,ACTIVE
NSB006063,Timothy,Chapman,1962-03-29,5,5,Student,22476.91,SAVINGS,False,LOW,ACTIVE
NSB006064,Maria,Mcclure,1993-05-10,15,7,Accountant,54438.42,INVESTMENTS,False,LOW,ACTIVE
NSB006065,Chelsea,Mora,1941-05-01,13,8,Data Analyst,75985.72,SALARY,False,LOW,ACTIVE
NSB006066,Rachel,Myers,1968-04-30,19,6,Financial Analyst,56727.53,SALARY,False,MEDIUM,ACTIVE
NSB006067,Madeline,Ford,1981-10-11,15,12,Nurse,31804.29,INVESTMENTS,False,MEDIUM,INACTIVE
NSB006068,Thomas,Lane,1972-05-23,10,2,Nurse,59243.34,PENSION,False,LOW,BLOCKED
NSB006069,Andrew,Myers,1997-03-26,4,19,Architect,71405.05,BUSINESS,False,MEDIUM,ACTIVE
NSB006070,Thomas,Taylor,1956-11-17,15,18,Data Analyst,71824.91,PENSION,False,LOW,ACTIVE
NSB006071,James,Curtis,1948-03-30,15,8,Student,34157.08,SALARY,False,LOW,ACTIVE
NSB006072,Christopher,Lopez,1989-09-05,6,3,Doctor,207478.6,BUSINESS,False,LOW,ACTIVE
NSB006073,Jocelyn,Norris,1942-02-25,5,18,Teacher,64380.39,SAVINGS,False,LOW,ACTIVE
NSB006074,Tracy,Graham,1963-03-27,3,19,Teacher,53604.73,SALARY,False,LOW,ACTIVE
NSB006075,Jeffrey,Bell,1957-06-14,4,20,Sales Manager,119701.32,INHERITANCE,False,LOW,ACTIVE
NSB006076,Matthew,Jordan,1963-02-13,3,11,Consultant,133906.45,INHERITANCE,False,LOW,ACTIVE
NSB006077,April,Vasquez,1954-05-24,2,7,Financial Analyst,72795.08,PENSION,False,LOW,ACTIVE
NSB006078,Pam,Christensen,1951-12-10,5,11,Accountant,52827.57,SAVINGS,False,MEDIUM,INACTIVE
NSB006079,David,Daniel,1941-07-04,10,13,Engineer,71059.75,SALARY,False,LOW,CLOSED
NSB006080,Austin,Mckinney,1951-05-10,13,4,Data Analyst,55732.71,INHERITANCE,False,MEDIUM,ACTIVE
NSB006081,Michelle,Oliver,1974-09-24,2,16,Data Analyst,73136.58,PENSION,False,MEDIUM,ACTIVE
NSB006082,Beth,Farmer,1968-10-08,11,6,Sales Manager,109611.2,SALARY,False,HIGH,ACTIVE
NSB006083,Gregg,Kennedy,1975-05-09,1,2,Engineer,89539.67,INHERITANCE,False,LOW,ACTIVE
NSB006084,Amanda,Jordan,1999-07-22,4,3,Doctor,189215.01,SALARY,False,LOW,ACTIVE
NSB006085,Sharon,Williams,1975-07-05,5,7,Financial Analyst,109060.71,PENSION,False,HIGH,ACTIVE
NSB006086,Martin,Cruz,1962-04-17,15,4,Accountant,55538.35,SAVINGS,False,LOW,ACTIVE
NSB006087,Tina,Frazier,1970-05-20,12,15,Business Owner,134721.38,SALARY,True,HIGH,ACTIVE
NSB006088,Michael,Underwood,1995-07-03,14,20,Software Engineer,100394.79,INHERITANCE,False,LOW,ACTIVE
NSB006089,John,Lewis,1957-07-28,10,9,Sales Manager,80986.18,BUSINESS,False,LOW,ACTIVE
NSB006090,Shannon,Frye,1987-01-30,13,4,Student,14486.5,BUSINESS,False,LOW,ACTIVE
NSB006091,Lindsay,Campbell,1991-04-08,20,10,Student,15278.66,INVESTMENTS,False,LOW,ACTIVE
NSB006092,Linda,Carter,1953-08-02,17,8,Architect,83294.66,SALARY,False,MEDIUM,ACTIVE
NSB006093,Patricia,Mayo,1984-06-06,2,7,Financial Analyst,64642.84,SALARY,False,LOW,ACTIVE
NSB006094,Ruben,Caldwell,1941-12-08,12,6,Nurse,46352.96,BUSINESS,False,LOW,ACTIVE
NSB006095,Gina,Robinson,1987-03-29,2,17,Financial Analyst,86191.24,PENSION,False,MEDIUM,ACTIVE
NSB006096,Taylor,Wallace,1975-04-06,9,10,Student,10260.29,SAVINGS,False,LOW,ACTIVE
NSB006097,Renee,Griffith,1959-03-28,5,15,Doctor,214542.62,PENSION,False,HIGH,ACTIVE
NSB006098,James,Olson,1988-05-30,20,3,Business Owner,204035.81,INHERITANCE,False,MEDIUM,ACTIVE
NSB006099,James,Davis,1979-02-11,2,5,Marketing Manager,46714.75,INVESTMENTS,False,LOW,ACTIVE
NSB006100,Dawn,Snyder,1991-08-18,19,2,Sales Manager,67544.74,INHERITANCE,False,LOW,ACTIVE
NSB006101,Seth,Taylor,1949-09-21,12,11,Nurse,48654.79,SAVINGS,False,MEDIUM,ACTIVE
NSB006102,Shelly,Young,1940-10-25,7,10,Marketing Manager,63963.65,BUSINESS,False,MEDIUM,ACTIVE
NSB006103,Miranda,Martinez,1995-12-13,6,7,Accountant,61837.18,INHERITANCE,False,MEDIUM,ACTIVE
NSB006104,Anthony,Williams,1968-08-12,17,17,Architect,46296.8,SALARY,False,LOW,ACTIVE
NSB006105,Hannah,Smith,1964-06-20,18,10,Engineer,58157.16,SAVINGS,False,MEDIUM,ACTIVE
NSB006106,Tabitha,Bradford,1957-10-19,10,7,Data Analyst,96946.12,INHERITANCE,False,LOW,ACTIVE
NSB006107,William,Glover,1941-08-18,19,16,Teacher,61136.35,PENSION,False,MEDIUM,CLOSED
NSB006108,Haley,Noble,2000-12-19,17,12,Nurse,63593.6,INHERITANCE,False,LOW,ACTIVE
NSB006109,Jeremy,Wilkinson,1984-07-24,16,8,Accountant,86465.62,SAVINGS,False,LOW,ACTIVE
NSB006110,William,Singleton,1955-01-28,14,15,Software Engineer,118704.62,SALARY,False,MEDIUM,ACTIVE
NSB006111,Angel,Dodson,1982-10-08,8,7,Architect,94918.19,SALARY,False,LOW,ACTIVE
NSB006112,Kevin,Spencer,1971-05-27,16,1,Marketing Manager,116728.91,INHERITANCE,False,LOW,ACTIVE
NSB006113,Jacob,Valdez,1984-12-10,14,14,Data Analyst,64839.28,SAVINGS,False,LOW,ACTIVE
NSB006114,Ryan,Dixon,1973-03-06,19,16,Sales Manager,99355.7,SAVINGS,False,CRITICAL,ACTIVE
NSB006115,Cynthia,Ramsey,1954-07-10,1,1,Accountant,56869.92,BUSINESS,False,LOW,ACTIVE
NSB006116,Michael,Hansen,1950-08-17,20,9,Lawyer,162806.55,SALARY,False,LOW,ACTIVE
NSB006117,Cindy,Murphy,1988-10-31,4,19,Business Owner,142342.66,PENSION,False,MEDIUM,ACTIVE
NSB006118,Lisa,Blackwell,1945-04-14,18,1,Business Owner,96455.28,PENSION,False,LOW,ACTIVE
NSB006119,Deborah,Martin,1978-08-08,13,15,Accountant,37325.67,INVESTMENTS,False,LOW,ACTIVE
NSB006120,Steven,Carter,1970-02-02,19,3,Consultant,139977.21,BUSINESS,False,LOW,ACTIVE
NSB006121,Matthew,Peterson,1992-07-20,8,11,Software Engineer,62159.99,INHERITANCE,True,HIGH,ACTIVE
NSB006122,Marco,Miller,1985-10-24,1,15,Nurse,64536.17,BUSINESS,False,LOW,ACTIVE
NSB006123,Jordan,Walters,1962-06-17,4,20,Engineer,82732.9,BUSINESS,False,HIGH,ACTIVE
NSB006124,Kevin,Gonzales,1977-06-05,15,5,Software Engineer,72139.26,SAVINGS,False,LOW,ACTIVE
NSB006125,Angela,Mitchell,1941-03-28,6,1,Engineer,107962.21,BUSINESS,False,LOW,ACTIVE
NSB006126,Stephanie,Leonard,1946-04-02,16,8,Sales Manager,114717.64,SAVINGS,False,HIGH,ACTIVE
NSB006127,Joshua,Hill,1941-08-10,6,8,Software Engineer,73377.22,INVESTMENTS,False,MEDIUM,ACTIVE
NSB006128,Kyle,Proctor,1941-10-05,8,13,Teacher,50185.34,SALARY,False,MEDIUM,ACTIVE
NSB006129,Paul,Barker,1987-04-09,13,2,Sales Manager,47461.32,INVESTMENTS,False,LOW,ACTIVE
NSB006130,Marvin,Henry,1989-06-01,20,11,Engineer,73152.91,BUSINESS,False,MEDIUM,INACTIVE
NSB006131,Brenda,Shaw,1953-04-13,1,7,Lawyer,138354.64,SALARY,False,LOW,ACTIVE
NSB006132,Leslie,Pena,1978-02-04,17,18,Doctor,133537.57,INHERITANCE,False,LOW,ACTIVE
NSB006133,Jonathan,Collins,1962-09-11,19,18,Consultant,95193.17,SALARY,False,MEDIUM,ACTIVE
NSB006134,Dominic,Moore,1947-09-26,1,17,Data Analyst,79505.73,INHERITANCE,False,LOW,ACTIVE
NSB006135,Sharon,Smith,1968-06-06,9,15,Sales Manager,97727.0,INHERITANCE,False,LOW,ACTIVE
NSB006136,Richard,Black,1971-10-14,5,14,Doctor,210756.96,BUSINESS,True,CRITICAL,ACTIVE
NSB006137,Brandon,Hernandez,1998-01-08,11,17,Sales Manager,116972.73,INHERITANCE,False,LOW,ACTIVE
NSB006138,Lisa,Guerrero,1976-08-08,11,1,Marketing Manager,45842.43,SAVINGS,False,LOW,ACTIVE
NSB006139,Becky,Rose,1997-12-07,7,14,Data Analyst,96566.88,SAVINGS,False,LOW,ACTIVE
NSB006140,Jason,Mcintyre,1994-03-19,3,14,Financial Analyst,61156.83,BUSINESS,False,HIGH,ACTIVE
NSB006141,Charles,Bell,1995-10-02,13,9,Doctor,193878.71,SALARY,True,MEDIUM,ACTIVE
NSB006142,Jennifer,Kelley,1960-12-15,11,10,Accountant,88368.2,INHERITANCE,False,LOW,ACTIVE
NSB006143,Michael,Cook,1965-09-24,12,16,Consultant,124523.91,PENSION,False,LOW,ACTIVE
NSB006144,Jeremiah,Drake,1983-03-09,3,1,Financial Analyst,112070.16,PENSION,False,LOW,ACTIVE
NSB006145,Robert,Shaw,1998-07-30,14,19,Sales Manager,85226.78,INHERITANCE,False,LOW,ACTIVE
NSB006146,Matthew,Barber,1964-11-19,2,6,Accountant,83035.64,INVESTMENTS,False,LOW,ACTIVE
NSB006147,Brittany,Smith,1961-03-19,9,11,Lawyer,93008.01,SALARY,False,MEDIUM,ACTIVE
NSB006148,Connor,Lane,1964-06-12,13,20,Lawyer,77145.0,INHERITANCE,False,LOW,ACTIVE
NSB006149,Gabriel,Beasley,1995-07-09,6,2,Engineer,69875.92,SALARY,False,LOW,ACTIVE
NSB006150,Ricky,Rowland,1947-07-19,9,5,Teacher,42618.2,SALARY,False,MEDIUM,ACTIVE
NSB006151,Crystal,Hanna,1990-12-02,14,10,Sales Manager,67823.01,INHERITANCE,False,LOW,ACTIVE
NSB006152,Tony,Woods,1954-07-30,4,18,Nurse,44337.34,SAVINGS,False,MEDIUM,ACTIVE
NSB006153,Lori,Hinton,1958-08-26,20,13,Consultant,113833.75,INHERITANCE,False,MEDIUM,ACTIVE
NSB006154,Brenda,Green,1940-11-02,8,12,Nurse,67270.43,SALARY,False,LOW,ACTIVE
NSB006155,Alicia,Campbell,2005-03-26,5,18,Software Engineer,95011.18,SAVINGS,False,LOW,ACTIVE
NSB006156,Jason,Manning,1947-06-26,6,5,Business Owner,217575.65,PENSION,False,LOW,ACTIVE
NSB006157,Patricia,Mathews,1968-05-27,9,20,Business Owner,225135.04,SALARY,False,CRITICAL,ACTIVE
NSB006158,Chad,Robinson,1972-01-31,14,20,Engineer,76942.91,INVESTMENTS,False,LOW,ACTIVE
NSB006159,Lisa,Jennings,1968-01-26,1,9,Architect,41000.75,PENSION,False,MEDIUM,CLOSED
NSB006160,Jesse,Hall,1947-06-25,3,11,Student,10648.25,INHERITANCE,False,MEDIUM,ACTIVE
NSB006161,Betty,Sullivan,1977-08-14,16,13,Nurse,55119.08,INVESTMENTS,False,LOW,ACTIVE
NSB006162,Lauren,Clark,1988-11-05,16,7,Data Analyst,74011.9,SAVINGS,False,MEDIUM,ACTIVE
NSB006163,Natasha,Rivera,1955-09-17,17,19,Doctor,247800.36,SAVINGS,False,MEDIUM,ACTIVE
NSB006164,Austin,Jackson,2001-09-06,18,12,Software Engineer,72691.92,INHERITANCE,False,LOW,ACTIVE
NSB006165,Roger,Watson,1947-12-03,14,19,Accountant,48201.66,INHERITANCE,False,MEDIUM,ACTIVE
NSB006166,Karen,Stanley,2004-10-29,8,5,Financial Analyst,108553.8,INVESTMENTS,False,LOW,ACTIVE
NSB006167,Christopher,Myers,1977-04-15,15,8,Sales Manager,71527.39,SALARY,False,MEDIUM,ACTIVE
NSB006168,Carol,Chen,1949-09-02,18,12,Software Engineer,110590.41,INVESTMENTS,False,LOW,ACTIVE
NSB006169,Connie,Richardson,1997-11-22,17,15,Marketing Manager,47097.44,SALARY,False,LOW,ACTIVE
NSB006170,Cindy,Trevino,1943-01-11,7,15,Teacher,32965.32,BUSINESS,False,LOW,ACTIVE
NSB006171,Patricia,Fernandez,1989-12-27,3,10,Marketing Manager,64912.56,PENSION,False,LOW,ACTIVE
NSB006172,Jacqueline,Howard,1952-01-18,8,17,Architect,61425.27,INHERITANCE,False,MEDIUM,ACTIVE
NSB006173,Tina,Williams,1972-11-18,7,7,Architect,97704.9,INVESTMENTS,False,MEDIUM,ACTIVE
NSB006174,Samantha,Kelley,1994-08-18,17,17,Engineer,94006.09,INVESTMENTS,False,LOW,ACTIVE
NSB006175,Patricia,Farrell,1947-04-03,5,18,Sales Manager,88416.64,PENSION,False,LOW,ACTIVE
NSB006176,Michael,Holmes,1993-03-14,19,4,Business Owner,55284.01,SALARY,False,CRITICAL,INACTIVE
NSB006177,Candice,Reed,2006-06-12,15,6,Teacher,31532.76,INHERITANCE,False,LOW,ACTIVE
NSB006178,Richard,Ross,1948-04-11,7,7,Software Engineer,75882.06,PENSION,False,MEDIUM,ACTIVE
NSB006179,Daniel,Jennings,1998-10-16,3,13,Engineer,100791.4,PENSION,False,LOW,INACTIVE
NSB006180,Thomas,Davis,1993-06-20,19,13,Nurse,66625.27,SALARY,False,MEDIUM,ACTIVE
NSB006181,Lisa,Garcia,1949-10-13,2,18,Sales Manager,121069.6,PENSION,False,MEDIUM,ACTIVE
NSB006182,Tommy,Cortez,1948-12-28,17,15,Marketing Manager,67404.75,INHERITANCE,False,HIGH,ACTIVE
NSB006183,Jennifer,Mercado,1979-03-19,3,1,Sales Manager,49613.32,BUSINESS,False,MEDIUM,ACTIVE
NSB006184,Janice,Maynard,1961-05-13,9,19,Engineer,75574.52,BUSINESS,False,LOW,INACTIVE
NSB006185,Marcia,Baker,1945-07-03,17,5,Student,34148.03,PENSION,False,HIGH,ACTIVE
NSB006186,Mary,Reed,1998-12-08,12,16,Business Owner,32423.82,SAVINGS,False,MEDIUM,ACTIVE
NSB006187,Jennifer,Vasquez,1944-03-13,16,20,Data Analyst,75205.83,INHERITANCE,False,LOW,ACTIVE
NSB006188,Linda,Lindsey,1978-02-26,19,17,Architect,89093.5,INVESTMENTS,False,LOW,BLOCKED
NSB006189,Michelle,Miller,1995-12-10,17,5,Software Engineer,81961.51,SALARY,False,LOW,ACTIVE
NSB006190,Shaun,Navarro,2005-06-19,2,19,Teacher,56897.97,SALARY,False,LOW,ACTIVE
NSB006191,Eric,Harrington,1995-04-19,6,13,Student,25908.14,BUSINESS,False,LOW,ACTIVE
NSB006192,Vanessa,Rice,1963-08-15,13,13,Accountant,89876.91,SAVINGS,False,LOW,ACTIVE
NSB006193,Taylor,Hoover,1957-11-21,14,17,Sales Manager,73145.23,SALARY,False,LOW,ACTIVE
NSB006194,Leonard,Jones,1966-09-09,19,7,Data Analyst,74526.68,SAVINGS,False,MEDIUM,ACTIVE
NSB006195,Kimberly,Miller,1972-06-27,17,16,Consultant,55664.36,SALARY,False,MEDIUM,ACTIVE
NSB006196,Matthew,Marshall,1954-02-12,5,3,Accountant,68930.5,INHERITANCE,True,HIGH,ACTIVE
NSB006197,Brooke,Hartman,1988-05-02,1,7,Business Owner,88800.93,INHERITANCE,False,MEDIUM,INACTIVE
NSB006198,Colleen,Simpson,1996-10-28,14,10,Software Engineer,107789.11,PENSION,False,LOW,ACTIVE
NSB006199,Rachael,Oconnell,2005-03-29,4,17,Accountant,87184.5,SALARY,False,LOW,ACTIVE
NSB006200,Virginia,Mullins,1944-09-20,5,8,Student,16967.43,SALARY,False,MEDIUM,ACTIVE
NSB006201,Thomas,Peters,1972-05-29,12,8,Engineer,85590.08,BUSINESS,False,LOW,ACTIVE
NSB006202,Heather,Henson,1984-10-13,17,9,Sales Manager,88608.59,INVESTMENTS,False,HIGH,ACTIVE
NSB006203,Eric,Hayes,1944-12-29,8,20,Data Analyst,50354.48,PENSION,False,MEDIUM,ACTIVE
NSB006204,John,Meadows,1952-11-24,4,11,Accountant,75148.04,INVESTMENTS,False,LOW,ACTIVE
NSB006205,Anna,Dodson,1943-03-07,13,16,Sales Manager,95270.2,SAVINGS,False,LOW,ACTIVE
NSB006206,Stephen,Simpson,1982-06-08,1,14,Business Owner,112057.58,INHERITANCE,False,MEDIUM,ACTIVE
NSB006207,Patricia,Dorsey,2002-05-16,18,10,Financial Analyst,82567.57,INHERITANCE,False,LOW,ACTIVE
NSB006208,Scott,Bean,1995-05-27,10,5,Data Analyst,78734.81,PENSION,False,LOW,ACTIVE
NSB006209,Tina,Taylor,2003-11-09,16,4,Marketing Manager,110096.28,PENSION,False,LOW,ACTIVE
NSB006210,Lauren,Price,1957-05-18,8,12,Nurse,62040.52,INVESTMENTS,False,LOW,ACTIVE
NSB006211,Blake,Gonzales,1987-03-04,17,15,Software Engineer,91420.97,INHERITANCE,False,MEDIUM,ACTIVE
NSB006212,Michael,Morris,2002-05-02,8,9,Business Owner,119002.53,SAVINGS,False,MEDIUM,ACTIVE
NSB006213,Alexander,Barber,1977-06-19,19,13,Teacher,66010.28,SALARY,False,LOW,ACTIVE
NSB006214,Penny,Ross,1943-06-07,9,12,Lawyer,95099.62,SALARY,False,LOW,ACTIVE
NSB006215,Bonnie,Haynes,1944-02-26,20,11,Nurse,47777.02,SALARY,False,HIGH,INACTIVE
NSB006216,Danielle,Michael,1998-07-17,4,9,Accountant,85022.46,SALARY,False,LOW,ACTIVE
NSB006217,Katherine,Weaver,1971-10-04,15,2,Software Engineer,91130.2,INVESTMENTS,False,LOW,ACTIVE
NSB006218,Keith,Osborne,2000-07-25,11,10,Accountant,48181.09,INHERITANCE,False,LOW,ACTIVE
NSB006219,Charles,Avery,1949-05-21,15,7,Consultant,119215.54,INVESTMENTS,False,LOW,ACTIVE
NSB006220,Anthony,Pham,1977-02-24,17,8,Data Analyst,82448.13,SAVINGS,False,LOW,ACTIVE
NSB006221,Matthew,Adams,1965-05-28,8,11,Architect,83733.55,BUSINESS,False,LOW,ACTIVE
NSB006222,Clarence,Sexton,1974-08-28,14,5,Data Analyst,78840.51,SALARY,False,MEDIUM,INACTIVE
NSB006223,Meredith,Clark,2004-04-07,20,10,Consultant,48567.57,SALARY,False,LOW,ACTIVE
NSB006224,Rhonda,Powell,1941-09-19,19,7,Marketing Manager,45249.94,SALARY,False,LOW,INACTIVE
NSB006225,Melanie,Jimenez,1960-12-20,18,17,Marketing Manager,49034.36,INVESTMENTS,False,LOW,ACTIVE
NSB006226,Christopher,Park,1960-02-16,8,9,Marketing Manager,101241.1,INVESTMENTS,False,LOW,ACTIVE
NSB006227,Kim,Johnston,2002-12-16,7,6,Business Owner,42589.36,INHERITANCE,False,HIGH,ACTIVE
NSB006228,Gregory,Mason,1990-09-05,14,7,Student,28956.45,SALARY,False,LOW,INACTIVE
NSB006229,Dustin,Smith,1960-08-10,4,5,Lawyer,90818.42,PENSION,False,LOW,ACTIVE
NSB006230,Cynthia,Williams,2000-01-02,7,13,Doctor,172906.01,INVESTMENTS,False,LOW,ACTIVE
NSB006231,Adrian,Petty,1985-06-18,15,9,Nurse,48724.05,PENSION,False,MEDIUM,ACTIVE
NSB006232,Sandra,Lucas,2006-07-13,15,12,Teacher,56094.72,INHERITANCE,False,MEDIUM,ACTIVE
NSB006233,Jesus,Hunt,1971-05-22,16,5,Doctor,70793.78,PENSION,False,MEDIUM,ACTIVE
NSB006234,Charles,Rogers,1953-04-11,7,5,Doctor,70733.64,INHERITANCE,False,LOW,CLOSED
NSB006235,Jason,Estrada,1969-10-26,19,20,Architect,99504.9,SALARY,False,MEDIUM,ACTIVE
NSB006236,Deanna,Poole,1953-02-28,11,16,Software Engineer,99989.62,SALARY,False,LOW,ACTIVE
NSB006237,Jessica,Flores,1963-05-19,14,20,Architect,98658.78,BUSINESS,False,LOW,CLOSED
NSB006238,Tammy,Cochran,1954-09-06,14,6,Financial Analyst,89272.12,INHERITANCE,False,MEDIUM,CLOSED
NSB006239,Christopher,Padilla,1980-09-22,20,5,Architect,93388.44,BUSINESS,False,LOW,ACTIVE
NSB006240,Rachel,Sandoval,1975-09-12,20,20,Student,26634.67,BUSINESS,False,MEDIUM,ACTIVE
NSB006241,Thomas,Smith,1980-10-26,1,14,Architect,70993.14,BUSINESS,False,MEDIUM,ACTIVE
NSB006242,Megan,Ramirez,1985-04-26,8,14,Software Engineer,111779.05,INHERITANCE,False,LOW,ACTIVE
NSB006243,Warren,Reid,1984-04-22,3,6,Financial Analyst,91718.38,SALARY,False,LOW,ACTIVE
NSB006244,Jonathan,Davis,1971-08-13,15,2,Student,19732.89,SALARY,False,LOW,ACTIVE
NSB006245,John,Rodriguez,1987-12-25,18,5,Lawyer,178185.35,INVESTMENTS,False,LOW,ACTIVE
NSB006246,James,Graham,1995-05-04,9,16,Doctor,209271.22,INHERITANCE,False,HIGH,ACTIVE
NSB006247,Nicholas,Cochran,1981-06-01,9,5,Student,7186.1,SAVINGS,False,MEDIUM,ACTIVE
NSB006248,Andrew,Wells,1995-02-26,11,1,Software Engineer,75054.06,BUSINESS,False,LOW,ACTIVE
NSB006249,Casey,Turner,1990-09-18,5,19,Software Engineer,95724.17,BUSINESS,False,LOW,ACTIVE
NSB006250,Francisco,Delacruz,1980-06-06,10,18,Consultant,68333.59,BUSINESS,False,MEDIUM,ACTIVE
NSB006251,Theresa,Hudson,1943-09-13,16,7,Business Owner,220202.05,SAVINGS,False,LOW,INACTIVE
NSB006252,David,Diaz,1998-03-10,6,9,Engineer,70781.44,SAVINGS,False,CRITICAL,ACTIVE
NSB006253,Stephanie,Petersen,2000-07-10,8,16,Consultant,50769.11,INVESTMENTS,False,LOW,ACTIVE
NSB006254,Melvin,Davis,1951-11-07,3,16,Lawyer,93130.85,INVESTMENTS,False,MEDIUM,ACTIVE
NSB006255,Jason,Martinez,1997-04-05,7,15,Nurse,68503.45,INHERITANCE,False,LOW,ACTIVE
NSB006256,Jesse,Fuller,1968-06-11,10,13,Software Engineer,92186.35,INHERITANCE,False,LOW,ACTIVE
NSB006257,Julie,Sweeney,1959-05-29,12,11,Teacher,48983.47,BUSINESS,False,MEDIUM,ACTIVE
NSB006258,Michael,George,1959-05-04,9,19,Business Owner,207596.1,INHERITANCE,False,MEDIUM,ACTIVE
NSB006259,Amanda,Rubio,2000-05-22,4,17,Doctor,159359.22,INHERITANCE,False,LOW,ACTIVE
NSB006260,David,Torres,1991-09-03,16,9,Engineer,99163.1,PENSION,False,LOW,ACTIVE
NSB006261,Mariah,Fowler,1948-11-04,1,15,Software Engineer,60903.33,INVESTMENTS,False,LOW,BLOCKED
NSB006262,Mary,Jones,1971-11-04,20,1,Accountant,39693.9,SALARY,False,LOW,ACTIVE
NSB006263,Joshua,Cisneros,1952-05-11,1,11,Engineer,113041.77,SAVINGS,False,MEDIUM,ACTIVE
NSB006264,James,Webb,1953-01-09,11,19,Engineer,95411.5,SAVINGS,False,MEDIUM,ACTIVE
NSB006265,Amanda,Palmer,1991-04-02,10,20,Business Owner,94286.86,SALARY,False,LOW,ACTIVE
NSB006266,Brittney,Holder,2004-10-31,14,14,Architect,97663.39,SAVINGS,False,LOW,ACTIVE
NSB006267,Erica,Castro,1989-09-02,3,18,Consultant,109296.32,SALARY,False,LOW,ACTIVE
NSB006268,Brenda,Stewart,1963-01-07,14,10,Sales Manager,55597.34,SAVINGS,False,MEDIUM,ACTIVE
NSB006269,Sara,Henry,1979-11-22,8,19,Nurse,37123.74,SALARY,False,LOW,ACTIVE
NSB006270,Christina,Jordan,1990-09-23,18,20,Engineer,48835.65,PENSION,False,LOW,ACTIVE
NSB006271,Michelle,Gonzalez,1986-04-15,3,8,Student,24769.96,INVESTMENTS,False,LOW,ACTIVE
NSB006272,Donna,Hester,1996-08-16,7,20,Nurse,57076.05,SALARY,False,LOW,ACTIVE
NSB006273,Melissa,Figueroa,1981-07-28,3,1,Accountant,37983.88,SAVINGS,False,MEDIUM,ACTIVE
NSB006274,Alicia,Watts,1945-12-09,10,9,Nurse,51628.88,BUSINESS,False,LOW,ACTIVE
NSB006275,Kimberly,Ramos,1985-01-09,12,6,Consultant,103443.02,BUSINESS,False,LOW,ACTIVE
NSB006276,Matthew,Kelly,1941-06-13,14,18,Software Engineer,76624.54,PENSION,True,LOW,ACTIVE
NSB006277,Jacob,Taylor,1947-06-04,19,17,Nurse,63777.07,PENSION,False,MEDIUM,ACTIVE
NSB006278,Scott,Fleming,1966-02-10,16,16,Student,33142.05,PENSION,False,LOW,ACTIVE
NSB006279,Dorothy,Leonard,1969-12-28,5,14,Teacher,69100.89,PENSION,False,LOW,ACTIVE
NSB006280,Dean,Payne,1947-11-06,11,16,Financial Analyst,93310.8,INVESTMENTS,False,MEDIUM,ACTIVE
NSB006281,Joshua,Campos,1993-02-26,14,9,Accountant,77525.92,BUSINESS,False,LOW,ACTIVE
NSB006282,Erin,Russell,2006-04-06,20,9,Software Engineer,110714.01,INVESTMENTS,False,MEDIUM,ACTIVE
NSB006283,Christopher,Stewart,1992-06-26,3,16,Engineer,81821.52,INHERITANCE,False,MEDIUM,ACTIVE
NSB006284,Gary,Taylor,1957-02-21,2,5,Lawyer,96961.52,INHERITANCE,False,LOW,ACTIVE
NSB006285,Juan,Williams,1976-02-26,9,19,Accountant,40011.39,INHERITANCE,False,LOW,ACTIVE
NSB006286,Timothy,Logan,1968-11-23,19,11,Lawyer,141778.34,INHERITANCE,False,LOW,ACTIVE
NSB006287,James,Klein,1954-09-22,13,14,Sales Manager,49451.67,INVESTMENTS,False,LOW,ACTIVE
NSB006288,Ellen,Moore,1974-04-17,5,2,Doctor,225085.71,INVESTMENTS,False,CRITICAL,ACTIVE
NSB006289,Tracy,Watkins,2001-07-18,14,4,Teacher,63527.21,INHERITANCE,False,MEDIUM,ACTIVE
NSB006290,Cheryl,Garza,1949-03-21,6,11,Accountant,75549.44,PENSION,False,LOW,CLOSED
NSB006291,Catherine,Davis,1965-08-28,7,7,Business Owner,154775.28,SALARY,False,LOW,ACTIVE
NSB006292,Charles,Gibson,2006-01-11,16,1,Lawyer,87345.98,BUSINESS,False,LOW,ACTIVE
NSB006293,Kimberly,Rodriguez,1982-10-04,6,11,Student,25548.21,SAVINGS,False,LOW,ACTIVE
NSB006294,Raymond,Hebert,1981-10-19,10,6,Marketing Manager,99280.0,INVESTMENTS,False,LOW,ACTIVE
NSB006295,Juan,Garcia,2002-07-01,17,4,Nurse,49365.98,PENSION,False,MEDIUM,ACTIVE
NSB006296,Michele,Lewis,1978-05-13,9,3,Data Analyst,81968.33,INVESTMENTS,False,MEDIUM,BLOCKED
NSB006297,Carrie,Johnson,1965-11-16,14,7,Doctor,194796.4,SAVINGS,False,LOW,ACTIVE
NSB006298,Robert,Martin,1961-01-03,13,16,Teacher,38405.45,SAVINGS,False,LOW,ACTIVE
NSB006299,Margaret,Contreras,1981-02-09,9,15,Business Owner,81675.04,SALARY,False,MEDIUM,ACTIVE
NSB006300,Patrick,Burns,1957-07-01,2,10,Software Engineer,96104.45,INHERITANCE,False,LOW,ACTIVE
NSB006301,Rachel,Dean,1940-10-12,18,15,Student,19559.16,SAVINGS,False,LOW,ACTIVE
NSB006302,Jamie,Mcpherson,2005-05-01,12,8,Financial Analyst,51787.04,BUSINESS,False,MEDIUM,ACTIVE
NSB006303,Ashley,Perez,2004-05-06,5,10,Marketing Manager,94973.29,SAVINGS,False,LOW,ACTIVE
NSB006304,Mary,Martinez,1970-09-29,3,13,Business Owner,195157.9,PENSION,False,LOW,ACTIVE
NSB006305,Carol,Moody,1964-04-30,20,5,Lawyer,68501.17,INHERITANCE,False,LOW,ACTIVE
NSB006306,Emily,James,1970-10-01,17,19,Nurse,30895.41,SALARY,False,LOW,ACTIVE
NSB006307,Daniel,Williams,1947-04-08,6,3,Software Engineer,83781.89,BUSINESS,False,MEDIUM,ACTIVE
NSB006308,Daniel,Gonzalez,1963-10-25,18,2,Sales Manager,61849.79,INHERITANCE,False,LOW,ACTIVE
NSB006309,Leslie,Bennett,2005-01-13,11,6,Teacher,57237.19,PENSION,False,MEDIUM,ACTIVE
NSB006310,Jenna,Brown,1944-02-03,10,13,Marketing Manager,101425.72,BUSINESS,False,CRITICAL,ACTIVE
NSB006311,Maxwell,Rogers,1978-11-24,11,2,Business Owner,221034.26,INVESTMENTS,False,LOW,ACTIVE
NSB006312,Patrick,Rose,1989-01-22,1,17,Nurse,53208.38,BUSINESS,False,CRITICAL,ACTIVE
NSB006313,Rachel,Gray,1963-03-01,8,2,Software Engineer,96470.46,BUSINESS,False,MEDIUM,ACTIVE
NSB006314,Kelli,Tucker,1973-12-26,8,11,Marketing Manager,93644.81,SAVINGS,False,LOW,ACTIVE
NSB006315,Kelly,Gonzalez,1940-10-15,15,4,Marketing Manager,62027.81,INHERITANCE,False,MEDIUM,ACTIVE
NSB006316,Abigail,Hughes,1993-02-20,6,15,Lawyer,59025.74,INHERITANCE,False,LOW,ACTIVE
NSB006317,Dale,Hood,1970-12-29,4,7,Marketing Manager,94239.61,INVESTMENTS,False,LOW,ACTIVE
NSB006318,Eugene,Walker,1975-05-18,2,16,Engineer,94610.33,INVESTMENTS,False,LOW,ACTIVE
NSB006319,Nicole,Rivas,1997-08-12,4,2,Consultant,60530.4,BUSINESS,False,MEDIUM,ACTIVE
NSB006320,Darren,Ramirez,1943-07-16,1,15,Teacher,60146.11,SALARY,False,LOW,ACTIVE
NSB006321,Jennifer,Stevenson,1952-12-14,16,1,Accountant,78174.31,PENSION,False,LOW,ACTIVE
NSB006322,Larry,Nelson,1964-01-12,9,11,Business Owner,101557.36,SAVINGS,False,LOW,DECEASED
NSB006323,Christine,Jones,1995-10-17,18,16,Marketing Manager,84795.36,INVESTMENTS,False,LOW,ACTIVE
NSB006324,Jared,Hanson,1981-03-01,1,17,Software Engineer,108416.51,PENSION,False,LOW,ACTIVE
NSB006325,Benjamin,Ford,1988-04-29,5,16,Student,32550.19,SAVINGS,False,MEDIUM,ACTIVE
NSB006326,Melissa,Wright,1963-10-16,15,18,Teacher,32183.92,BUSINESS,False,HIGH,DECEASED
NSB006327,Charles,Murphy,1985-12-22,17,4,Consultant,144553.72,PENSION,False,MEDIUM,ACTIVE
NSB006328,Wendy,Herring,2001-11-14,11,19,Engineer,74020.68,INVESTMENTS,False,LOW,ACTIVE
NSB006329,Gregory,Ibarra,2005-04-24,1,19,Student,7890.24,SALARY,False,LOW,ACTIVE
NSB006330,James,Terry,1959-11-21,20,3,Nurse,42991.78,INVESTMENTS,False,LOW,ACTIVE
NSB006331,Phyllis,Morrison,2003-11-25,13,1,Lawyer,92621.66,INHERITANCE,False,MEDIUM,ACTIVE
NSB006332,David,Rice,1982-08-24,17,12,Accountant,87516.43,PENSION,False,LOW,ACTIVE
NSB006333,Jeffrey,Fletcher,1957-11-23,12,14,Student,11506.54,BUSINESS,False,MEDIUM,ACTIVE
NSB006334,Jennifer,Lopez,1959-01-23,15,8,Business Owner,121872.68,INHERITANCE,False,MEDIUM,ACTIVE
NSB006335,Lisa,Petersen,1952-01-25,1,5,Data Analyst,96239.63,PENSION,False,LOW,ACTIVE
NSB006336,Larry,Ward,1951-09-06,16,10,Architect,77808.89,SAVINGS,False,HIGH,ACTIVE
NSB006337,Rachel,Fuller,1968-05-07,7,3,Nurse,55266.3,BUSINESS,False,LOW,ACTIVE
NSB006338,Michael,Walker,1976-03-10,2,4,Marketing Manager,66095.75,BUSINESS,False,MEDIUM,ACTIVE
NSB006339,Sara,Mcdaniel,1970-06-26,20,12,Lawyer,176245.56,BUSINESS,False,MEDIUM,ACTIVE
NSB006340,Jack,Lawrence,1984-06-17,15,7,Lawyer,111845.08,SAVINGS,False,LOW,ACTIVE
NSB006341,Robert,Howard,2004-02-21,8,4,Consultant,75936.35,SAVINGS,False,LOW,ACTIVE
NSB006342,Matthew,Cortez,1949-09-22,10,2,Marketing Manager,93392.42,INHERITANCE,False,LOW,ACTIVE
NSB006343,Daniel,Porter,1959-12-07,19,2,Lawyer,119553.58,INHERITANCE,False,LOW,ACTIVE
NSB006344,Rhonda,Bell,1977-11-01,17,7,Architect,80323.34,PENSION,False,LOW,ACTIVE
NSB006345,Donna,Blankenship,1973-10-30,7,10,Teacher,63992.7,SALARY,False,LOW,CLOSED
NSB006346,Timothy,Soto,1951-08-08,14,4,Accountant,63450.94,INHERITANCE,False,MEDIUM,ACTIVE
NSB006347,Steven,Thomas,1990-09-06,1,10,Doctor,135947.37,INVESTMENTS,False,LOW,ACTIVE
NSB006348,Kathryn,Foster,1977-07-20,3,16,Software Engineer,110158.98,INHERITANCE,False,MEDIUM,ACTIVE
NSB006349,Douglas,Vega,2002-04-14,7,4,Teacher,35053.9,PENSION,False,CRITICAL,ACTIVE
NSB006350,Alicia,Williams,1950-10-02,1,8,Engineer,119510.79,INVESTMENTS,False,LOW,BLOCKED
NSB006351,Jennifer,Lewis,1990-07-17,17,16,Accountant,65226.98,SALARY,False,LOW,ACTIVE
NSB006352,Kimberly,Stephenson,1974-10-30,19,17,Financial Analyst,102445.97,INVESTMENTS,False,LOW,ACTIVE
NSB006353,Sarah,Rodriguez,1942-02-13,10,16,Sales Manager,82910.1,SALARY,False,MEDIUM,INACTIVE
NSB006354,Jackie,Parker,1976-11-05,3,15,Consultant,112194.45,INHERITANCE,False,LOW,ACTIVE
NSB006355,Melissa,Kaiser,2005-04-01,20,9,Architect,53662.91,INHERITANCE,False,MEDIUM,ACTIVE
NSB006356,Christine,Baker,1960-01-11,12,8,Doctor,162500.83,BUSINESS,False,LOW,ACTIVE
NSB006357,Katie,Wilson,1967-07-22,9,4,Teacher,68101.39,SALARY,False,CRITICAL,ACTIVE
NSB006358,Andrea,Avila,1971-12-12,7,3,Financial Analyst,90836.99,BUSINESS,False,LOW,ACTIVE
NSB006359,Katherine,Burton,1992-08-18,10,11,Engineer,82520.48,SALARY,False,MEDIUM,ACTIVE
NSB006360,Molly,Newton,1991-01-25,8,4,Business Owner,220195.79,BUSINESS,False,LOW,ACTIVE
NSB006361,Anthony,Garcia,1971-09-26,17,19,Financial Analyst,67774.29,BUSINESS,False,LOW,ACTIVE
NSB006362,Caitlyn,Chen,1956-03-31,3,8,Marketing Manager,67267.32,BUSINESS,False,LOW,ACTIVE
NSB006363,Kelly,Taylor,1974-08-13,6,5,Lawyer,110482.01,BUSINESS,False,LOW,ACTIVE
NSB006364,Jonathan,Flores,1969-04-26,2,14,Accountant,44875.2,SAVINGS,False,LOW,ACTIVE
NSB006365,Michael,Turner,1980-03-23,13,18,Software Engineer,110035.92,INHERITANCE,False,LOW,ACTIVE
NSB006366,Richard,Green,1970-06-28,11,9,Doctor,63292.65,BUSINESS,False,LOW,ACTIVE
NSB006367,Elijah,Zavala,1956-07-19,13,9,Marketing Manager,86924.63,INHERITANCE,False,LOW,ACTIVE
NSB006368,Robert,Thompson,1986-08-20,9,15,Software Engineer,55967.44,SAVINGS,False,LOW,ACTIVE
NSB006369,Anthony,Morgan,1970-11-13,7,9,Data Analyst,45642.73,INHERITANCE,False,LOW,ACTIVE
NSB006370,Natalie,Baldwin,1985-08-06,19,2,Sales Manager,119885.92,BUSINESS,False,LOW,ACTIVE
NSB006371,Nancy,Park,1988-10-19,1,13,Marketing Manager,83162.14,PENSION,False,CRITICAL,ACTIVE
NSB006372,Joanna,Arnold,1949-08-11,19,8,Business Owner,82267.78,SALARY,False,MEDIUM,ACTIVE
NSB006373,Troy,Robertson,1974-03-05,6,9,Nurse,31637.24,SAVINGS,False,MEDIUM,ACTIVE
NSB006374,Daniel,Moses,1946-12-30,7,1,Accountant,88455.24,BUSINESS,False,LOW,ACTIVE
NSB006375,Tracey,Brown,1984-12-15,9,19,Consultant,83160.7,INVESTMENTS,False,LOW,ACTIVE
NSB006376,Joseph,Mann,1969-04-08,9,19,Architect,73135.97,SAVINGS,False,LOW,ACTIVE
NSB006377,Melissa,Salazar,1964-06-27,14,18,Software Engineer,99365.99,INVESTMENTS,False,LOW,ACTIVE
NSB006378,Brooke,Christian,1966-09-23,12,3,Nurse,59501.84,PENSION,False,MEDIUM,ACTIVE
NSB006379,Matthew,Ingram,1944-10-24,7,14,Sales Manager,83825.62,PENSION,False,LOW,ACTIVE
NSB006380,Krista,Allison,2003-06-07,15,13,Teacher,34872.07,BUSINESS,False,MEDIUM,ACTIVE
NSB006381,Shane,Riley,1947-05-31,15,15,Nurse,46494.62,PENSION,False,LOW,ACTIVE
NSB006382,Anne,Hebert,1955-04-07,9,15,Data Analyst,45417.54,PENSION,False,HIGH,ACTIVE
NSB006383,Dana,Jones,1966-07-05,14,8,Business Owner,236325.8,INVESTMENTS,False,MEDIUM,ACTIVE
NSB006384,Frank,Wilson,2006-08-13,2,7,Lawyer,163646.85,PENSION,False,HIGH,ACTIVE
NSB006385,Kristen,Rodriguez,1957-03-14,5,4,Architect,76921.35,INVESTMENTS,False,LOW,ACTIVE
NSB006386,Albert,Terrell,1989-11-04,13,6,Student,23926.75,INHERITANCE,False,LOW,ACTIVE
NSB006387,Brandy,Bright,2004-04-06,5,16,Consultant,110208.93,INHERITANCE,False,LOW,INACTIVE
NSB006388,Kevin,Anderson,1982-04-06,20,20,Accountant,73709.68,INVESTMENTS,False,LOW,ACTIVE
NSB006389,Laura,Gilbert,1947-08-16,12,2,Architect,47142.06,INHERITANCE,False,MEDIUM,ACTIVE
NSB006390,Phillip,Turner,1943-01-03,13,12,Financial Analyst,99763.35,BUSINESS,False,LOW,ACTIVE
NSB006391,Kurt,Castro,1996-07-29,9,5,Business Owner,285775.07,BUSINESS,False,LOW,INACTIVE
NSB006392,Jimmy,Newton,2005-10-05,17,2,Consultant,85018.36,SAVINGS,False,LOW,ACTIVE
NSB006393,Jennifer,Morales,1998-11-30,9,12,Data Analyst,76720.82,SALARY,False,HIGH,ACTIVE
NSB006394,Jonathan,Perry,1946-04-25,20,2,Marketing Manager,88084.01,INHERITANCE,False,MEDIUM,ACTIVE
NSB006395,Kim,Hill,2000-11-04,18,17,Student,15881.83,INHERITANCE,False,LOW,ACTIVE
NSB006396,Tammy,Jones,1994-07-26,14,18,Financial Analyst,101287.48,SALARY,False,HIGH,CLOSED
NSB006397,Kenneth,Golden,1980-02-21,3,18,Financial Analyst,80813.57,PENSION,False,MEDIUM,ACTIVE
NSB006398,Cameron,Green,2002-09-03,2,13,Consultant,70721.55,INHERITANCE,False,LOW,ACTIVE
NSB006399,Teresa,Lee,1996-12-06,10,17,Nurse,66278.99,SALARY,False,MEDIUM,ACTIVE
NSB006400,Thomas,Tran,1983-04-04,17,5,Accountant,68818.53,INHERITANCE,False,LOW,ACTIVE
NSB006401,Jason,White,1970-05-05,8,1,Software Engineer,60681.38,INVESTMENTS,False,LOW,ACTIVE
NSB006402,Dennis,Hernandez,1975-02-17,5,1,Data Analyst,97211.19,SAVINGS,False,LOW,ACTIVE
NSB006403,Laurie,Ortiz,1974-11-13,4,4,Business Owner,169189.45,INVESTMENTS,False,LOW,ACTIVE
NSB006404,Brandon,Wong,1951-10-19,6,18,Data Analyst,62431.59,PENSION,False,LOW,INACTIVE
NSB006405,Haley,Thompson,1969-08-31,10,10,Doctor,134633.66,PENSION,False,HIGH,ACTIVE
NSB006406,Lisa,Patterson,1951-02-22,9,10,Nurse,62902.94,BUSINESS,False,LOW,ACTIVE
NSB006407,Jacob,Allison,1953-02-03,10,16,Marketing Manager,88276.05,INVESTMENTS,False,LOW,INACTIVE
NSB006408,Michael,Mendoza,1973-09-22,4,1,Lawyer,108054.96,INVESTMENTS,False,LOW,ACTIVE
NSB006409,Priscilla,Chavez,1950-08-31,16,3,Engineer,79167.01,INHERITANCE,False,LOW,ACTIVE
NSB006410,Joseph,Williams,1955-08-13,4,15,Sales Manager,56734.14,INHERITANCE,False,LOW,ACTIVE
NSB006411,Annette,Rivers,1954-09-18,2,13,Student,21837.25,SALARY,False,LOW,ACTIVE
NSB006412,Shawn,Wilson,1984-01-13,12,8,Data Analyst,50615.93,SAVINGS,False,HIGH,ACTIVE
NSB006413,Mark,Butler,1977-12-02,13,6,Financial Analyst,79501.27,PENSION,False,LOW,ACTIVE
NSB006414,Ronald,Jones,1985-04-23,13,17,Consultant,88774.33,BUSINESS,False,LOW,ACTIVE
NSB006415,Bruce,Vargas,1943-04-09,10,8,Sales Manager,105579.17,BUSINESS,False,MEDIUM,ACTIVE
NSB006416,Kristi,Lozano,1956-05-07,1,16,Marketing Manager,81031.46,SAVINGS,False,LOW,ACTIVE
NSB006417,Emily,Mays,1952-12-21,12,5,Business Owner,187103.96,INVESTMENTS,False,HIGH,ACTIVE
NSB006418,Julie,Ashley,1982-10-29,2,4,Financial Analyst,90204.46,SAVINGS,False,LOW,ACTIVE
NSB006419,Lorraine,Andrews,1956-12-28,5,6,Doctor,133950.27,INHERITANCE,True,HIGH,ACTIVE
NSB006420,Tracy,Smith,1961-02-23,20,14,Consultant,69423.68,INVESTMENTS,False,LOW,ACTIVE
NSB006421,Shane,Downs,1954-12-23,12,2,Doctor,65946.75,SAVINGS,False,MEDIUM,ACTIVE
NSB006422,Jeffrey,Medina,1979-10-25,17,14,Financial Analyst,68051.63,INVESTMENTS,False,HIGH,CLOSED
NSB006423,Rebecca,Harris,1976-11-07,20,2,Architect,81606.58,SAVINGS,False,LOW,ACTIVE
NSB006424,Ernest,Richardson,1986-09-27,11,1,Consultant,148014.02,BUSINESS,False,LOW,ACTIVE
NSB006425,John,Davis,1972-08-10,3,13,Software Engineer,60386.98,SALARY,False,LOW,ACTIVE
NSB006426,Stephanie,Wood,1998-04-13,15,16,Teacher,64807.88,BUSINESS,False,LOW,INACTIVE
NSB006427,Sarah,Murphy,1978-03-02,10,18,Teacher,59346.53,INHERITANCE,False,LOW,ACTIVE
NSB006428,Samantha,Ali,1967-02-17,19,13,Financial Analyst,110253.73,PENSION,False,MEDIUM,CLOSED
NSB006429,Christine,Brown,1982-03-21,17,13,Lawyer,159652.26,INHERITANCE,False,CRITICAL,INACTIVE
NSB006430,Megan,Barrera,1992-10-18,3,11,Financial Analyst,94471.58,SAVINGS,False,LOW,ACTIVE
NSB006431,William,Perry,1957-12-22,1,15,Accountant,69750.04,SAVINGS,False,LOW,ACTIVE
NSB006432,Janet,Holland,1963-06-07,5,14,Marketing Manager,91938.04,SALARY,False,LOW,ACTIVE
NSB006433,Amanda,Pena,1945-09-09,18,5,Student,21433.09,INVESTMENTS,False,LOW,ACTIVE
NSB006434,Susan,Barnes,1978-04-21,14,20,Marketing Manager,76120.56,PENSION,False,MEDIUM,ACTIVE
NSB006435,Joseph,Huynh,2001-08-06,6,15,Lawyer,122903.34,INHERITANCE,False,LOW,ACTIVE
NSB006436,Sharon,Mccormick,1976-03-04,4,11,Software Engineer,110768.7,INVESTMENTS,False,LOW,INACTIVE
NSB006437,Derrick,Flowers,1966-07-30,14,3,Software Engineer,74487.08,SALARY,False,MEDIUM,ACTIVE
NSB006438,Patrick,Villa,1960-12-20,16,8,Data Analyst,89720.61,BUSINESS,False,LOW,BLOCKED
NSB006439,Steven,Rios,1968-08-01,12,18,Accountant,54596.06,SAVINGS,False,LOW,ACTIVE
NSB006440,Chelsey,Martinez,1958-12-04,1,17,Nurse,58482.76,INVESTMENTS,False,LOW,ACTIVE
NSB006441,Jennifer,Blake,1958-07-23,6,18,Marketing Manager,119668.11,SALARY,False,LOW,ACTIVE
NSB006442,Austin,Johnson,1971-09-07,17,3,Doctor,116743.9,SALARY,False,LOW,ACTIVE
NSB006443,James,Harrell,1943-12-12,4,8,Accountant,41002.89,BUSINESS,False,HIGH,ACTIVE
NSB006444,William,Rollins,1976-04-21,6,15,Architect,63987.12,SALARY,False,HIGH,ACTIVE
NSB006445,Ashley,Turner,1976-09-11,5,18,Business Owner,198832.08,INVESTMENTS,False,LOW,CLOSED
NSB006446,Paula,Pugh,1959-03-29,15,17,Nurse,41693.18,SALARY,False,LOW,ACTIVE
NSB006447,Beth,Dixon,1983-09-21,1,5,Consultant,68832.33,PENSION,False,CRITICAL,ACTIVE
NSB006448,Janet,Webster,1997-12-22,1,17,Sales Manager,73478.7,INHERITANCE,False,LOW,ACTIVE
NSB006449,Anthony,Jones,1990-01-26,7,18,Doctor,93893.28,BUSINESS,False,LOW,ACTIVE
NSB006450,Katherine,Lewis,1990-07-12,15,17,Financial Analyst,59362.01,INHERITANCE,False,LOW,ACTIVE
NSB006451,Allison,Garcia,1981-07-06,5,20,Sales Manager,72364.05,INVESTMENTS,False,LOW,ACTIVE
NSB006452,Matthew,Obrien,1945-12-25,12,3,Business Owner,217216.33,INHERITANCE,False,CRITICAL,ACTIVE
NSB006453,Stephen,Brooks,1973-10-06,8,12,Architect,91261.32,INHERITANCE,False,MEDIUM,ACTIVE
NSB006454,Cindy,Matthews,1944-11-18,18,1,Sales Manager,119269.09,INVESTMENTS,False,MEDIUM,ACTIVE
NSB006455,Erin,Ball,1983-03-01,14,16,Doctor,93679.96,INVESTMENTS,False,LOW,ACTIVE
NSB006456,Lisa,Marquez,1977-09-05,16,11,Doctor,112740.57,PENSION,False,MEDIUM,ACTIVE
NSB006457,Timothy,Sellers,1962-07-23,5,9,Financial Analyst,111752.7,INHERITANCE,False,MEDIUM,ACTIVE
NSB006458,Christopher,Ortiz,2000-03-22,12,9,Doctor,154613.13,SAVINGS,False,LOW,ACTIVE
NSB006459,Christine,Walters,1948-03-26,15,6,Doctor,81069.87,SALARY,False,LOW,ACTIVE
NSB006460,Abigail,Wright,1971-02-17,11,10,Nurse,57259.49,INVESTMENTS,False,LOW,ACTIVE
NSB006461,Christine,Mccormick,1973-08-09,6,9,Doctor,161971.66,SALARY,False,LOW,ACTIVE
NSB006462,Meagan,Stewart,1970-08-16,19,19,Nurse,31748.97,PENSION,False,MEDIUM,DECEASED
NSB006463,Susan,Brown,1992-10-11,3,13,Accountant,48789.88,INHERITANCE,False,HIGH,ACTIVE
NSB006464,Adam,Roberson,1957-09-25,10,8,Business Owner,233128.19,PENSION,False,LOW,ACTIVE
NSB006465,Kenneth,Irwin,1988-06-04,10,12,Software Engineer,117463.17,SAVINGS,False,LOW,ACTIVE
NSB006466,Frederick,Simpson,1968-09-01,9,10,Doctor,169570.43,INHERITANCE,False,LOW,ACTIVE
NSB006467,Alyssa,Barnes,1972-02-04,20,16,Engineer,85382.58,PENSION,False,HIGH,ACTIVE
NSB006468,Lisa,Daniel,1960-12-13,5,7,Teacher,46499.8,SALARY,True,HIGH,ACTIVE
NSB006469,Kenneth,Simmons,1982-05-14,14,1,Architect,66827.08,SALARY,False,HIGH,ACTIVE
NSB006470,Mary,Roach,1985-01-20,3,19,Business Owner,217408.96,INHERITANCE,False,LOW,ACTIVE
NSB006471,Frederick,Dean,1960-09-01,7,20,Business Owner,270268.65,PENSION,False,MEDIUM,DECEASED
NSB006472,Nicole,Young,1994-09-14,15,10,Software Engineer,56109.06,INHERITANCE,False,HIGH,ACTIVE
NSB006473,Dana,Banks,1957-11-25,18,17,Lawyer,93179.46,PENSION,False,MEDIUM,ACTIVE
NSB006474,Richard,Washington,1989-08-03,2,11,Student,21971.24,BUSINESS,False,LOW,ACTIVE
NSB006475,Manuel,Summers,1957-08-20,18,17,Marketing Manager,101150.41,BUSINESS,True,HIGH,ACTIVE
NSB006476,Michael,Hammond,1997-05-13,16,7,Marketing Manager,49138.87,BUSINESS,False,LOW,ACTIVE
NSB006477,Stacy,Martinez,1956-05-21,5,19,Student,10178.77,INVESTMENTS,False,MEDIUM,ACTIVE
NSB006478,April,Graham,1958-11-23,5,10,Lawyer,177895.08,SALARY,False,LOW,ACTIVE
NSB006479,Samuel,Baird,1987-12-21,19,7,Nurse,41494.02,SAVINGS,False,LOW,ACTIVE
NSB006480,Margaret,Mccormick,1941-07-10,3,17,Data Analyst,84097.02,BUSINESS,False,MEDIUM,ACTIVE
NSB006481,Joseph,King,1964-07-08,14,10,Financial Analyst,50489.54,INHERITANCE,False,LOW,ACTIVE
NSB006482,Eric,Guzman,1942-12-02,18,19,Software Engineer,86000.59,BUSINESS,False,MEDIUM,ACTIVE
NSB006483,Joseph,Williams,1982-05-05,1,19,Financial Analyst,78068.8,BUSINESS,False,MEDIUM,ACTIVE
NSB006484,Tiffany,Alvarez,1984-01-01,4,18,Software Engineer,85440.67,SALARY,False,MEDIUM,BLOCKED
NSB006485,Jessica,Johnson,1953-05-08,14,1,Sales Manager,120240.37,BUSINESS,True,CRITICAL,ACTIVE
NSB006486,Gregory,Frey,1968-09-24,10,15,Architect,83867.94,SALARY,False,LOW,ACTIVE
NSB006487,William,Wyatt,1993-02-18,15,12,Marketing Manager,59683.92,SALARY,False,MEDIUM,ACTIVE
NSB006488,Samuel,Hart,1965-11-14,2,12,Teacher,58442.0,INVESTMENTS,False,MEDIUM,ACTIVE
NSB006489,Dustin,Kirk,1997-07-03,6,13,Financial Analyst,78249.79,SAVINGS,False,MEDIUM,ACTIVE
NSB006490,Debra,Castro,1994-04-12,4,8,Sales Manager,67281.13,SALARY,False,LOW,ACTIVE
NSB006491,Heather,Bryan,1973-06-13,1,15,Sales Manager,97975.11,INVESTMENTS,False,LOW,ACTIVE
NSB006492,James,Robinson,1961-12-22,6,14,Student,9453.8,PENSION,False,LOW,ACTIVE
NSB006493,Jerry,Young,1993-10-13,11,12,Student,16040.36,SAVINGS,False,LOW,ACTIVE
NSB006494,Kelly,English,1996-08-04,18,16,Architect,75127.39,BUSINESS,False,LOW,ACTIVE
NSB006495,Samantha,Santana,1979-09-29,5,11,Accountant,61915.41,BUSINESS,False,MEDIUM,ACTIVE
NSB006496,Cindy,Martinez,2005-09-13,7,16,Accountant,42490.52,SAVINGS,False,MEDIUM,ACTIVE
NSB006497,Anna,Washington,1960-08-26,5,19,Doctor,104275.82,PENSION,False,LOW,ACTIVE
NSB006498,Elizabeth,Clay,1988-05-23,5,3,Teacher,54651.46,BUSINESS,False,HIGH,ACTIVE
NSB006499,Colton,Calderon,1958-11-07,10,17,Nurse,47766.2,SAVINGS,False,LOW,CLOSED
NSB006500,Krystal,Wilson,1941-11-17,3,5,Doctor,197189.25,SAVINGS,False,LOW,ACTIVE
NSB006501,Stephen,Grant,1952-04-04,16,13,Engineer,113326.95,INHERITANCE,False,LOW,ACTIVE
NSB006502,Megan,Zuniga,1964-12-12,7,8,Sales Manager,126756.47,INHERITANCE,False,HIGH,ACTIVE
NSB006503,Katelyn,Gonzalez,1986-10-07,12,2,Data Analyst,68334.17,INHERITANCE,False,LOW,ACTIVE
NSB006504,Mary,Mays,1971-02-09,13,4,Software Engineer,118106.49,SALARY,False,LOW,ACTIVE
NSB006505,Melissa,Lawson,2003-11-22,8,2,Nurse,31435.51,SALARY,False,LOW,ACTIVE
NSB006506,Anthony,Lewis,1973-11-16,8,15,Lawyer,106514.74,INVESTMENTS,False,LOW,ACTIVE
NSB006507,Robert,Nixon,1964-03-29,6,5,Marketing Manager,74814.63,INHERITANCE,False,MEDIUM,ACTIVE
NSB006508,Eileen,Graham,1965-08-12,18,2,Software Engineer,119798.06,SALARY,False,MEDIUM,ACTIVE
NSB006509,Michelle,Jackson,1982-11-15,12,1,Doctor,207285.27,BUSINESS,False,MEDIUM,ACTIVE
NSB006510,Roy,Brown,1986-04-09,5,15,Lawyer,154985.24,SALARY,False,MEDIUM,ACTIVE
NSB006511,Linda,Caldwell,2000-12-03,13,8,Accountant,40179.04,SAVINGS,False,LOW,ACTIVE
NSB006512,William,Miller,1949-10-01,19,19,Engineer,80170.05,INVESTMENTS,False,LOW,ACTIVE
NSB006513,Shelley,Pacheco,2005-01-12,18,10,Student,27428.3,SAVINGS,False,MEDIUM,ACTIVE
NSB006514,Mike,Wheeler,2005-06-29,2,10,Consultant,112704.09,INHERITANCE,False,HIGH,ACTIVE
NSB006515,Paul,Johnson,2005-06-23,18,3,Consultant,51107.32,SALARY,False,MEDIUM,ACTIVE
NSB006516,Robert,Dennis,1984-08-23,10,13,Financial Analyst,114713.77,PENSION,False,LOW,ACTIVE
NSB006517,Raven,Burgess,1976-12-10,8,20,Business Owner,260820.75,SALARY,False,LOW,ACTIVE
NSB006518,Angela,Moon,1948-01-24,8,4,Doctor,109714.61,SALARY,False,HIGH,ACTIVE
NSB006519,Megan,White,2000-09-14,3,15,Doctor,123553.08,SALARY,False,LOW,INACTIVE
NSB006520,Lauren,Gonzalez,1970-03-06,10,8,Lawyer,161784.59,INVESTMENTS,False,MEDIUM,ACTIVE
NSB006521,Leslie,Kelly,1944-03-17,3,5,Student,10841.45,SALARY,False,HIGH,ACTIVE
NSB006522,Jeffery,Leach,1975-08-13,11,6,Nurse,32773.58,INHERITANCE,False,LOW,DECEASED
NSB006523,Nathaniel,King,1943-12-20,12,13,Marketing Manager,113761.86,PENSION,False,LOW,ACTIVE
NSB006524,Gary,Ramos,1988-06-27,15,15,Student,16396.33,INVESTMENTS,False,LOW,ACTIVE
NSB006525,Kevin,Schultz,2002-05-24,7,20,Doctor,60796.19,INHERITANCE,True,CRITICAL,ACTIVE
NSB006526,Jordan,Patel,1991-11-05,18,4,Business Owner,148803.42,SALARY,False,MEDIUM,ACTIVE
NSB006527,Kathleen,Hurst,1995-10-06,7,17,Consultant,63772.49,SAVINGS,False,LOW,ACTIVE
NSB006528,Mary,Baker,1966-02-19,18,5,Engineer,86204.19,INHERITANCE,False,LOW,ACTIVE
NSB006529,Daniel,Banks,1975-06-28,5,14,Lawyer,115943.81,SAVINGS,False,HIGH,ACTIVE
NSB006530,James,Pham,1971-03-28,1,16,Financial Analyst,58399.71,SAVINGS,False,MEDIUM,ACTIVE
NSB006531,Brittany,Powers,1944-06-13,17,7,Lawyer,61774.23,INHERITANCE,False,MEDIUM,ACTIVE
NSB006532,Dawn,Adams,2005-03-06,19,15,Financial Analyst,109029.18,INHERITANCE,False,MEDIUM,ACTIVE
NSB006533,Kyle,Arnold,2006-04-11,8,18,Data Analyst,68492.37,BUSINESS,False,MEDIUM,ACTIVE
NSB006534,Brian,Reynolds,1994-01-11,6,6,Architect,79131.42,SAVINGS,False,MEDIUM,ACTIVE
NSB006535,Laurie,Greer,1985-07-21,4,16,Doctor,130050.57,SALARY,False,LOW,ACTIVE
NSB006536,Debbie,Love,1981-06-22,4,19,Data Analyst,65513.33,INHERITANCE,False,MEDIUM,ACTIVE
NSB006537,Courtney,Schmitt,1996-07-30,4,2,Sales Manager,61618.54,BUSINESS,False,MEDIUM,ACTIVE
NSB006538,Brandon,King,1958-06-30,12,15,Business Owner,217963.74,PENSION,False,MEDIUM,ACTIVE
NSB006539,Brent,Garner,1997-11-21,18,17,Teacher,36787.01,INVESTMENTS,False,LOW,ACTIVE
NSB006540,James,Barnes,1988-03-20,8,14,Software Engineer,112770.28,SALARY,False,LOW,ACTIVE
NSB006541,Scott,Patel,1960-07-08,4,6,Engineer,112907.73,SAVINGS,False,LOW,ACTIVE
NSB006542,Helen,Howard,2004-12-03,6,18,Architect,78385.38,SALARY,False,MEDIUM,ACTIVE
NSB006543,Ryan,Adams,1949-08-12,7,18,Marketing Manager,64422.93,BUSINESS,False,MEDIUM,ACTIVE
NSB006544,Ashley,Stone,2003-12-28,15,8,Student,5338.39,INVESTMENTS,False,LOW,ACTIVE
NSB006545,Isaiah,Garrett,1964-08-05,17,10,Business Owner,286688.6,PENSION,False,MEDIUM,ACTIVE
NSB006546,Nicole,Robinson,1981-09-10,16,8,Sales Manager,113669.23,INVESTMENTS,False,LOW,ACTIVE
NSB006547,Linda,Long,1974-04-19,6,14,Marketing Manager,116752.83,PENSION,False,LOW,ACTIVE
NSB006548,Melissa,Hebert,1988-01-18,11,7,Accountant,76789.65,SALARY,False,MEDIUM,ACTIVE
NSB006549,Johnny,Peterson,1971-01-26,6,15,Architect,94777.58,BUSINESS,False,LOW,ACTIVE
NSB006550,Melanie,Pollard,1969-02-08,16,5,Financial Analyst,103225.57,PENSION,False,HIGH,ACTIVE
NSB006551,Joanna,Shields,1982-02-21,13,19,Consultant,112304.04,INVESTMENTS,False,MEDIUM,ACTIVE
NSB006552,John,Saunders,1995-09-10,1,12,Teacher,49431.74,INVESTMENTS,False,LOW,ACTIVE
NSB006553,Alyssa,Adams,1964-05-13,15,1,Engineer,45779.62,INVESTMENTS,True,MEDIUM,CLOSED
NSB006554,John,Rice,1972-04-28,4,16,Software Engineer,56058.15,INHERITANCE,False,MEDIUM,ACTIVE
NSB006555,Kelly,Nichols,1965-04-06,3,13,Software Engineer,75854.48,INVESTMENTS,False,MEDIUM,ACTIVE
NSB006556,Jeffery,Martinez,1946-08-10,12,3,Doctor,157333.75,SALARY,False,MEDIUM,ACTIVE
NSB006557,Logan,Duke,1970-01-01,6,15,Data Analyst,96939.83,INVESTMENTS,False,LOW,ACTIVE
NSB006558,Kristen,Weiss,1964-01-28,5,9,Student,17677.37,INVESTMENTS,False,LOW,ACTIVE
NSB006559,Sara,Mason,1969-04-26,19,7,Software Engineer,112603.16,SALARY,False,LOW,ACTIVE
NSB006560,Matthew,Landry,1995-06-18,10,12,Consultant,107811.63,PENSION,False,LOW,ACTIVE
NSB006561,Jodi,Thompson,1990-10-28,20,18,Financial Analyst,98405.41,INHERITANCE,False,LOW,ACTIVE
NSB006562,Daniel,Pugh,1974-08-15,1,3,Architect,66231.13,SAVINGS,False,LOW,ACTIVE
NSB006563,Jeremy,Rogers,1978-08-25,2,3,Sales Manager,128338.45,PENSION,False,LOW,INACTIVE
NSB006564,Brandon,Henderson,2004-03-22,5,1,Business Owner,195117.42,PENSION,False,LOW,ACTIVE
NSB006565,Jonathan,Hall,1975-10-22,20,11,Accountant,48553.35,PENSION,False,MEDIUM,ACTIVE
NSB006566,Shelby,Smith,1985-12-02,20,18,Software Engineer,102438.12,BUSINESS,False,MEDIUM,ACTIVE
NSB006567,James,Nelson,1995-12-18,4,3,Lawyer,95854.79,SAVINGS,False,LOW,ACTIVE
NSB006568,Joshua,French,1996-09-02,9,12,Nurse,47429.58,SAVINGS,True,HIGH,ACTIVE
NSB006569,Shane,Odom,1983-05-17,6,14,Nurse,55617.57,INHERITANCE,False,MEDIUM,ACTIVE
NSB006570,Gina,Burke,1942-12-12,5,3,Nurse,68836.28,SAVINGS,False,MEDIUM,ACTIVE
NSB006571,Ashley,Evans,1961-03-11,17,2,Nurse,50157.64,PENSION,False,MEDIUM,ACTIVE
NSB006572,Brandon,Sloan,1996-09-03,8,5,Accountant,62888.45,PENSION,False,MEDIUM,ACTIVE
NSB006573,Sharon,Martinez,1958-03-17,5,5,Financial Analyst,91245.07,BUSINESS,False,LOW,ACTIVE
NSB006574,Cassandra,Beard,1996-12-03,13,3,Business Owner,201505.58,INHERITANCE,False,LOW,ACTIVE
NSB006575,Joel,Price,1971-10-15,6,20,Financial Analyst,114089.99,SALARY,False,LOW,ACTIVE
NSB006576,Robert,Anthony,1940-10-13,7,18,Architect,62861.78,INVESTMENTS,False,LOW,CLOSED
NSB006577,Timothy,Hall,1997-04-02,5,19,Consultant,107662.57,INVESTMENTS,False,MEDIUM,ACTIVE
NSB006578,Melissa,Wells,1993-02-07,12,11,Data Analyst,66125.77,PENSION,False,MEDIUM,ACTIVE
NSB006579,Mary,Phillips,1981-09-30,8,19,Lawyer,157568.41,INHERITANCE,False,MEDIUM,ACTIVE
NSB006580,Sean,Garcia,1981-01-07,17,5,Marketing Manager,111275.46,INHERITANCE,False,LOW,ACTIVE
NSB006581,Brian,Cunningham,2000-08-13,13,4,Lawyer,149919.89,PENSION,False,HIGH,ACTIVE
NSB006582,Glen,Chavez,1973-08-03,6,19,Business Owner,250097.4,SALARY,True,CRITICAL,CLOSED
NSB006583,Jeremy,Hicks,1977-09-23,2,4,Data Analyst,91424.76,SALARY,False,LOW,DECEASED
NSB006584,Jessica,Coleman,2004-10-10,9,18,Data Analyst,82028.29,SALARY,False,HIGH,ACTIVE
NSB006585,Todd,Taylor,1986-01-18,17,11,Architect,62489.54,BUSINESS,False,LOW,ACTIVE
NSB006586,Jill,Elliott,2005-07-05,18,9,Engineer,74426.06,PENSION,False,LOW,ACTIVE
NSB006587,Molly,Roberts,1951-11-17,19,9,Software Engineer,101788.1,SALARY,False,MEDIUM,ACTIVE
NSB006588,David,Gonzalez,1979-01-21,2,13,Nurse,36393.72,PENSION,False,MEDIUM,ACTIVE
NSB006589,Troy,Harper,1980-07-07,11,19,Business Owner,186685.39,PENSION,False,LOW,ACTIVE
NSB006590,Chad,Brown,1949-07-18,12,6,Architect,96258.5,SALARY,False,MEDIUM,ACTIVE
NSB006591,Michael,Greene,1982-01-20,2,14,Financial Analyst,95607.34,INHERITANCE,False,LOW,ACTIVE
NSB006592,Michael,Cameron,1953-01-13,13,5,Teacher,50560.4,INVESTMENTS,False,LOW,ACTIVE
NSB006593,Chris,Jenkins,1959-01-08,8,3,Doctor,189421.43,PENSION,False,MEDIUM,ACTIVE
NSB006594,Michael,Delgado,1974-11-21,6,5,Marketing Manager,79129.42,BUSINESS,True,HIGH,ACTIVE
NSB006595,William,Garcia,1996-07-08,1,5,Doctor,239801.69,INVESTMENTS,False,LOW,ACTIVE
NSB006596,Gary,Gonzalez,1944-02-03,14,16,Engineer,83376.67,INVESTMENTS,False,LOW,ACTIVE
NSB006597,Julie,White,1986-01-14,15,6,Data Analyst,75472.42,SALARY,False,MEDIUM,ACTIVE
NSB006598,Debra,Park,1953-02-04,4,17,Accountant,36057.69,PENSION,False,LOW,ACTIVE
NSB006599,Julie,Chavez,2001-07-15,13,17,Marketing Manager,69491.95,INVESTMENTS,False,HIGH,ACTIVE
NSB006600,Alyssa,Green,2005-07-25,19,2,Doctor,106069.47,BUSINESS,False,MEDIUM,ACTIVE
NSB006601,Zachary,Johnson,1975-10-19,20,1,Architect,54856.05,BUSINESS,False,LOW,ACTIVE
NSB006602,Nicholas,Scott,1972-11-10,10,3,Engineer,78145.91,SALARY,False,LOW,ACTIVE
NSB006603,Sue,Peterson,1976-04-09,11,5,Consultant,93547.86,SALARY,False,MEDIUM,ACTIVE
NSB006604,Victor,Nelson,1992-04-08,2,18,Student,19185.98,SALARY,False,LOW,ACTIVE
NSB006605,Miranda,Singleton,1995-02-02,11,13,Business Owner,108049.27,PENSION,False,LOW,ACTIVE
NSB006606,Doris,Anderson,1985-01-15,16,10,Engineer,49863.02,SALARY,False,LOW,ACTIVE
NSB006607,Michael,Wilkinson,1945-07-06,16,6,Nurse,68850.7,PENSION,False,LOW,ACTIVE
NSB006608,Yvonne,Lambert,1946-09-19,16,18,Engineer,101515.87,PENSION,False,MEDIUM,INACTIVE
NSB006609,Heather,Wilson,1999-09-19,5,10,Sales Manager,42303.54,INHERITANCE,False,LOW,ACTIVE
NSB006610,Andrew,Morton,1987-09-03,13,8,Doctor,242001.33,PENSION,False,LOW,ACTIVE
NSB006611,Meagan,Cook,1997-01-09,13,4,Sales Manager,55041.34,PENSION,False,LOW,INACTIVE
NSB006612,Lindsey,Lopez,1982-10-07,4,14,Doctor,174390.18,INVESTMENTS,False,LOW,ACTIVE
NSB006613,Tracey,Love,2003-03-03,16,14,Nurse,38158.91,SAVINGS,False,LOW,ACTIVE
NSB006614,Benjamin,Williams,1962-07-29,12,4,Teacher,57940.83,PENSION,False,LOW,ACTIVE
NSB006615,Anna,Perry,1984-12-06,4,11,Consultant,144217.54,SALARY,False,MEDIUM,ACTIVE
NSB006616,Heather,Ortiz,1952-09-30,5,3,Teacher,62614.75,SAVINGS,False,LOW,ACTIVE
NSB006617,Madeline,Wood,1987-12-21,9,17,Financial Analyst,82617.52,BUSINESS,False,LOW,ACTIVE
NSB006618,Clinton,Russell,1944-10-19,11,8,Student,20866.57,INVESTMENTS,False,MEDIUM,ACTIVE
NSB006619,Cheryl,Smith,2004-10-22,10,18,Doctor,131659.08,INHERITANCE,False,LOW,ACTIVE
NSB006620,Stephen,Cardenas,1984-12-15,18,2,Lawyer,76165.37,PENSION,False,LOW,ACTIVE
NSB006621,Matthew,Clark,1998-08-21,8,14,Software Engineer,96915.89,INHERITANCE,False,LOW,ACTIVE
NSB006622,Andrew,Ruiz,1987-07-21,14,20,Business Owner,131525.3,SAVINGS,False,LOW,ACTIVE
NSB006623,Jonathan,Carpenter,1975-08-16,2,11,Doctor,141732.07,INHERITANCE,False,LOW,ACTIVE
NSB006624,Jamie,Martinez,1988-08-27,16,1,Lawyer,141278.72,PENSION,False,MEDIUM,ACTIVE
NSB006625,Alan,Martinez,1977-02-02,18,12,Doctor,204690.72,SALARY,False,LOW,ACTIVE
NSB006626,Monique,Cantrell,1949-02-16,5,7,Lawyer,89460.88,SALARY,False,LOW,ACTIVE
NSB006627,Richard,Malone,1977-09-22,16,1,Accountant,63701.71,SAVINGS,False,LOW,ACTIVE
NSB006628,Christina,Hurley,1985-10-27,8,15,Software Engineer,106629.71,SALARY,False,LOW,ACTIVE
NSB006629,Patrick,Lopez,1978-07-07,12,16,Sales Manager,70814.19,SAVINGS,False,MEDIUM,ACTIVE
NSB006630,Brian,Colon,1958-08-09,8,8,Consultant,91315.19,SAVINGS,False,LOW,ACTIVE
NSB006631,Patricia,Ashley,1992-01-01,8,2,Nurse,41014.94,SAVINGS,False,LOW,ACTIVE
NSB006632,Ashley,Chavez,1943-11-24,17,11,Accountant,45295.05,SALARY,False,LOW,ACTIVE
NSB006633,Eric,Campbell,1968-02-12,11,8,Nurse,48448.16,INHERITANCE,False,LOW,ACTIVE
NSB006634,Katie,Rivera,1963-03-03,14,11,Accountant,80754.74,INVESTMENTS,False,LOW,ACTIVE
NSB006635,Robert,Oconnell,2002-06-13,16,14,Sales Manager,45404.13,SALARY,False,MEDIUM,ACTIVE
NSB006636,Joshua,Garcia,1963-03-04,8,20,Software Engineer,109591.54,SALARY,False,LOW,ACTIVE
NSB006637,Jennifer,Flynn,1987-06-02,15,12,Consultant,55854.46,SALARY,False,CRITICAL,ACTIVE
NSB006638,Brent,Gomez,1979-04-10,14,17,Doctor,98709.7,SAVINGS,False,LOW,ACTIVE
NSB006639,Charles,Davis,1969-05-13,19,6,Sales Manager,118742.4,INHERITANCE,False,LOW,ACTIVE
NSB006640,Heidi,Poole,1996-02-14,17,10,Engineer,60709.26,SALARY,False,MEDIUM,ACTIVE
NSB006641,Angela,Smith,1996-03-06,2,12,Engineer,59246.52,INHERITANCE,False,MEDIUM,ACTIVE
NSB006642,Kathryn,May,1949-10-03,3,2,Software Engineer,90939.37,SAVINGS,False,LOW,ACTIVE
NSB006643,Jonathan,Hubbard,1971-03-20,13,10,Sales Manager,75155.14,BUSINESS,True,HIGH,ACTIVE
NSB006644,Anita,Whitehead,2001-07-30,9,8,Data Analyst,54952.66,BUSINESS,False,MEDIUM,ACTIVE
NSB006645,Michelle,Webb,1966-12-04,11,3,Accountant,39535.53,SAVINGS,False,MEDIUM,ACTIVE
NSB006646,Jennifer,Hubbard,1969-06-12,18,9,Nurse,41610.12,SALARY,True,HIGH,ACTIVE
NSB006647,Laura,Roberts,1944-08-01,6,19,Accountant,42251.74,BUSINESS,False,MEDIUM,ACTIVE
NSB006648,Morgan,Burns,1965-03-06,13,1,Architect,82720.39,SALARY,False,MEDIUM,ACTIVE
NSB006649,Sheila,Mcfarland,1946-04-26,5,8,Business Owner,197442.22,SAVINGS,False,MEDIUM,ACTIVE
NSB006650,Jessica,Norris,1953-07-10,11,9,Lawyer,93139.78,SALARY,False,LOW,ACTIVE
NSB006651,Kimberly,Mayer,1944-10-07,18,9,Lawyer,157748.98,PENSION,False,LOW,ACTIVE
NSB006652,Melanie,Peters,1985-02-26,3,19,Student,27893.44,SAVINGS,False,LOW,ACTIVE
NSB006653,William,Harris,1947-08-02,17,9,Lawyer,106290.87,INVESTMENTS,False,MEDIUM,INACTIVE
NSB006654,Sarah,Meyer,1957-03-13,7,7,Software Engineer,119430.18,INVESTMENTS,False,LOW,ACTIVE
NSB006655,Mark,Saunders,1996-04-25,11,12,Business Owner,111503.29,SAVINGS,False,LOW,ACTIVE
NSB006656,Lynn,Peterson,1948-04-26,2,9,Sales Manager,106749.5,PENSION,False,MEDIUM,INACTIVE
NSB006657,Patricia,Alvarado,1950-02-28,16,15,Architect,91770.03,BUSINESS,False,MEDIUM,ACTIVE
NSB006658,David,Reeves,1947-08-29,18,2,Marketing Manager,112491.19,BUSINESS,False,LOW,CLOSED
NSB006659,Laura,Burton,1968-11-22,3,3,Lawyer,76983.37,INVESTMENTS,False,LOW,ACTIVE
NSB006660,Harold,Liu,2000-11-20,19,4,Consultant,149260.42,SAVINGS,False,MEDIUM,ACTIVE
NSB006661,Adam,Peterson,1979-08-12,12,20,Consultant,70898.36,INVESTMENTS,False,LOW,ACTIVE
NSB006662,Erik,Kim,1970-06-29,7,9,Financial Analyst,75971.9,SAVINGS,False,MEDIUM,ACTIVE
NSB006663,Mallory,Potter,1964-03-23,14,8,Nurse,69757.5,SAVINGS,False,LOW,ACTIVE
NSB006664,Matthew,Soto,2002-01-07,5,16,Student,17879.36,PENSION,False,HIGH,ACTIVE
NSB006665,Christina,Ali,1951-10-11,6,5,Financial Analyst,84854.89,INVESTMENTS,False,MEDIUM,ACTIVE
NSB006666,Wanda,Poole,1963-03-09,13,16,Accountant,58752.08,INVESTMENTS,False,LOW,ACTIVE
NSB006667,Daniel,Collins,1966-09-09,16,17,Doctor,204145.94,INHERITANCE,False,LOW,ACTIVE
NSB006668,Joseph,Lara,1973-07-17,17,10,Accountant,88785.57,PENSION,False,LOW,ACTIVE
NSB006669,Madison,Taylor,1961-11-30,3,19,Teacher,45243.87,SALARY,False,LOW,ACTIVE
NSB006670,Angela,Powers,2002-03-08,16,16,Sales Manager,79382.73,INVESTMENTS,False,MEDIUM,ACTIVE
NSB006671,Andrea,Andrews,1985-08-26,12,3,Lawyer,82171.53,INHERITANCE,False,MEDIUM,ACTIVE
NSB006672,Elizabeth,Merritt,1952-12-20,14,19,Business Owner,119453.21,SAVINGS,False,MEDIUM,ACTIVE
NSB006673,Marissa,Davis,1990-02-19,1,11,Engineer,76497.83,BUSINESS,False,LOW,ACTIVE
NSB006674,Brett,Brown,1968-06-15,4,12,Doctor,193665.0,INHERITANCE,False,MEDIUM,ACTIVE
NSB006675,Christopher,Armstrong,1972-09-24,11,15,Data Analyst,99196.42,PENSION,False,MEDIUM,ACTIVE
NSB006676,Christopher,Arias,1948-01-12,2,1,Teacher,55492.75,SALARY,False,MEDIUM,ACTIVE
NSB006677,Haley,Mcfarland,1984-10-19,7,15,Business Owner,84126.07,INHERITANCE,False,LOW,INACTIVE
NSB006678,Tiffany,Smith,1941-09-02,11,10,Marketing Manager,55324.98,SAVINGS,False,MEDIUM,ACTIVE
NSB006679,Kristy,Cruz,1994-10-13,13,4,Financial Analyst,92008.87,INHERITANCE,False,LOW,ACTIVE
NSB006680,Mike,Gordon,1957-10-04,19,9,Financial Analyst,113192.92,SAVINGS,False,MEDIUM,ACTIVE
NSB006681,Joshua,Horne,1977-06-28,19,7,Lawyer,127760.07,INHERITANCE,False,HIGH,ACTIVE
NSB006682,Victoria,Armstrong,1956-04-25,6,16,Lawyer,116782.38,BUSINESS,False,LOW,ACTIVE
NSB006683,Jeremy,Watkins,1954-04-25,4,20,Nurse,32118.9,BUSINESS,False,LOW,ACTIVE
NSB006684,Megan,Valencia,1967-08-28,18,16,Business Owner,193012.97,SALARY,False,LOW,ACTIVE
NSB006685,Marilyn,Fuentes,1941-12-14,3,15,Engineer,72624.99,SALARY,False,LOW,ACTIVE
NSB006686,David,Bradley,1953-01-19,3,15,Engineer,62117.62,INHERITANCE,False,LOW,ACTIVE
NSB006687,Judy,Harris,1986-08-21,17,18,Lawyer,105859.59,PENSION,False,LOW,INACTIVE
NSB006688,Allen,Taylor,1980-01-23,18,18,Software Engineer,86278.37,PENSION,False,LOW,ACTIVE
NSB006689,Jamie,Kim,1954-11-13,6,20,Student,8796.39,SAVINGS,False,LOW,ACTIVE
NSB006690,Victoria,Rodriguez,1999-12-12,17,15,Student,22608.38,INVESTMENTS,False,MEDIUM,ACTIVE
NSB006691,Victoria,Warren,2003-02-28,2,13,Architect,85662.0,INHERITANCE,False,LOW,ACTIVE
NSB006692,Nathan,Taylor,1991-05-02,8,6,Lawyer,158329.33,SALARY,False,LOW,ACTIVE
NSB006693,Mary,Kelly,1959-10-28,16,2,Engineer,73329.85,INHERITANCE,False,LOW,ACTIVE
NSB006694,Stacey,Fisher,1956-07-22,11,1,Architect,40176.84,PENSION,False,MEDIUM,ACTIVE
NSB006695,Zachary,Howard,1984-05-02,2,20,Teacher,67556.71,INHERITANCE,False,MEDIUM,ACTIVE
NSB006696,Isaac,Lawrence,1984-11-03,8,18,Software Engineer,54277.36,SALARY,False,MEDIUM,CLOSED
NSB006697,Miguel,Black,1987-12-15,16,12,Accountant,35178.44,INVESTMENTS,False,LOW,ACTIVE
NSB006698,Angela,Barnes,1970-04-15,17,9,Business Owner,82369.8,PENSION,False,LOW,ACTIVE
NSB006699,Darlene,Chavez,1962-01-15,20,7,Sales Manager,114004.92,INHERITANCE,False,MEDIUM,ACTIVE
NSB006700,Destiny,Johnson,2000-07-27,13,8,Sales Manager,87327.06,BUSINESS,False,LOW,ACTIVE
NSB006701,Robert,Brown,1992-03-07,4,19,Lawyer,89403.89,SAVINGS,False,MEDIUM,ACTIVE
NSB006702,Christine,Black,1980-05-18,17,20,Teacher,55209.96,SALARY,False,HIGH,ACTIVE
NSB006703,Grant,Davis,1943-07-20,3,5,Student,28936.67,BUSINESS,False,HIGH,CLOSED
NSB006704,Linda,Sanchez,1973-02-28,7,20,Teacher,57884.24,INHERITANCE,False,HIGH,ACTIVE
NSB006705,Veronica,Wise,2004-10-12,8,5,Sales Manager,110620.3,SALARY,False,LOW,ACTIVE
NSB006706,Mark,Johnson,1948-03-15,5,17,Sales Manager,73787.72,SAVINGS,False,LOW,ACTIVE
NSB006707,Roy,Martin,1966-08-30,8,12,Consultant,121662.26,INVESTMENTS,False,LOW,ACTIVE
NSB006708,Andre,Lee,1941-09-07,16,15,Nurse,44041.04,INVESTMENTS,False,MEDIUM,BLOCKED
NSB006709,Richard,Wolf,1962-07-30,17,12,Sales Manager,93478.54,SALARY,False,CRITICAL,ACTIVE
NSB006710,Matthew,Mccarty,1940-12-06,7,13,Engineer,95852.58,INHERITANCE,False,LOW,ACTIVE
NSB006711,Stephen,Reid,1964-03-12,11,10,Nurse,61010.97,SALARY,False,MEDIUM,ACTIVE
NSB006712,Mary,Walsh,1955-10-30,17,13,Doctor,212359.2,BUSINESS,False,LOW,ACTIVE
NSB006713,Mary,Romero,1944-08-20,15,9,Architect,64927.36,SALARY,False,LOW,ACTIVE
NSB006714,David,Brock,1960-05-10,8,18,Financial Analyst,97799.92,INVESTMENTS,False,LOW,ACTIVE
NSB006715,Matthew,Holmes,1954-06-06,4,4,Software Engineer,84846.56,SALARY,False,LOW,ACTIVE
NSB006716,Steven,Hayes,1988-04-05,8,17,Teacher,51422.21,BUSINESS,False,MEDIUM,ACTIVE
NSB006717,John,Walker,1997-06-26,11,15,Software Engineer,116448.42,SAVINGS,False,MEDIUM,ACTIVE
NSB006718,Jessica,Wright,1958-06-07,1,14,Teacher,67130.16,PENSION,False,LOW,ACTIVE
NSB006719,Ashley,Ellis,1971-12-25,14,20,Teacher,49199.8,INHERITANCE,False,LOW,ACTIVE
NSB006720,Barry,Blackwell,1985-12-25,7,4,Marketing Manager,105383.54,SAVINGS,False,MEDIUM,ACTIVE
NSB006721,Kimberly,Garcia,1943-06-24,12,2,Nurse,57543.96,SAVINGS,False,MEDIUM,ACTIVE
NSB006722,Kelly,Melton,1960-01-29,10,20,Financial Analyst,104244.08,SAVINGS,False,LOW,ACTIVE
NSB006723,Scott,Mclaughlin,2000-05-18,14,18,Lawyer,154164.71,BUSINESS,False,LOW,ACTIVE
NSB006724,Marissa,Garcia,1984-01-28,13,1,Engineer,107990.89,INHERITANCE,False,MEDIUM,ACTIVE
NSB006725,Samantha,Gonzalez,1978-11-30,15,19,Financial Analyst,96760.9,INHERITANCE,False,MEDIUM,ACTIVE
NSB006726,Mark,Banks,1958-12-29,18,3,Sales Manager,77348.34,PENSION,False,MEDIUM,ACTIVE
NSB006727,Barry,Wright,1973-12-10,19,15,Consultant,90409.26,SALARY,False,MEDIUM,ACTIVE
NSB006728,Allen,Chen,1973-11-18,1,6,Data Analyst,41592.44,INHERITANCE,False,MEDIUM,ACTIVE
NSB006729,Lisa,Smith,1957-12-01,6,6,Doctor,196268.99,SAVINGS,False,LOW,ACTIVE
NSB006730,Alejandro,Murphy,1996-07-03,14,18,Nurse,49590.16,PENSION,False,LOW,ACTIVE
NSB006731,Michelle,Erickson,1959-04-11,7,11,Doctor,108538.77,SALARY,False,LOW,BLOCKED
NSB006732,Matthew,Mcmillan,1991-08-13,18,8,Software Engineer,98323.35,SAVINGS,False,LOW,ACTIVE
NSB006733,Jeffrey,Pacheco,2000-04-01,4,13,Financial Analyst,81605.93,SALARY,False,MEDIUM,ACTIVE
NSB006734,James,Roberts,1977-12-25,12,13,Financial Analyst,70113.45,BUSINESS,False,LOW,ACTIVE
NSB006735,Bradley,Jackson,1956-02-10,5,10,Engineer,86476.28,PENSION,False,MEDIUM,ACTIVE
NSB006736,Kevin,Young,1968-03-22,3,19,Consultant,109457.01,INHERITANCE,False,LOW,ACTIVE
NSB006737,Kelly,Hughes,1964-01-24,19,13,Financial Analyst,76399.14,SAVINGS,False,MEDIUM,ACTIVE
NSB006738,Jonathan,Miller,1958-09-04,15,20,Business Owner,181771.5,INHERITANCE,True,HIGH,ACTIVE
NSB006739,Christina,Cameron,1995-10-15,18,19,Software Engineer,56647.86,INHERITANCE,False,MEDIUM,ACTIVE
NSB006740,Nathan,Beasley,1997-07-02,3,1,Software Engineer,55079.78,SALARY,False,HIGH,ACTIVE
NSB006741,Sara,Smith,1977-01-15,3,7,Architect,55489.43,INHERITANCE,False,LOW,ACTIVE
NSB006742,Garrett,Wall,1970-05-25,2,13,Teacher,67124.94,SAVINGS,False,LOW,ACTIVE
NSB006743,James,Wade,2002-01-26,7,20,Business Owner,53026.18,PENSION,False,LOW,DECEASED
NSB006744,Brett,Farley,1946-09-08,1,19,Business Owner,166416.97,PENSION,False,LOW,ACTIVE
NSB006745,Elizabeth,Zimmerman,2001-11-16,7,13,Engineer,63690.03,INHERITANCE,False,LOW,ACTIVE
NSB006746,Anthony,Wise,1993-06-29,3,2,Teacher,47400.74,SALARY,False,LOW,ACTIVE
NSB006747,Laura,Powers,1962-06-25,16,5,Architect,92728.3,SAVINGS,False,MEDIUM,ACTIVE
NSB006748,Michael,Andrews,1987-12-24,2,10,Sales Manager,114555.39,SALARY,False,MEDIUM,ACTIVE
NSB006749,Samantha,Lowery,1991-07-13,16,14,Software Engineer,107270.65,INVESTMENTS,False,LOW,ACTIVE
NSB006750,Sophia,Adams,2002-05-23,5,15,Architect,70245.65,SALARY,False,HIGH,ACTIVE
NSB006751,Laurie,Thomas,1948-10-11,12,13,Teacher,47635.45,BUSINESS,False,MEDIUM,ACTIVE
NSB006752,Ryan,Ruiz,1997-02-03,8,19,Data Analyst,55503.53,PENSION,False,LOW,ACTIVE
NSB006753,Diana,Simmons,2004-04-13,14,1,Lawyer,84364.53,BUSINESS,False,LOW,INACTIVE
NSB006754,Thomas,Shelton,1989-06-25,10,16,Business Owner,193991.8,INHERITANCE,False,MEDIUM,ACTIVE
NSB006755,Daniel,Davis,1950-04-17,6,9,Software Engineer,100387.93,SALARY,False,MEDIUM,ACTIVE
NSB006756,Jason,Johnson,1943-10-26,2,5,Business Owner,54454.98,PENSION,False,LOW,ACTIVE
NSB006757,Anthony,Thomas,1984-03-10,9,10,Financial Analyst,90384.64,BUSINESS,False,MEDIUM,ACTIVE
NSB006758,Michael,Hendrix,1972-09-23,6,6,Student,18882.22,INHERITANCE,False,MEDIUM,ACTIVE
NSB006759,Michael,Rogers,1951-04-05,9,18,Marketing Manager,106925.38,INHERITANCE,False,MEDIUM,ACTIVE
NSB006760,James,Rodriguez,1988-05-01,6,1,Accountant,67013.88,PENSION,False,LOW,ACTIVE
NSB006761,Lori,Huff,2001-12-17,20,3,Lawyer,118724.05,PENSION,False,MEDIUM,ACTIVE
NSB006762,Wendy,Hart,1987-07-20,17,2,Teacher,54795.63,INHERITANCE,False,LOW,ACTIVE
NSB006763,Nicole,Ward,1978-03-29,12,7,Marketing Manager,52443.19,SAVINGS,True,HIGH,ACTIVE
NSB006764,John,Kerr,1997-05-01,9,3,Software Engineer,60474.34,SALARY,False,LOW,ACTIVE
NSB006765,Mary,Cannon,1955-12-12,8,19,Business Owner,199946.12,INVESTMENTS,False,LOW,ACTIVE
NSB006766,Thomas,Hartman,1975-04-27,4,12,Accountant,46362.91,INHERITANCE,False,LOW,ACTIVE
NSB006767,John,Hardin,1955-09-22,2,18,Student,19914.38,SALARY,False,LOW,ACTIVE
NSB006768,Daisy,Patel,1954-01-27,11,9,Teacher,52408.87,BUSINESS,False,MEDIUM,ACTIVE
NSB006769,Anthony,Munoz,1997-07-25,1,6,Teacher,61894.54,INHERITANCE,False,LOW,ACTIVE
NSB006770,David,Cummings,1974-03-05,7,14,Nurse,61359.44,BUSINESS,False,CRITICAL,ACTIVE
NSB006771,Melvin,Williams,1958-12-13,15,20,Nurse,66426.04,PENSION,False,MEDIUM,ACTIVE
NSB006772,Martin,Williamson,1983-02-09,9,12,Financial Analyst,92364.46,SAVINGS,False,MEDIUM,ACTIVE
NSB006773,Wendy,Andrews,1973-06-16,5,17,Data Analyst,91950.88,BUSINESS,False,CRITICAL,ACTIVE
NSB006774,Calvin,Simpson,1967-02-04,2,7,Accountant,37936.54,INVESTMENTS,False,LOW,ACTIVE
NSB006775,Dylan,Davis,1957-06-05,17,1,Data Analyst,66042.75,INVESTMENTS,False,LOW,ACTIVE
NSB006776,Jill,Fields,1960-03-15,4,10,Student,30583.48,SALARY,False,LOW,ACTIVE
NSB006777,Christopher,Aguirre,1977-09-17,5,3,Nurse,33911.11,BUSINESS,False,MEDIUM,ACTIVE
NSB006778,Michael,Thomas,1989-07-13,10,4,Software Engineer,49436.83,INVESTMENTS,False,HIGH,ACTIVE
NSB006779,Tara,Allen,1950-04-13,9,15,Financial Analyst,114768.08,PENSION,False,HIGH,BLOCKED
NSB006780,Tanya,Roberts,2004-05-20,18,10,Financial Analyst,71671.67,SAVINGS,False,LOW,ACTIVE
NSB006781,Mark,Alexander,1973-12-21,4,12,Accountant,50235.41,PENSION,False,MEDIUM,ACTIVE
NSB006782,Ronald,Howard,1959-07-20,5,14,Teacher,48673.8,BUSINESS,False,LOW,ACTIVE
NSB006783,Erica,Williams,1976-01-18,19,20,Software Engineer,109501.55,BUSINESS,False,LOW,ACTIVE
NSB006784,Lindsay,Zimmerman,1940-11-11,13,5,Doctor,172348.7,SALARY,False,CRITICAL,ACTIVE
NSB006785,Alyssa,Brown,1953-09-20,9,5,Business Owner,299493.29,INVESTMENTS,False,HIGH,ACTIVE
NSB006786,Megan,Huffman,1981-04-06,12,10,Architect,58861.19,SALARY,True,CRITICAL,ACTIVE
NSB006787,Christopher,Clark,1947-05-29,13,3,Student,9766.63,SALARY,False,LOW,ACTIVE
NSB006788,Patrick,Anderson,1998-08-18,8,8,Doctor,143864.1,BUSINESS,False,MEDIUM,ACTIVE
NSB006789,Jennifer,Fletcher,1982-09-16,9,15,Teacher,58969.03,PENSION,False,MEDIUM,ACTIVE
NSB006790,Andrew,Brock,1952-03-28,14,1,Marketing Manager,53433.71,INHERITANCE,False,LOW,ACTIVE
NSB006791,Carolyn,Simpson,1991-11-18,9,7,Student,10677.07,PENSION,False,LOW,ACTIVE
NSB006792,Lauren,Allen,1942-02-10,11,3,Business Owner,55114.34,PENSION,False,MEDIUM,ACTIVE
NSB006793,Matthew,Burton,1959-03-27,17,4,Financial Analyst,58722.4,SAVINGS,False,LOW,ACTIVE
NSB006794,Dana,Rogers,1962-07-28,2,19,Sales Manager,123469.78,PENSION,False,MEDIUM,ACTIVE
NSB006795,Gregory,Huber,1958-02-27,7,15,Teacher,57471.58,SALARY,False,MEDIUM,ACTIVE
NSB006796,Sandra,Serrano,1949-07-29,16,6,Sales Manager,103495.03,BUSINESS,False,MEDIUM,ACTIVE
NSB006797,Daniel,Sanchez,1981-09-05,17,20,Software Engineer,93894.15,INVESTMENTS,False,LOW,INACTIVE
NSB006798,Andrew,Castro,1991-09-24,8,5,Lawyer,54790.02,SAVINGS,False,LOW,ACTIVE
NSB006799,Tracy,King,2001-09-18,17,19,Lawyer,115900.05,INHERITANCE,False,LOW,INACTIVE
NSB006800,Joy,Ferguson,1962-12-15,17,14,Marketing Manager,81732.35,INHERITANCE,False,HIGH,ACTIVE
NSB006801,Donald,Ramos,1992-03-07,17,6,Nurse,33640.79,SAVINGS,False,LOW,ACTIVE
NSB006802,Brittany,Li,2003-07-14,4,8,Lawyer,72394.03,BUSINESS,False,MEDIUM,ACTIVE
NSB006803,Scott,Baker,1955-06-11,5,4,Accountant,79650.35,SAVINGS,False,MEDIUM,ACTIVE
NSB006804,Matthew,Smith,1951-09-21,11,17,Engineer,110880.67,SALARY,False,LOW,ACTIVE
NSB006805,John,Rodriguez,1961-12-29,10,9,Consultant,95678.12,PENSION,False,LOW,INACTIVE
NSB006806,Jose,Hall,1958-06-10,12,7,Engineer,53607.76,INVESTMENTS,False,LOW,ACTIVE
NSB006807,Angela,Torres,1996-07-05,8,18,Engineer,114015.67,SAVINGS,False,LOW,ACTIVE
NSB006808,Michael,Campbell,1948-07-17,5,17,Sales Manager,49103.55,SAVINGS,False,MEDIUM,ACTIVE
NSB006809,Joseph,Moore,2001-08-23,9,8,Sales Manager,115320.41,BUSINESS,False,LOW,ACTIVE
NSB006810,Kristi,Williams,1981-02-11,14,15,Consultant,147042.16,INVESTMENTS,False,LOW,ACTIVE
NSB006811,Stacey,Boyle,1986-06-09,3,15,Architect,88192.41,SAVINGS,False,MEDIUM,ACTIVE
NSB006812,Andrea,Gilbert,1951-06-28,17,14,Student,22014.83,INHERITANCE,False,LOW,ACTIVE
NSB006813,Alexandra,Gutierrez,1963-10-17,12,4,Consultant,143850.09,SAVINGS,False,MEDIUM,ACTIVE
NSB006814,Keith,Elliott,1941-04-15,16,14,Sales Manager,59379.58,INHERITANCE,False,LOW,ACTIVE
NSB006815,Joshua,Torres,1974-12-01,15,13,Sales Manager,67669.01,PENSION,False,LOW,ACTIVE
NSB006816,John,Flores,1979-04-01,20,11,Business Owner,125196.17,SAVINGS,False,HIGH,ACTIVE
NSB006817,Rachel,Ortiz,1992-05-06,5,20,Marketing Manager,103890.45,INHERITANCE,False,LOW,ACTIVE
NSB006818,Renee,Cardenas,1962-02-20,5,17,Data Analyst,80755.16,BUSINESS,False,LOW,ACTIVE
NSB006819,Valerie,Terry,1954-11-30,8,15,Teacher,38159.0,SALARY,False,LOW,ACTIVE
NSB006820,Nicole,Sullivan,1961-11-08,10,7,Student,32644.43,SALARY,False,LOW,ACTIVE
NSB006821,Bill,Wilson,1963-04-21,9,15,Financial Analyst,65591.68,INVESTMENTS,False,MEDIUM,ACTIVE
NSB006822,Christopher,Lee,1958-09-21,17,5,Doctor,119626.28,INVESTMENTS,False,LOW,ACTIVE
NSB006823,Karen,Robinson,1947-06-25,15,4,Nurse,59040.68,INVESTMENTS,False,LOW,ACTIVE
NSB006824,Joshua,Watson,1942-01-30,12,12,Business Owner,178687.65,SAVINGS,False,MEDIUM,ACTIVE
NSB006825,Lisa,Munoz,1948-01-29,19,5,Teacher,44616.53,PENSION,False,LOW,ACTIVE
NSB006826,Todd,Wilkerson,1965-06-12,16,10,Software Engineer,115709.47,SALARY,False,LOW,INACTIVE
NSB006827,Megan,Wells,1944-08-23,8,19,Sales Manager,91435.11,SALARY,False,HIGH,ACTIVE
NSB006828,Jason,Jackson,1992-11-17,2,17,Software Engineer,80248.04,INHERITANCE,False,LOW,ACTIVE
NSB006829,Donna,Ross,1984-10-21,7,8,Accountant,56900.94,PENSION,False,MEDIUM,ACTIVE
NSB006830,Jessica,Garcia,1943-07-15,9,11,Financial Analyst,85290.34,SALARY,False,LOW,ACTIVE
NSB006831,George,Solomon,1981-03-08,17,11,Architect,99066.17,SAVINGS,False,LOW,ACTIVE
NSB006832,Jesse,Allen,1991-09-14,7,6,Nurse,66197.64,INVESTMENTS,False,LOW,ACTIVE
NSB006833,Sydney,Tucker,1980-10-03,3,1,Lawyer,59241.29,INVESTMENTS,False,LOW,BLOCKED
NSB006834,Christopher,Jones,1981-03-17,12,18,Business Owner,30546.65,SAVINGS,False,LOW,ACTIVE
NSB006835,Lindsay,Smith,1994-01-29,8,14,Sales Manager,49145.61,SAVINGS,False,LOW,INACTIVE
NSB006836,Craig,Holden,2003-11-28,20,6,Lawyer,176038.99,PENSION,False,MEDIUM,ACTIVE
NSB006837,Cheryl,Hodges,2001-06-29,7,7,Financial Analyst,108419.62,INHERITANCE,False,MEDIUM,ACTIVE
NSB006838,Jennifer,Knight,1941-04-06,4,17,Data Analyst,61876.52,SALARY,False,LOW,ACTIVE
NSB006839,Wayne,Barrett,1971-03-24,20,8,Financial Analyst,64267.36,BUSINESS,False,MEDIUM,ACTIVE
NSB006840,Rebecca,Harris,1981-05-11,12,11,Student,15312.44,PENSION,False,MEDIUM,ACTIVE
NSB006841,Brandon,Olsen,1969-07-05,19,5,Financial Analyst,74889.69,BUSINESS,False,LOW,ACTIVE
NSB006842,Paula,Smith,1948-02-19,4,14,Software Engineer,66305.07,SAVINGS,False,LOW,ACTIVE
NSB006843,Sylvia,Lowe,1982-10-04,7,10,Doctor,185119.46,SAVINGS,False,LOW,ACTIVE
NSB006844,Cameron,Poole,1949-02-02,7,16,Teacher,61425.84,SALARY,False,LOW,ACTIVE
NSB006845,Craig,Valenzuela,1941-07-03,18,7,Data Analyst,59303.32,SAVINGS,False,LOW,ACTIVE
NSB006846,Carolyn,Perry,1968-09-07,19,18,Financial Analyst,97196.91,SALARY,False,MEDIUM,ACTIVE
NSB006847,Krista,Cross,1969-09-07,11,6,Lawyer,96136.11,SAVINGS,False,LOW,ACTIVE
NSB006848,Dana,Casey,1991-08-20,7,2,Marketing Manager,106048.48,INVESTMENTS,False,MEDIUM,ACTIVE
NSB006849,Thomas,Brown,1971-03-29,19,12,Engineer,84615.79,PENSION,False,LOW,ACTIVE
NSB006850,Amy,Rose,1952-06-01,5,5,Accountant,38232.84,PENSION,True,HIGH,ACTIVE
NSB006851,Donald,Robinson,1950-01-28,11,10,Data Analyst,40678.26,BUSINESS,False,CRITICAL,ACTIVE
NSB006852,Catherine,Sosa,1969-04-08,14,2,Business Owner,143654.21,BUSINESS,False,MEDIUM,ACTIVE
NSB006853,Raymond,Ayala,2003-01-23,18,8,Nurse,60756.22,INVESTMENTS,False,LOW,ACTIVE
NSB006854,Barry,Mcguire,1981-04-30,3,1,Doctor,238918.06,INVESTMENTS,False,HIGH,DECEASED
NSB006855,Stacy,Wright,1980-01-23,11,18,Architect,98632.02,PENSION,False,LOW,ACTIVE
NSB006856,Joshua,Gordon,1989-01-04,11,20,Data Analyst,57511.02,PENSION,False,LOW,ACTIVE
NSB006857,William,Hernandez,1968-04-13,8,14,Nurse,63393.56,INVESTMENTS,False,HIGH,INACTIVE
NSB006858,Melissa,Clark,1988-02-17,10,15,Lawyer,68145.58,INVESTMENTS,False,LOW,ACTIVE
NSB006859,Michelle,Hamilton,1994-05-21,12,12,Business Owner,185329.67,SALARY,False,MEDIUM,ACTIVE
NSB006860,Curtis,Terrell,2006-03-04,10,9,Nurse,57860.92,SALARY,False,HIGH,INACTIVE
NSB006861,Anthony,Davis,2000-06-03,10,7,Business Owner,43645.15,BUSINESS,False,MEDIUM,ACTIVE
NSB006862,Daniel,Brown,1943-05-12,15,18,Architect,67470.4,INVESTMENTS,False,LOW,ACTIVE
NSB006863,Jonathan,Rodriguez,1980-07-06,10,16,Engineer,102404.36,SALARY,False,MEDIUM,ACTIVE
NSB006864,Karen,Williams,1989-01-03,20,12,Business Owner,257524.6,INVESTMENTS,False,LOW,ACTIVE
NSB006865,Shawn,Graham,1969-10-04,8,4,Student,22045.66,INVESTMENTS,False,LOW,ACTIVE
NSB006866,Jennifer,Cook,1995-01-24,12,16,Accountant,42500.13,SALARY,False,MEDIUM,ACTIVE
NSB006867,Ronald,Madden,1950-07-28,2,12,Lawyer,83319.2,SALARY,False,CRITICAL,ACTIVE
NSB006868,Brian,Hill,1981-09-03,6,11,Sales Manager,110565.16,SALARY,False,LOW,ACTIVE
NSB006869,Michael,Osborne,1991-02-27,7,3,Doctor,70981.26,SAVINGS,False,LOW,ACTIVE
NSB006870,Joanne,Juarez,1956-07-08,5,18,Marketing Manager,76399.85,PENSION,False,LOW,ACTIVE
NSB006871,Stephanie,Martinez,1985-02-21,7,14,Teacher,35615.13,BUSINESS,False,MEDIUM,ACTIVE
NSB006872,Trevor,Fowler,1973-05-25,17,17,Sales Manager,54634.19,INVESTMENTS,True,CRITICAL,ACTIVE
NSB006873,Fred,Castro,2005-01-01,1,7,Data Analyst,64109.99,INHERITANCE,False,LOW,INACTIVE
NSB006874,Morgan,Smith,1999-12-26,19,4,Teacher,32531.34,PENSION,False,LOW,ACTIVE
NSB006875,Courtney,Murphy,1987-02-19,3,2,Sales Manager,127297.3,INHERITANCE,False,LOW,INACTIVE
NSB006876,Theresa,Hall,2002-07-22,9,9,Data Analyst,75049.2,SALARY,False,LOW,ACTIVE
NSB006877,Allison,Gill,1963-10-06,6,16,Nurse,52100.99,SAVINGS,False,HIGH,ACTIVE
NSB006878,Meredith,Ramos,1997-06-12,13,18,Doctor,68598.43,SAVINGS,False,MEDIUM,ACTIVE
NSB006879,Tyler,Ross,1995-04-04,13,13,Lawyer,123550.75,SALARY,False,LOW,ACTIVE
NSB006880,Sheila,Moreno,2001-08-01,4,7,Lawyer,62089.0,SAVINGS,False,LOW,ACTIVE
NSB006881,Sara,Yates,1942-01-24,5,15,Marketing Manager,55546.03,SALARY,False,HIGH,ACTIVE
NSB006882,Jody,Walsh,2001-08-08,10,10,Data Analyst,92476.64,SALARY,False,LOW,ACTIVE
NSB006883,Brandon,Miles,1954-12-25,5,18,Business Owner,201665.99,SALARY,False,LOW,ACTIVE
NSB006884,Juan,Cordova,1964-03-01,6,16,Sales Manager,72798.9,SAVINGS,False,MEDIUM,ACTIVE
NSB006885,William,Kennedy,1987-08-24,1,2,Engineer,113926.4,PENSION,False,LOW,ACTIVE
NSB006886,Amber,Munoz,1987-10-18,18,16,Business Owner,236770.21,BUSINESS,False,LOW,INACTIVE
NSB006887,Brandon,Miller,1940-11-17,3,13,Engineer,102490.0,SAVINGS,False,LOW,ACTIVE
NSB006888,Robert,Davis,1959-03-27,13,16,Student,17906.58,PENSION,False,LOW,INACTIVE
NSB006889,Sara,Vega,2000-02-03,14,9,Architect,62365.2,PENSION,False,HIGH,ACTIVE
NSB006890,Amanda,Hernandez,1980-04-21,4,20,Nurse,56189.04,SAVINGS,False,LOW,INACTIVE
NSB006891,Bailey,Morgan,1952-04-17,18,15,Nurse,61813.12,PENSION,False,LOW,ACTIVE
NSB006892,Maria,Cannon,1997-08-13,4,19,Marketing Manager,57495.77,SAVINGS,False,LOW,ACTIVE
NSB006893,Thomas,Taylor,1985-04-28,14,4,Architect,56282.96,BUSINESS,False,LOW,ACTIVE
NSB006894,Robert,Johnson,1984-05-07,4,16,Financial Analyst,60451.18,SALARY,False,LOW,ACTIVE
NSB006895,Jennifer,Matthews,2004-11-06,19,18,Engineer,51612.06,PENSION,False,LOW,ACTIVE
NSB006896,Ashley,Acevedo,1988-11-27,11,11,Student,14465.09,INHERITANCE,False,LOW,ACTIVE
NSB006897,Jennifer,Harper,1974-10-28,18,12,Business Owner,270406.82,INVESTMENTS,False,LOW,ACTIVE
NSB006898,Troy,Moore,1968-11-20,16,16,Data Analyst,69468.07,SAVINGS,False,MEDIUM,ACTIVE
NSB006899,Matthew,Johnson,2001-07-15,9,13,Data Analyst,69627.84,SAVINGS,False,MEDIUM,ACTIVE
NSB006900,Isabel,Jordan,1984-08-16,17,17,Student,7831.62,INHERITANCE,False,MEDIUM,ACTIVE
NSB006901,Julia,Hunter,2003-07-31,5,5,Accountant,85089.63,SALARY,False,LOW,ACTIVE
NSB006902,Madeline,Marks,1955-12-28,15,13,Student,31909.06,BUSINESS,False,MEDIUM,ACTIVE
NSB006903,Antonio,Allen,1956-12-02,17,17,Engineer,60617.12,PENSION,False,HIGH,ACTIVE
NSB006904,Cheyenne,Wallace,1963-08-20,10,2,Financial Analyst,89136.94,INHERITANCE,False,LOW,ACTIVE
NSB006905,Jeremy,Baker,1960-03-18,3,2,Software Engineer,58879.92,PENSION,False,LOW,ACTIVE
NSB006906,Karina,Knapp,1949-04-20,4,12,Software Engineer,116444.88,SALARY,False,MEDIUM,ACTIVE
NSB006907,Courtney,Barry,1984-07-06,7,18,Consultant,73177.81,PENSION,False,LOW,CLOSED
NSB006908,Carol,Lewis,1949-05-29,2,13,Doctor,248996.86,INVESTMENTS,False,MEDIUM,ACTIVE
NSB006909,Corey,Miller,1969-11-12,13,3,Sales Manager,99068.91,SALARY,False,HIGH,ACTIVE
NSB006910,Kenneth,Mayo,1972-01-28,17,17,Accountant,72028.95,INHERITANCE,False,CRITICAL,ACTIVE
NSB006911,Heather,Barnes,2006-05-01,13,4,Nurse,30855.28,SALARY,False,LOW,ACTIVE
NSB006912,Claire,Patel,1952-05-04,4,5,Sales Manager,59910.65,BUSINESS,False,MEDIUM,ACTIVE
NSB006913,David,Decker,1986-06-08,19,7,Accountant,82983.48,PENSION,False,LOW,ACTIVE
NSB006914,Brent,Le,1960-07-03,20,5,Doctor,193852.55,INHERITANCE,False,LOW,ACTIVE
NSB006915,Anthony,Wilson,1974-05-11,1,4,Financial Analyst,103053.65,INVESTMENTS,False,LOW,ACTIVE
NSB006916,Victor,Brown,2005-04-13,20,20,Engineer,91868.21,INVESTMENTS,False,HIGH,CLOSED
NSB006917,Maria,Kramer,1998-08-12,19,6,Doctor,168067.98,INVESTMENTS,False,CRITICAL,ACTIVE
NSB006918,Tiffany,Floyd,1969-06-15,19,8,Student,11027.61,SAVINGS,False,MEDIUM,ACTIVE
NSB006919,Megan,Tran,1956-12-20,18,2,Lawyer,122404.08,SALARY,False,MEDIUM,ACTIVE
NSB006920,Ronald,Smith,1972-04-13,18,11,Student,29648.15,SALARY,False,LOW,INACTIVE
NSB006921,David,Landry,1942-02-03,6,14,Student,16080.74,PENSION,False,LOW,ACTIVE
NSB006922,Emily,Arnold,1959-01-24,16,16,Consultant,77599.39,PENSION,False,LOW,ACTIVE
NSB006923,William,Johnson,1944-01-04,17,2,Architect,98137.71,BUSINESS,False,MEDIUM,ACTIVE
NSB006924,Betty,Brown,1941-11-28,16,11,Student,27332.52,SALARY,False,MEDIUM,INACTIVE
NSB006925,Amanda,Lee,1965-06-21,20,4,Business Owner,139981.82,INVESTMENTS,False,HIGH,ACTIVE
NSB006926,Robert,Williams,1979-10-19,15,18,Teacher,53916.91,SALARY,False,MEDIUM,ACTIVE
NSB006927,Roger,Casey,1981-05-08,12,5,Financial Analyst,90925.25,SALARY,False,LOW,ACTIVE
NSB006928,Annette,Cardenas,1978-05-26,17,8,Accountant,47398.54,SAVINGS,False,LOW,ACTIVE
NSB006929,Mark,Goodman,2006-06-27,8,16,Business Owner,121779.63,INHERITANCE,False,LOW,ACTIVE
NSB006930,Robert,Perez,1947-08-05,11,2,Nurse,35688.98,PENSION,False,MEDIUM,ACTIVE
NSB006931,Stephanie,Richardson,1996-04-19,14,14,Marketing Manager,85302.75,INVESTMENTS,False,LOW,ACTIVE
NSB006932,Makayla,Joseph,2000-04-10,17,7,Software Engineer,71320.68,BUSINESS,False,MEDIUM,ACTIVE
NSB006933,John,Phelps,1986-05-12,11,15,Lawyer,115714.91,BUSINESS,False,LOW,ACTIVE
NSB006934,Mary,Baker,1963-08-15,10,12,Lawyer,138550.69,INHERITANCE,False,MEDIUM,ACTIVE
NSB006935,Robert,Olson,1987-01-13,3,1,Data Analyst,73046.32,SAVINGS,False,LOW,ACTIVE
NSB006936,Summer,Flores,1985-08-14,20,15,Lawyer,52227.41,BUSINESS,False,LOW,ACTIVE
NSB006937,Bonnie,Li,1955-03-23,2,10,Marketing Manager,61821.45,SALARY,False,LOW,BLOCKED
NSB006938,Nancy,Robinson,1965-04-27,18,11,Student,14543.65,PENSION,False,LOW,ACTIVE
NSB006939,Tina,Rodriguez,1993-01-16,11,15,Doctor,133896.79,BUSINESS,False,LOW,ACTIVE
NSB006940,John,Johnson,1947-05-03,2,7,Financial Analyst,100912.72,SAVINGS,False,MEDIUM,ACTIVE
NSB006941,Holly,Bryan,1989-04-24,20,10,Architect,59015.06,SALARY,False,LOW,ACTIVE
NSB006942,Samantha,Sullivan,1973-10-02,20,6,Software Engineer,99127.1,SAVINGS,False,MEDIUM,ACTIVE
NSB006943,Jessica,Russo,1964-12-17,14,20,Nurse,57302.26,SALARY,False,MEDIUM,ACTIVE
NSB006944,Julie,Cox,1944-07-22,20,4,Architect,84986.99,INVESTMENTS,False,LOW,ACTIVE
NSB006945,Michael,Jacobs,1942-04-17,8,16,Lawyer,109317.26,BUSINESS,False,LOW,ACTIVE
NSB006946,Ricky,Mayo,2006-03-23,20,14,Software Engineer,54723.78,SALARY,False,MEDIUM,ACTIVE
NSB006947,Samuel,Pennington,1983-04-14,6,15,Lawyer,100423.57,BUSINESS,False,LOW,ACTIVE
NSB006948,Brenda,Lopez,1964-11-14,2,20,Business Owner,197168.32,INVESTMENTS,False,LOW,INACTIVE
NSB006949,Michael,Watson,1958-11-16,15,8,Software Engineer,47389.66,BUSINESS,False,LOW,ACTIVE
NSB006950,Sonia,White,1988-06-08,2,5,Data Analyst,86900.85,INVESTMENTS,False,LOW,ACTIVE
NSB006951,Brian,Salazar,1976-12-05,11,14,Lawyer,65795.59,INVESTMENTS,False,MEDIUM,ACTIVE
NSB006952,Tonya,Nguyen,1995-12-03,2,15,Engineer,88470.83,SALARY,False,MEDIUM,DECEASED
NSB006953,Brandy,Russell,1965-08-28,3,6,Software Engineer,111597.31,SALARY,False,MEDIUM,ACTIVE
NSB006954,Reginald,Jenkins,1967-03-20,13,9,Software Engineer,83577.07,SALARY,False,LOW,ACTIVE
NSB006955,Carolyn,Ibarra,1991-10-15,19,10,Lawyer,129780.37,BUSINESS,False,MEDIUM,ACTIVE
NSB006956,Nicholas,Davidson,1963-05-13,15,8,Consultant,87555.76,SAVINGS,False,LOW,ACTIVE
NSB006957,Danielle,Hernandez,1987-09-12,16,13,Software Engineer,64331.54,SAVINGS,False,MEDIUM,ACTIVE
NSB006958,Adrian,Armstrong,1988-06-24,6,6,Financial Analyst,79253.67,SAVINGS,False,LOW,ACTIVE
NSB006959,Carla,Warner,1950-05-04,3,12,Financial Analyst,84972.76,SAVINGS,False,MEDIUM,ACTIVE
NSB006960,Elaine,Davidson,1950-10-14,13,20,Nurse,34230.42,INHERITANCE,False,MEDIUM,ACTIVE
NSB006961,Nicholas,Ramirez,1998-06-06,10,1,Student,25961.4,BUSINESS,False,MEDIUM,ACTIVE
NSB006962,Jeremy,Hartman,1965-04-25,8,15,Architect,68323.46,PENSION,False,LOW,ACTIVE
NSB006963,James,Butler,1959-12-28,12,6,Software Engineer,113197.11,SAVINGS,False,MEDIUM,ACTIVE
NSB006964,George,Bailey,1980-02-02,16,19,Engineer,48297.37,INVESTMENTS,False,HIGH,INACTIVE
NSB006965,Danielle,Hunt,1957-06-17,19,17,Sales Manager,81044.27,SALARY,False,MEDIUM,ACTIVE
NSB006966,Rachel,Alexander,1979-01-21,9,14,Sales Manager,83687.91,INHERITANCE,False,HIGH,ACTIVE
NSB006967,Rachel,Murray,1999-06-19,12,11,Sales Manager,86011.01,SALARY,False,LOW,ACTIVE
NSB006968,Anna,Edwards,1949-10-23,12,6,Lawyer,129785.95,INHERITANCE,False,LOW,ACTIVE
NSB006969,David,Morgan,1991-09-25,3,10,Data Analyst,44883.04,INHERITANCE,False,HIGH,DECEASED
NSB006970,Dana,Jimenez,1969-10-05,19,10,Engineer,91998.21,INVESTMENTS,False,LOW,ACTIVE
NSB006971,Nathaniel,Chandler,2005-06-09,1,5,Financial Analyst,114853.73,SALARY,True,HIGH,ACTIVE
NSB006972,Jamie,Vaughan,1999-01-07,16,9,Software Engineer,48238.41,SAVINGS,False,MEDIUM,ACTIVE
NSB006973,Latoya,Berry,1966-10-01,4,18,Engineer,61157.71,SALARY,False,MEDIUM,ACTIVE
NSB006974,Kevin,Robinson,1984-05-05,19,13,Business Owner,295390.72,INHERITANCE,False,LOW,ACTIVE
NSB006975,Jennifer,Gallegos,1987-02-07,14,20,Marketing Manager,92927.04,INVESTMENTS,False,MEDIUM,ACTIVE
NSB006976,Jason,Gonzalez,1943-12-30,4,17,Architect,66821.56,INVESTMENTS,False,LOW,ACTIVE
NSB006977,Crystal,Tran,1954-11-09,12,7,Consultant,84417.63,SALARY,False,HIGH,ACTIVE
NSB006978,Jorge,Adams,1941-07-03,1,14,Engineer,106854.85,SAVINGS,False,LOW,ACTIVE
NSB006979,Yvonne,Collins,1985-06-11,15,12,Data Analyst,72773.29,SALARY,False,LOW,ACTIVE
NSB006980,Adam,Holmes,1996-04-07,7,10,Software Engineer,63590.29,INVESTMENTS,False,LOW,ACTIVE
NSB006981,Melissa,Bentley,1998-10-14,14,9,Teacher,36368.21,BUSINESS,False,LOW,ACTIVE
NSB006982,James,Smith,1971-09-03,9,5,Data Analyst,88512.96,INVESTMENTS,False,HIGH,ACTIVE
NSB006983,Sandra,Shelton,1949-07-29,4,18,Software Engineer,87958.2,PENSION,False,HIGH,ACTIVE
NSB006984,Kimberly,Melendez,2001-11-02,16,18,Marketing Manager,116794.78,INHERITANCE,False,LOW,ACTIVE
NSB006985,James,Johnston,1961-12-05,9,5,Nurse,49669.61,INHERITANCE,False,MEDIUM,ACTIVE
NSB006986,Andrea,Boyd,1954-03-13,13,17,Financial Analyst,76039.97,INHERITANCE,False,LOW,ACTIVE
NSB006987,Timothy,Fritz,1975-10-25,14,11,Financial Analyst,99119.09,PENSION,False,LOW,ACTIVE
NSB006988,Elizabeth,Gonzalez,1941-11-08,19,13,Business Owner,103316.04,INVESTMENTS,False,MEDIUM,ACTIVE
NSB006989,Vickie,Carter,1964-08-18,14,2,Teacher,38522.71,INHERITANCE,False,LOW,ACTIVE
NSB006990,Ivan,Johnson,1944-02-28,8,7,Engineer,64249.44,BUSINESS,False,LOW,ACTIVE
NSB006991,Martin,Smith,1991-06-21,19,9,Architect,50642.73,INVESTMENTS,False,LOW,ACTIVE
NSB006992,Jason,Hudson,1948-10-12,15,1,Lawyer,61910.66,SAVINGS,False,LOW,ACTIVE
NSB006993,Joseph,Burns,2002-06-13,7,19,Doctor,132153.1,BUSINESS,False,LOW,ACTIVE
NSB006994,Christina,Mccoy,1950-03-28,7,19,Sales Manager,85399.99,SAVINGS,False,LOW,ACTIVE
NSB006995,Lisa,Harmon,1959-04-09,17,9,Architect,85166.83,INHERITANCE,False,LOW,ACTIVE
NSB006996,Lisa,Moran,1957-10-29,2,12,Doctor,134526.62,INVESTMENTS,False,MEDIUM,ACTIVE
NSB006997,Gene,Moore,1975-06-21,18,8,Nurse,32657.46,BUSINESS,False,MEDIUM,ACTIVE
NSB006998,Jeffrey,Bowen,1969-04-07,15,4,Teacher,32811.91,SAVINGS,False,LOW,ACTIVE
NSB006999,Judy,Pierce,1988-09-28,14,18,Doctor,126955.9,INVESTMENTS,False,LOW,ACTIVE
NSB007000,Daniel,Martinez,1945-01-07,7,4,Nurse,45161.64,BUSINESS,False,MEDIUM,ACTIVE
NSB007001,Michael,Meyer,1970-01-09,9,12,Data Analyst,61641.27,SALARY,False,LOW,ACTIVE
NSB007002,Francisco,Stanton,1995-03-30,14,12,Architect,82043.44,PENSION,False,MEDIUM,ACTIVE
NSB007003,Steven,Lewis,2004-06-25,4,3,Sales Manager,105998.79,SAVINGS,False,LOW,CLOSED
NSB007004,Sean,Jacobs,1961-04-17,6,15,Architect,76104.31,INVESTMENTS,False,LOW,ACTIVE
NSB007005,Jonathan,Edwards,1984-05-11,13,16,Doctor,158906.44,SAVINGS,False,LOW,INACTIVE
NSB007006,Mark,Blackwell,1963-05-19,16,1,Marketing Manager,61355.24,SALARY,False,LOW,ACTIVE
NSB007007,Samantha,May,1976-01-20,12,9,Lawyer,164384.85,SAVINGS,False,LOW,ACTIVE
NSB007008,Tonya,Wright,1975-10-03,7,9,Nurse,62369.87,SAVINGS,False,LOW,ACTIVE
NSB007009,Jason,Webb,1981-02-08,1,2,Software Engineer,76246.59,SALARY,False,LOW,ACTIVE
NSB007010,Audrey,Cisneros,1964-01-09,5,3,Financial Analyst,77450.07,PENSION,False,LOW,CLOSED
NSB007011,Beth,Smith,2003-11-04,13,18,Data Analyst,84460.92,INVESTMENTS,False,LOW,ACTIVE
NSB007012,Cynthia,Bryant,1999-08-31,17,18,Engineer,110069.4,SAVINGS,False,CRITICAL,ACTIVE
NSB007013,James,Jones,1992-08-22,1,8,Nurse,44996.93,INVESTMENTS,False,MEDIUM,ACTIVE
NSB007014,Angela,Miller,1965-01-07,3,1,Marketing Manager,87223.4,INHERITANCE,False,LOW,ACTIVE
NSB007015,Roy,Lynch,1997-10-30,5,14,Doctor,114325.26,SALARY,False,LOW,ACTIVE
NSB007016,Natalie,Reed,1948-08-23,13,2,Doctor,202830.73,BUSINESS,True,MEDIUM,INACTIVE
NSB007017,Penny,Sanchez,1962-09-15,4,1,Software Engineer,113022.27,PENSION,False,LOW,ACTIVE
NSB007018,Jodi,Carney,1942-12-31,2,15,Student,10418.72,SALARY,False,LOW,ACTIVE
NSB007019,Danielle,Decker,1979-10-12,5,18,Engineer,109195.25,SALARY,False,MEDIUM,INACTIVE
NSB007020,Jesse,Cook,1952-11-30,6,17,Architect,62096.12,INVESTMENTS,False,LOW,ACTIVE
NSB007021,Sabrina,Clayton,1971-02-07,15,12,Teacher,58384.37,INHERITANCE,False,MEDIUM,ACTIVE
NSB007022,Katherine,Raymond,1981-11-09,8,16,Engineer,58956.68,INHERITANCE,False,LOW,ACTIVE
NSB007023,Marcia,Murphy,1959-06-18,3,19,Teacher,54889.01,INVESTMENTS,False,MEDIUM,ACTIVE
NSB007024,Renee,Meadows,1960-07-17,11,15,Software Engineer,85379.74,INHERITANCE,False,CRITICAL,ACTIVE
NSB007025,Angela,Jones,1978-09-01,1,15,Accountant,53951.42,PENSION,False,LOW,ACTIVE
NSB007026,Noah,Wilson,1983-07-29,20,13,Data Analyst,91747.94,INHERITANCE,False,LOW,ACTIVE
NSB007027,Erika,Burton,1990-08-16,10,9,Engineer,62264.63,PENSION,False,LOW,BLOCKED
NSB007028,Michelle,Salazar,1946-10-01,12,13,Marketing Manager,75724.55,INVESTMENTS,False,LOW,ACTIVE
NSB007029,David,Crane,1952-03-15,17,1,Marketing Manager,63101.16,PENSION,False,LOW,ACTIVE
NSB007030,Nathan,English,1968-06-17,16,9,Data Analyst,95133.06,BUSINESS,False,LOW,ACTIVE
NSB007031,Christopher,Thompson,2002-03-29,7,7,Sales Manager,116220.6,SAVINGS,False,MEDIUM,ACTIVE
NSB007032,Tanya,Mckenzie,1974-05-03,6,5,Data Analyst,93723.29,BUSINESS,False,MEDIUM,ACTIVE
NSB007033,Ronald,Smith,1991-02-09,1,1,Marketing Manager,54306.56,BUSINESS,False,CRITICAL,ACTIVE
NSB007034,Lisa,Glass,1995-03-18,19,2,Teacher,46277.48,BUSINESS,False,MEDIUM,ACTIVE
NSB007035,Kristina,Lopez,1987-09-18,1,20,Data Analyst,68309.62,SAVINGS,False,LOW,CLOSED
NSB007036,Connie,Williams,1948-01-04,14,2,Consultant,57203.09,BUSINESS,False,MEDIUM,ACTIVE
NSB007037,Marie,Herrera,2000-02-13,1,3,Engineer,67745.27,INHERITANCE,False,LOW,ACTIVE
NSB007038,Gerald,Santos,1970-07-26,1,1,Data Analyst,51256.55,SAVINGS,False,LOW,ACTIVE
NSB007039,Laura,Perez,1995-09-28,5,12,Accountant,47503.01,SAVINGS,False,LOW,ACTIVE
NSB007040,Trevor,Harris,1956-06-28,1,5,Data Analyst,83878.24,INHERITANCE,False,LOW,ACTIVE
NSB007041,Matthew,Blankenship,2005-01-16,15,17,Student,13354.7,PENSION,False,MEDIUM,ACTIVE
NSB007042,Elizabeth,Gibbs,1971-12-03,15,12,Student,17884.21,BUSINESS,False,MEDIUM,ACTIVE
NSB007043,Tammy,Barber,1992-10-23,4,11,Sales Manager,77289.75,SALARY,False,LOW,ACTIVE
NSB007044,Sandra,Smith,1960-12-31,5,2,Nurse,33023.81,INVESTMENTS,False,MEDIUM,ACTIVE
NSB007045,Stephanie,Gilbert,1982-07-27,7,6,Architect,89717.96,INVESTMENTS,False,LOW,ACTIVE
NSB007046,Heather,Long,1958-04-16,15,13,Student,5102.82,PENSION,False,LOW,ACTIVE
NSB007047,Stephen,Perez,1981-02-05,14,15,Teacher,54332.58,INHERITANCE,False,LOW,ACTIVE
NSB007048,Susan,Larsen,2001-02-27,2,15,Software Engineer,101835.01,PENSION,False,LOW,DECEASED
NSB007049,Ryan,Hernandez,1980-06-16,9,20,Data Analyst,70200.05,INHERITANCE,False,MEDIUM,ACTIVE
NSB007050,Angela,Kim,1950-06-22,8,18,Consultant,71824.09,SAVINGS,False,LOW,BLOCKED
NSB007051,Jeremiah,Williams,1979-11-21,16,13,Marketing Manager,87703.12,PENSION,False,LOW,ACTIVE
NSB007052,Stephanie,Green,1968-03-17,6,2,Sales Manager,75841.62,BUSINESS,False,LOW,ACTIVE
NSB007053,Benjamin,Lopez,1967-02-13,16,1,Lawyer,138977.36,SAVINGS,False,MEDIUM,ACTIVE
NSB007054,Daniel,Moore,1995-06-27,2,11,Student,27129.26,SALARY,False,MEDIUM,ACTIVE
NSB007055,Eric,Young,1961-09-15,6,13,Marketing Manager,83632.3,INHERITANCE,False,HIGH,ACTIVE
NSB007056,Robert,Campbell,1981-07-20,12,3,Lawyer,139661.53,SALARY,False,MEDIUM,ACTIVE
NSB007057,Ruben,Landry,1955-09-13,9,4,Lawyer,84742.45,INVESTMENTS,False,LOW,ACTIVE
NSB007058,Karen,Ross,1941-06-23,3,11,Lawyer,161948.25,BUSINESS,False,LOW,ACTIVE
NSB007059,Joshua,Smith,1975-07-13,11,20,Engineer,93778.51,PENSION,False,MEDIUM,ACTIVE
NSB007060,Julie,Mcguire,1945-10-04,2,9,Teacher,37254.63,BUSINESS,False,MEDIUM,CLOSED
NSB007061,Melissa,Wheeler,1957-07-01,15,8,Doctor,90064.5,SAVINGS,False,MEDIUM,ACTIVE
NSB007062,Carolyn,Allen,1987-06-14,2,14,Student,13066.56,SALARY,False,MEDIUM,ACTIVE
NSB007063,Michael,Cuevas,2003-06-07,9,3,Engineer,59403.58,PENSION,False,LOW,ACTIVE
NSB007064,Mark,Estes,2001-05-24,5,16,Student,15775.32,BUSINESS,False,LOW,ACTIVE
NSB007065,Barbara,Day,1948-08-04,12,11,Architect,40818.96,BUSINESS,False,LOW,ACTIVE
NSB007066,Monica,Holt,1960-03-03,16,8,Teacher,42158.76,INVESTMENTS,False,LOW,ACTIVE
NSB007067,Ryan,Franklin,1954-07-07,1,4,Accountant,84309.17,PENSION,False,CRITICAL,ACTIVE
NSB007068,Brendan,Williams,1997-07-31,13,3,Lawyer,55811.27,SALARY,True,CRITICAL,ACTIVE
NSB007069,Jeffrey,Johnson,1996-03-16,4,18,Sales Manager,60269.29,INVESTMENTS,False,MEDIUM,ACTIVE
NSB007070,Bethany,Wright,2005-10-19,9,6,Consultant,64803.85,INVESTMENTS,False,LOW,ACTIVE
NSB007071,Stephanie,Marsh,2006-06-18,17,9,Financial Analyst,86511.08,BUSINESS,False,LOW,ACTIVE
NSB007072,Andrew,Shepherd,1973-01-14,16,17,Doctor,228357.5,INHERITANCE,False,LOW,ACTIVE
NSB007073,Jessica,Sandoval,1998-12-08,11,10,Student,21145.12,PENSION,False,LOW,ACTIVE
NSB007074,Emily,Smith,1955-07-26,7,14,Engineer,85995.3,INVESTMENTS,False,LOW,ACTIVE
NSB007075,Rachel,Mason,1942-06-13,6,9,Data Analyst,51074.38,PENSION,False,LOW,ACTIVE
NSB007076,Joe,Sanchez,1943-11-08,8,4,Business Owner,216960.45,PENSION,False,LOW,ACTIVE
NSB007077,David,Foster,2003-08-30,8,6,Data Analyst,50796.12,SALARY,False,LOW,ACTIVE
NSB007078,John,Hale,1981-09-05,13,10,Financial Analyst,80655.3,SAVINGS,False,MEDIUM,ACTIVE
NSB007079,Victoria,Mercado,2003-12-20,18,8,Sales Manager,82692.57,BUSINESS,False,MEDIUM,ACTIVE
NSB007080,Joseph,Hutchinson,1944-03-04,4,13,Nurse,54882.37,INHERITANCE,False,MEDIUM,ACTIVE
NSB007081,Brian,Porter,1958-08-18,18,8,Consultant,98657.13,INVESTMENTS,False,LOW,ACTIVE
NSB007082,Tyler,Dodson,1994-04-09,12,2,Financial Analyst,96638.74,BUSINESS,False,LOW,ACTIVE
NSB007083,Joshua,House,1957-02-08,18,17,Sales Manager,41732.21,PENSION,False,LOW,ACTIVE
NSB007084,Christopher,Phelps,1994-02-22,15,5,Teacher,52321.37,SAVINGS,False,MEDIUM,ACTIVE
NSB007085,Michael,Wilkerson,1948-10-15,17,1,Engineer,116696.87,INVESTMENTS,False,LOW,ACTIVE
NSB007086,Heidi,Smith,1977-03-13,9,13,Student,33240.33,PENSION,False,MEDIUM,ACTIVE
NSB007087,David,Adams,1976-07-03,16,9,Architect,48468.79,INHERITANCE,True,CRITICAL,ACTIVE
NSB007088,Christian,Hurst,2002-05-21,8,9,Business Owner,221854.2,SAVINGS,False,MEDIUM,ACTIVE
NSB007089,Stephen,Mccoy,1964-03-07,11,1,Lawyer,152692.91,SAVINGS,True,CRITICAL,ACTIVE
NSB007090,Amber,Frazier,1992-05-22,13,17,Sales Manager,84214.63,BUSINESS,False,LOW,ACTIVE
NSB007091,Gina,Mitchell,1943-06-22,2,19,Marketing Manager,76495.17,SALARY,False,LOW,ACTIVE
NSB007092,Andrea,Jackson,1963-02-02,18,15,Sales Manager,126216.95,PENSION,False,LOW,ACTIVE
NSB007093,Michael,Underwood,1967-09-06,1,18,Nurse,36561.21,SAVINGS,False,MEDIUM,ACTIVE
NSB007094,Cesar,Hudson,1977-11-24,15,12,Financial Analyst,75268.38,INHERITANCE,False,LOW,ACTIVE
NSB007095,Patrick,Knight,1942-04-22,9,17,Doctor,92014.05,SALARY,False,MEDIUM,ACTIVE
NSB007096,Carolyn,Perez,1954-10-25,16,9,Software Engineer,63242.06,PENSION,False,LOW,ACTIVE
NSB007097,Shelia,Wong,1963-11-22,5,10,Teacher,54016.76,SALARY,False,LOW,ACTIVE
NSB007098,Danielle,Leonard,1941-11-06,2,12,Doctor,172829.87,SAVINGS,False,MEDIUM,ACTIVE
NSB007099,Jason,Contreras,1941-10-31,2,12,Business Owner,105940.34,SALARY,False,MEDIUM,ACTIVE
NSB007100,Virginia,Briggs,1983-02-17,19,8,Teacher,38851.05,SAVINGS,False,MEDIUM,ACTIVE
NSB007101,Dakota,Ryan,1975-03-16,6,13,Business Owner,298500.11,INHERITANCE,False,MEDIUM,CLOSED
NSB007102,Amanda,Bryant,1941-11-25,15,11,Sales Manager,44240.93,SALARY,False,CRITICAL,CLOSED
NSB007103,Christopher,Turner,1970-02-15,15,4,Accountant,84830.56,INVESTMENTS,False,MEDIUM,ACTIVE
NSB007104,Barbara,Rodriguez,2006-03-19,14,1,Software Engineer,104100.69,SAVINGS,True,HIGH,ACTIVE
NSB007105,Veronica,Davis,1959-10-06,7,9,Student,19266.16,PENSION,False,LOW,ACTIVE
NSB007106,Margaret,Munoz,1977-01-06,13,11,Sales Manager,86856.03,SAVINGS,False,LOW,ACTIVE
NSB007107,Keith,Giles,1997-10-14,14,19,Engineer,85611.55,PENSION,False,LOW,ACTIVE
NSB007108,Marc,Walker,1963-08-16,16,20,Lawyer,130925.97,BUSINESS,False,LOW,ACTIVE
NSB007109,Jay,Miller,1993-05-30,1,13,Consultant,91863.97,SAVINGS,False,MEDIUM,ACTIVE
NSB007110,Melissa,Richardson,1977-04-25,13,3,Student,13895.04,BUSINESS,True,HIGH,ACTIVE
NSB007111,Fernando,Rodriguez,1986-05-18,8,8,Consultant,89733.34,SAVINGS,False,MEDIUM,ACTIVE
NSB007112,Bethany,Smith,1952-04-20,8,14,Sales Manager,82814.79,SAVINGS,False,LOW,ACTIVE
NSB007113,Sergio,Boone,1943-09-06,2,2,Student,30202.79,BUSINESS,False,LOW,ACTIVE
NSB007114,Michael,Cruz,1958-02-09,8,2,Accountant,44794.55,BUSINESS,False,LOW,ACTIVE
NSB007115,Michael,Stevens,1995-04-01,20,8,Financial Analyst,112490.31,PENSION,False,HIGH,ACTIVE
NSB007116,Cindy,Davenport,1956-10-24,1,12,Data Analyst,95431.63,INVESTMENTS,False,MEDIUM,ACTIVE
NSB007117,Allen,Hamilton,1962-09-26,10,7,Doctor,152918.5,BUSINESS,False,MEDIUM,BLOCKED
NSB007118,Stacy,Elliott,1969-12-10,4,16,Marketing Manager,69617.65,SAVINGS,False,HIGH,ACTIVE
NSB007119,Christine,Long,1958-12-19,9,14,Teacher,30563.94,PENSION,True,HIGH,ACTIVE
NSB007120,Cheyenne,Mccarty,1950-12-16,10,13,Data Analyst,48360.76,INHERITANCE,False,LOW,ACTIVE
NSB007121,Thomas,Rodriguez,1955-12-31,14,15,Doctor,165167.0,SALARY,False,MEDIUM,ACTIVE
NSB007122,Linda,Simpson,1998-12-14,19,11,Software Engineer,51528.92,BUSINESS,False,LOW,CLOSED
NSB007123,Benjamin,Francis,1995-11-18,14,16,Architect,87963.27,INVESTMENTS,False,LOW,INACTIVE
NSB007124,Alicia,Adkins,1955-06-12,5,2,Consultant,67039.79,BUSINESS,False,HIGH,ACTIVE
NSB007125,Lisa,Wood,1969-03-27,4,4,Data Analyst,69346.83,SAVINGS,False,LOW,ACTIVE
NSB007126,Virginia,Bradley,1964-08-07,19,15,Nurse,32358.84,SAVINGS,False,LOW,ACTIVE
NSB007127,Deanna,Martin,1972-05-08,1,14,Architect,56148.51,INVESTMENTS,False,LOW,ACTIVE
NSB007128,Marcus,Hamilton,1946-05-12,20,8,Sales Manager,61829.31,INVESTMENTS,False,MEDIUM,ACTIVE
NSB007129,Gregg,Tucker,1959-01-08,11,7,Accountant,83370.17,PENSION,False,LOW,ACTIVE
NSB007130,John,Garrett,1942-11-09,7,17,Nurse,43978.71,INVESTMENTS,False,LOW,BLOCKED
NSB007131,Brian,Fischer,1969-09-24,18,14,Marketing Manager,93648.6,INVESTMENTS,False,CRITICAL,ACTIVE
NSB007132,Carrie,James,1951-06-18,19,9,Engineer,50815.75,SALARY,False,LOW,ACTIVE
NSB007133,Steven,Johnson,1983-02-07,8,11,Doctor,63553.34,INHERITANCE,False,MEDIUM,ACTIVE
NSB007134,Ashley,Logan,1992-02-09,5,11,Accountant,49135.59,SALARY,False,MEDIUM,ACTIVE
NSB007135,Craig,Wiggins,1963-10-11,8,18,Business Owner,56852.15,INVESTMENTS,False,LOW,ACTIVE
NSB007136,Sara,Stanley,1992-06-11,17,19,Doctor,104069.45,PENSION,False,LOW,INACTIVE
NSB007137,Steven,Burton,2000-02-04,2,9,Financial Analyst,64361.72,BUSINESS,False,MEDIUM,ACTIVE
NSB007138,James,Fischer,1952-01-09,3,1,Consultant,95656.38,SAVINGS,False,LOW,ACTIVE
NSB007139,Stephen,Stanley,1996-03-01,13,5,Teacher,36403.22,SAVINGS,False,MEDIUM,ACTIVE
NSB007140,Gregory,Thomas,1986-05-14,19,10,Engineer,104777.4,INHERITANCE,False,MEDIUM,ACTIVE
NSB007141,Nina,Rose,1989-09-18,4,18,Financial Analyst,88739.28,BUSINESS,False,LOW,ACTIVE
NSB007142,John,Mccarty,1993-10-19,18,1,Architect,62781.46,INHERITANCE,False,LOW,ACTIVE
NSB007143,Cheryl,Joyce,1967-09-30,9,9,Architect,47856.77,BUSINESS,False,HIGH,ACTIVE
NSB007144,Michelle,Coleman,1942-03-14,9,3,Student,29549.53,SALARY,False,HIGH,ACTIVE
NSB007145,Deanna,Ford,1945-09-19,13,5,Architect,68108.16,INVESTMENTS,False,LOW,ACTIVE
NSB007146,Amy,Rodriguez,1944-11-18,12,13,Doctor,105026.37,SAVINGS,False,LOW,ACTIVE
NSB007147,Karen,Williams,1957-01-08,15,12,Doctor,219160.78,INHERITANCE,False,HIGH,ACTIVE
NSB007148,Shannon,Brown,1959-04-06,7,14,Teacher,43202.59,INHERITANCE,False,MEDIUM,INACTIVE
NSB007149,Lindsay,Harris,1966-12-05,15,18,Financial Analyst,85760.93,SAVINGS,False,MEDIUM,ACTIVE
NSB007150,Nicole,Vaughan,2003-03-15,10,13,Sales Manager,84230.97,SAVINGS,False,LOW,ACTIVE
NSB007151,Rita,Lee,1989-09-27,8,10,Engineer,113125.13,SALARY,False,LOW,ACTIVE
NSB007152,Joshua,Garcia,1968-11-05,14,20,Architect,82973.4,SAVINGS,False,LOW,ACTIVE
NSB007153,Julie,Huang,1991-01-21,4,3,Teacher,58576.78,SALARY,False,LOW,ACTIVE
NSB007154,John,Rowe,1968-08-18,4,20,Doctor,126451.69,SAVINGS,False,LOW,ACTIVE
NSB007155,Crystal,Zimmerman,1960-09-19,1,1,Marketing Manager,85954.15,SAVINGS,False,LOW,ACTIVE
NSB007156,William,Parks,1968-07-10,1,13,Data Analyst,42068.1,PENSION,False,LOW,ACTIVE
NSB007157,Seth,Green,1960-11-29,19,17,Lawyer,113700.27,SAVINGS,False,MEDIUM,CLOSED
NSB007158,Matthew,Sanchez,1978-12-13,9,11,Teacher,69981.75,INVESTMENTS,False,LOW,ACTIVE
NSB007159,Nicholas,Werner,1951-11-21,7,1,Sales Manager,116553.41,PENSION,True,HIGH,ACTIVE
NSB007160,Tina,Sosa,1994-01-25,4,7,Accountant,47107.8,SALARY,False,LOW,ACTIVE
NSB007161,Christian,Arias,1977-03-16,2,3,Teacher,68797.76,SALARY,False,LOW,ACTIVE
NSB007162,Tracy,Payne,1957-06-26,10,17,Lawyer,89424.05,PENSION,False,LOW,ACTIVE
NSB007163,John,Roman,1940-12-04,10,3,Accountant,83440.22,INVESTMENTS,True,MEDIUM,ACTIVE
NSB007164,Stephanie,Mitchell,2001-07-18,2,8,Engineer,70768.18,SAVINGS,False,LOW,ACTIVE
NSB007165,Barbara,Reed,1954-07-28,1,11,Accountant,81209.86,INHERITANCE,False,CRITICAL,ACTIVE
NSB007166,Melissa,Conway,1971-08-20,6,2,Business Owner,45324.21,BUSINESS,False,MEDIUM,ACTIVE
NSB007167,Bernard,Pruitt,1952-04-16,5,11,Financial Analyst,119051.43,SALARY,False,LOW,ACTIVE
NSB007168,Edward,Rose,1987-11-22,6,1,Student,14950.39,SAVINGS,False,HIGH,ACTIVE
NSB007169,Tracy,Krause,1977-11-24,14,7,Nurse,34609.53,PENSION,False,HIGH,CLOSED
NSB007170,Christopher,Chen,1992-04-05,17,8,Software Engineer,51697.8,SAVINGS,False,MEDIUM,ACTIVE
NSB007171,Danielle,Harris,2005-10-04,4,7,Software Engineer,67529.47,SALARY,False,MEDIUM,ACTIVE
NSB007172,Anita,Lawson,1969-09-30,3,20,Software Engineer,58267.36,SALARY,False,LOW,ACTIVE
NSB007173,Sharon,Bradford,1993-01-28,11,19,Architect,79356.3,PENSION,False,MEDIUM,ACTIVE
NSB007174,Donna,Potter,1942-07-14,7,14,Doctor,128850.64,SALARY,False,LOW,ACTIVE
NSB007175,Bryan,Pennington,1966-10-08,8,2,Student,17848.15,SAVINGS,False,LOW,ACTIVE
NSB007176,Sean,Bell,1973-05-18,19,15,Data Analyst,46670.21,INHERITANCE,False,MEDIUM,ACTIVE
NSB007177,Vickie,Thompson,1958-02-10,10,3,Architect,71901.18,INHERITANCE,False,LOW,ACTIVE
NSB007178,Jessica,Mooney,1998-10-09,3,18,Nurse,66684.84,PENSION,False,LOW,ACTIVE
NSB007179,Troy,Adams,1944-07-30,14,19,Data Analyst,93473.64,SAVINGS,False,LOW,ACTIVE
NSB007180,Tammy,Clements,1994-08-17,11,18,Engineer,70384.82,INHERITANCE,False,LOW,ACTIVE
NSB007181,Tammy,Nguyen,1996-04-20,3,8,Consultant,93122.74,SAVINGS,False,MEDIUM,ACTIVE
NSB007182,Leslie,Rogers,1992-02-28,9,17,Student,19755.86,INVESTMENTS,False,HIGH,ACTIVE
NSB007183,Alexander,Mcclure,1978-02-26,7,12,Teacher,49230.65,PENSION,False,LOW,ACTIVE
NSB007184,Samantha,Ward,1990-11-23,9,5,Accountant,66131.48,INVESTMENTS,False,LOW,ACTIVE
NSB007185,Taylor,Diaz,1995-09-14,15,14,Sales Manager,109212.76,INHERITANCE,False,LOW,ACTIVE
NSB007186,James,Washington,1980-09-08,14,8,Engineer,47452.33,BUSINESS,False,LOW,ACTIVE
NSB007187,John,Martinez,1996-10-30,9,3,Consultant,69366.2,PENSION,False,MEDIUM,ACTIVE
NSB007188,Matthew,Mcdowell,1991-05-16,9,13,Software Engineer,76755.17,INVESTMENTS,False,LOW,ACTIVE
NSB007189,Marc,Thomas,1977-04-21,5,15,Sales Manager,85989.82,BUSINESS,False,MEDIUM,ACTIVE
NSB007190,Nancy,Thomas,1961-03-11,6,18,Student,20106.85,PENSION,False,HIGH,ACTIVE
NSB007191,Jesse,Garner,1967-08-06,19,8,Sales Manager,43232.17,INHERITANCE,False,LOW,ACTIVE
NSB007192,Shaun,Collins,1973-12-02,11,2,Student,19486.77,BUSINESS,False,LOW,ACTIVE
NSB007193,Christina,Garcia,1957-03-11,12,15,Sales Manager,99272.13,SALARY,False,LOW,ACTIVE
NSB007194,Terri,Bush,1992-10-23,4,18,Marketing Manager,98505.54,PENSION,False,MEDIUM,ACTIVE
NSB007195,Ruth,Jacobson,1971-07-16,8,13,Nurse,47353.87,INHERITANCE,False,LOW,ACTIVE
NSB007196,Kaylee,Nelson,1946-12-26,19,3,Architect,84843.14,INVESTMENTS,False,LOW,ACTIVE
NSB007197,Andrea,Alexander,1955-05-27,3,14,Nurse,54710.75,BUSINESS,False,LOW,ACTIVE
NSB007198,Richard,Williams,1980-10-20,19,16,Sales Manager,125645.2,PENSION,False,LOW,ACTIVE
NSB007199,Juan,Wall,1992-05-10,9,12,Software Engineer,89816.44,SALARY,False,LOW,ACTIVE
NSB007200,Theresa,Lee,1961-06-22,19,3,Student,6521.82,SAVINGS,False,MEDIUM,CLOSED
NSB007201,Susan,Jackson,1945-05-26,2,17,Student,25557.25,INVESTMENTS,False,LOW,ACTIVE
NSB007202,Jessica,Malone,1978-09-01,1,14,Doctor,112457.84,INHERITANCE,False,LOW,ACTIVE
NSB007203,Zachary,Perez,2003-10-13,12,16,Nurse,50020.37,INHERITANCE,True,MEDIUM,ACTIVE
NSB007204,Tiffany,Atkinson,1944-02-12,17,11,Engineer,98443.6,INHERITANCE,False,MEDIUM,ACTIVE
NSB007205,Linda,Mcdonald,2002-04-07,1,6,Engineer,97518.69,INVESTMENTS,False,LOW,ACTIVE
NSB007206,Diana,Snyder,1964-01-28,9,2,Nurse,34507.08,INVESTMENTS,False,LOW,ACTIVE
NSB007207,Latoya,Smith,1989-05-22,6,13,Sales Manager,96883.23,SAVINGS,False,LOW,ACTIVE
NSB007208,William,Orozco,1942-11-07,17,8,Marketing Manager,59395.92,PENSION,False,LOW,ACTIVE
NSB007209,Steven,Robertson,1989-12-03,14,8,Marketing Manager,110225.11,INHERITANCE,False,MEDIUM,ACTIVE
NSB007210,Michael,Martin,1965-03-05,16,17,Software Engineer,84438.27,INVESTMENTS,False,LOW,ACTIVE
NSB007211,Kevin,Barajas,1946-03-04,18,14,Doctor,60625.07,INHERITANCE,False,MEDIUM,ACTIVE
NSB007212,Joshua,Cardenas,1976-12-07,5,5,Marketing Manager,67303.97,SALARY,False,LOW,ACTIVE
NSB007213,Tiffany,Hobbs,1960-08-11,10,10,Marketing Manager,111775.43,INHERITANCE,False,LOW,INACTIVE
NSB007214,James,White,1940-10-02,11,11,Doctor,241025.03,INHERITANCE,False,MEDIUM,ACTIVE
NSB007215,Gregory,Burch,1943-02-23,11,4,Doctor,82118.45,INHERITANCE,False,MEDIUM,ACTIVE
NSB007216,Monique,Jones,1961-11-30,10,14,Teacher,58270.31,PENSION,False,MEDIUM,ACTIVE
NSB007217,Danielle,Smith,1994-04-12,7,11,Business Owner,103747.35,BUSINESS,False,LOW,ACTIVE
NSB007218,Molly,Lyons,1995-10-05,1,7,Software Engineer,55263.81,INHERITANCE,False,MEDIUM,ACTIVE
NSB007219,Keith,Weaver,1948-05-12,10,6,Software Engineer,58216.31,INHERITANCE,False,HIGH,INACTIVE
NSB007220,Gabrielle,Smith,1987-04-19,12,15,Consultant,108084.74,SALARY,False,MEDIUM,ACTIVE
NSB007221,Chad,Webb,1988-07-21,20,3,Nurse,65113.04,SAVINGS,False,LOW,ACTIVE
NSB007222,Suzanne,Christian,1989-09-14,18,15,Accountant,44182.37,SALARY,False,LOW,ACTIVE
NSB007223,Candice,Farmer,1959-10-09,2,10,Accountant,68069.92,SAVINGS,False,MEDIUM,ACTIVE
NSB007224,Kimberly,Smith,1982-11-18,10,17,Doctor,64996.53,BUSINESS,False,MEDIUM,INACTIVE
NSB007225,Alicia,Hardy,2001-02-06,11,4,Data Analyst,76079.62,SAVINGS,False,LOW,BLOCKED
NSB007226,Haley,Robinson,1997-09-26,11,15,Data Analyst,92182.23,BUSINESS,True,MEDIUM,ACTIVE
NSB007227,Sarah,Jordan,1955-05-27,3,2,Marketing Manager,82979.26,PENSION,False,MEDIUM,ACTIVE
NSB007228,Susan,Oconnell,1990-05-02,20,7,Lawyer,72328.85,SALARY,False,LOW,ACTIVE
NSB007229,Martha,Porter,1965-11-11,15,15,Engineer,98590.55,INVESTMENTS,False,LOW,ACTIVE
NSB007230,Harold,Fischer,1948-03-26,17,4,Doctor,170889.2,PENSION,False,LOW,ACTIVE
NSB007231,Marc,Holder,1949-03-30,19,15,Student,16759.69,PENSION,False,LOW,ACTIVE
NSB007232,Scott,Willis,1950-07-12,3,4,Data Analyst,50835.93,SAVINGS,False,LOW,ACTIVE
NSB007233,Kimberly,Olson,1982-06-15,12,12,Software Engineer,55022.9,BUSINESS,False,LOW,ACTIVE
NSB007234,Jessica,Forbes,1979-08-27,18,14,Architect,52540.14,INHERITANCE,False,MEDIUM,ACTIVE
NSB007235,Justin,Wyatt,1976-10-08,9,13,Teacher,47705.4,SAVINGS,False,HIGH,ACTIVE
NSB007236,Linda,Poole,1974-12-24,15,17,Financial Analyst,72404.49,BUSINESS,False,MEDIUM,ACTIVE
NSB007237,Rachel,Bean,1943-12-31,1,18,Engineer,87829.44,INVESTMENTS,False,LOW,ACTIVE
NSB007238,Nicholas,Beck,1977-07-03,9,6,Consultant,135331.49,SALARY,False,HIGH,ACTIVE
NSB007239,Danielle,Phillips,2002-02-08,20,16,Nurse,46776.75,INVESTMENTS,False,LOW,ACTIVE
NSB007240,Debra,Richards,1974-05-23,16,15,Data Analyst,74502.72,SALARY,False,LOW,ACTIVE
NSB007241,Travis,Nunez,1983-01-04,11,19,Nurse,44233.51,SALARY,False,MEDIUM,ACTIVE
NSB007242,Stephen,Rich,1981-06-05,14,8,Architect,50535.73,INHERITANCE,False,HIGH,ACTIVE
NSB007243,Eric,Erickson,1984-02-28,17,14,Doctor,163278.49,SALARY,False,LOW,INACTIVE
NSB007244,Charles,Arroyo,1953-12-16,14,4,Sales Manager,91695.45,BUSINESS,False,LOW,ACTIVE
NSB007245,Matthew,Brown,2004-09-14,19,19,Engineer,83797.26,BUSINESS,False,MEDIUM,ACTIVE
NSB007246,Christopher,Mcguire,1974-10-22,6,12,Doctor,209574.88,INHERITANCE,False,LOW,ACTIVE
NSB007247,Darius,Lang,1954-10-18,15,1,Student,6913.23,SAVINGS,False,LOW,ACTIVE
NSB007248,Janet,Baker,1997-08-27,11,2,Financial Analyst,107233.59,SAVINGS,False,MEDIUM,ACTIVE
NSB007249,Kathy,Norris,1994-10-31,3,10,Lawyer,97049.86,BUSINESS,False,LOW,ACTIVE
NSB007250,Mary,Mcdowell,1966-05-24,15,16,Nurse,54046.76,PENSION,False,MEDIUM,ACTIVE
NSB007251,Justin,Mendez,1987-08-01,12,9,Consultant,83495.3,PENSION,False,LOW,ACTIVE
NSB007252,Joshua,Johnston,1973-12-28,8,10,Business Owner,249823.27,SAVINGS,False,LOW,ACTIVE
NSB007253,Lori,Ross,1980-03-18,19,2,Lawyer,166534.08,INVESTMENTS,False,MEDIUM,ACTIVE
NSB007254,Paula,Hardy,1952-03-30,6,1,Nurse,37034.37,SALARY,False,LOW,ACTIVE
NSB007255,Frank,Perkins,1996-07-25,15,12,Doctor,160792.41,INHERITANCE,False,LOW,ACTIVE
NSB007256,Wayne,Bell,1954-11-13,4,16,Nurse,50101.79,SAVINGS,False,LOW,ACTIVE
NSB007257,Jason,Johnson,1968-09-16,19,7,Software Engineer,117171.83,INVESTMENTS,False,LOW,ACTIVE
NSB007258,Emily,Jackson,1948-06-15,1,16,Software Engineer,86652.32,PENSION,False,LOW,ACTIVE
NSB007259,Valerie,Jones,2002-04-13,8,17,Data Analyst,97202.25,SAVINGS,False,HIGH,CLOSED
NSB007260,Brent,Hardin,1942-03-30,15,17,Business Owner,210456.88,INVESTMENTS,False,LOW,ACTIVE
NSB007261,Vanessa,Delgado,1946-04-18,14,5,Nurse,61763.47,SAVINGS,False,LOW,ACTIVE
NSB007262,Benjamin,Moore,1964-06-27,17,11,Teacher,38120.94,SALARY,False,LOW,ACTIVE
NSB007263,Timothy,Compton,1989-05-16,16,20,Lawyer,177606.11,BUSINESS,False,LOW,ACTIVE
NSB007264,Joy,Rowe,1994-09-17,10,2,Teacher,47448.85,INHERITANCE,False,LOW,ACTIVE
NSB007265,Jennifer,Baker,1959-04-13,8,16,Teacher,54384.39,BUSINESS,False,MEDIUM,ACTIVE
NSB007266,Ryan,Mendez,1994-08-21,6,3,Student,25010.55,SALARY,False,LOW,ACTIVE
NSB007267,Allen,Gross,1975-10-07,18,6,Doctor,99253.06,SAVINGS,False,LOW,ACTIVE
NSB007268,Ashley,Jones,1965-02-04,5,5,Software Engineer,93108.31,BUSINESS,False,MEDIUM,ACTIVE
NSB007269,Lisa,Warren,1997-09-21,12,1,Lawyer,121173.36,INHERITANCE,False,LOW,ACTIVE
NSB007270,Daniel,Griffin,1943-09-17,7,3,Engineer,76839.72,SALARY,False,LOW,ACTIVE
NSB007271,Laura,Cruz,2005-05-14,2,9,Nurse,43027.56,SAVINGS,False,LOW,ACTIVE
NSB007272,Brian,Baker,1976-12-30,2,7,Software Engineer,109026.61,PENSION,False,LOW,INACTIVE
NSB007273,Jennifer,Vincent,1949-04-20,16,20,Financial Analyst,53424.83,SALARY,False,MEDIUM,ACTIVE
NSB007274,Alisha,Griffin,1961-03-27,5,11,Consultant,128904.5,INVESTMENTS,False,LOW,ACTIVE
NSB007275,Jessica,Phillips,1985-05-21,18,8,Software Engineer,53400.31,INVESTMENTS,False,LOW,BLOCKED
NSB007276,Diana,Gutierrez,1941-05-13,4,12,Business Owner,223942.61,INHERITANCE,False,HIGH,ACTIVE
NSB007277,Charles,Morales,1944-01-15,9,2,Marketing Manager,87211.83,INHERITANCE,False,MEDIUM,ACTIVE
NSB007278,Heather,Davis,1960-05-07,20,15,Business Owner,96276.3,SALARY,False,LOW,ACTIVE
NSB007279,Monica,Wood,1977-01-02,20,20,Teacher,39978.67,INHERITANCE,False,MEDIUM,ACTIVE
NSB007280,Mario,Gray,2005-05-31,7,11,Sales Manager,78546.85,INVESTMENTS,False,LOW,ACTIVE
NSB007281,Joseph,Estrada,1957-03-30,19,5,Consultant,79515.4,SALARY,False,LOW,ACTIVE
NSB007282,Kevin,Smith,1972-09-12,1,4,Consultant,65071.46,SALARY,False,MEDIUM,ACTIVE
NSB007283,Jonathan,Glover,1956-01-04,8,1,Financial Analyst,87212.0,BUSINESS,False,LOW,ACTIVE
NSB007284,Brent,Fields,1946-12-03,13,6,Financial Analyst,87726.07,SAVINGS,False,MEDIUM,ACTIVE
NSB007285,Brenda,Reynolds,1947-12-21,10,5,Lawyer,53266.03,SALARY,False,LOW,ACTIVE
NSB007286,Megan,Oliver,1959-02-14,2,18,Consultant,136763.66,INVESTMENTS,False,MEDIUM,ACTIVE
NSB007287,Michael,Wilkerson,1992-04-10,17,17,Teacher,68304.61,PENSION,False,LOW,ACTIVE
NSB007288,Carl,Navarro,1961-02-09,17,17,Doctor,221142.14,INVESTMENTS,False,LOW,ACTIVE
NSB007289,Leslie,Rivera,2002-11-20,1,3,Nurse,45432.12,SALARY,True,CRITICAL,ACTIVE
NSB007290,James,Gillespie,1982-12-27,12,15,Business Owner,287811.63,INVESTMENTS,False,LOW,ACTIVE
NSB007291,Thomas,Garcia,1959-04-19,19,18,Student,33762.97,PENSION,False,LOW,CLOSED
NSB007292,Marissa,Morris,2006-06-29,9,13,Doctor,61689.2,SALARY,False,LOW,ACTIVE
NSB007293,Marissa,Johnson,1999-07-04,19,4,Nurse,67828.16,INHERITANCE,False,LOW,ACTIVE
NSB007294,Brian,Kline,1955-11-02,12,9,Accountant,59046.42,BUSINESS,False,LOW,INACTIVE
NSB007295,Scott,Adams,2001-03-03,7,4,Data Analyst,77485.31,SAVINGS,False,HIGH,ACTIVE
NSB007296,Breanna,Pearson,2003-04-27,1,2,Software Engineer,108309.39,BUSINESS,False,MEDIUM,ACTIVE
NSB007297,John,Bell,1954-12-09,2,20,Sales Manager,71571.49,SAVINGS,False,LOW,ACTIVE
NSB007298,Jerome,Ryan,1967-06-22,15,15,Doctor,243408.54,SALARY,False,LOW,ACTIVE
NSB007299,Jennifer,Mendez,2004-04-08,20,10,Data Analyst,68049.73,INHERITANCE,False,MEDIUM,ACTIVE
NSB007300,Emily,Moore,1976-04-23,15,13,Financial Analyst,96268.48,INVESTMENTS,False,LOW,ACTIVE
NSB007301,Michael,Gibson,1985-09-26,20,10,Teacher,45970.76,INVESTMENTS,False,MEDIUM,ACTIVE
NSB007302,Katelyn,Carlson,1976-05-10,1,16,Engineer,47152.99,INHERITANCE,False,CRITICAL,ACTIVE
NSB007303,Evan,Fields,2004-02-06,20,7,Data Analyst,67262.76,INHERITANCE,False,LOW,ACTIVE
NSB007304,Michael,Alexander,1959-10-06,12,6,Teacher,62098.84,BUSINESS,False,MEDIUM,ACTIVE
NSB007305,Joshua,Hayes,1945-06-30,1,8,Engineer,116950.2,INVESTMENTS,False,LOW,ACTIVE
NSB007306,Destiny,Warren,1969-09-28,5,17,Accountant,87315.49,PENSION,False,LOW,ACTIVE
NSB007307,Katelyn,Moran,1942-07-29,12,10,Architect,67185.1,PENSION,False,LOW,ACTIVE
NSB007308,David,Armstrong,1979-03-18,17,13,Student,6924.29,BUSINESS,False,MEDIUM,ACTIVE
NSB007309,Shawn,Davis,1990-10-12,18,7,Software Engineer,66778.88,BUSINESS,False,MEDIUM,ACTIVE
NSB007310,Olivia,Flowers,1994-03-22,16,17,Doctor,144169.35,BUSINESS,False,LOW,CLOSED
NSB007311,Brenda,Cross,1951-07-27,13,5,Nurse,54926.61,INVESTMENTS,False,HIGH,ACTIVE
NSB007312,Frank,Burnett,1980-02-04,12,11,Engineer,66218.1,BUSINESS,True,HIGH,ACTIVE
NSB007313,Brandon,Miller,1960-05-20,1,5,Sales Manager,43165.05,INVESTMENTS,False,LOW,ACTIVE
NSB007314,Emily,Page,1982-10-18,9,17,Architect,63450.97,INHERITANCE,False,LOW,ACTIVE
NSB007315,Kenneth,Chang,1976-09-04,15,16,Business Owner,209746.14,SALARY,False,LOW,CLOSED
NSB007316,Matthew,Reid,1948-11-02,16,2,Marketing Manager,50551.04,INVESTMENTS,False,LOW,ACTIVE
NSB007317,Jeanne,Wolf,1942-02-23,16,11,Nurse,53910.48,INHERITANCE,False,HIGH,ACTIVE
NSB007318,Douglas,Clark,1943-10-26,4,3,Software Engineer,85113.82,PENSION,False,LOW,ACTIVE
NSB007319,Janet,Mccormick,1973-03-30,15,16,Teacher,65903.13,INVESTMENTS,False,MEDIUM,ACTIVE
NSB007320,Patricia,Miller,2002-08-25,17,10,Student,32990.96,SALARY,False,LOW,ACTIVE
NSB007321,Kathryn,Edwards,2001-07-23,8,7,Doctor,83187.8,SALARY,False,MEDIUM,ACTIVE
NSB007322,Margaret,Parker,1960-05-08,15,7,Doctor,172976.4,SALARY,False,MEDIUM,ACTIVE
NSB007323,Joshua,Mora,1951-04-30,13,12,Nurse,43578.33,INVESTMENTS,False,MEDIUM,ACTIVE
NSB007324,Jessica,Grimes,2000-09-20,14,8,Architect,51700.7,PENSION,False,LOW,ACTIVE
NSB007325,Tonya,Williams,2005-01-17,3,2,Doctor,196962.27,INVESTMENTS,False,HIGH,ACTIVE
NSB007326,Denise,Rojas,1944-07-11,6,8,Teacher,45073.14,SAVINGS,False,LOW,ACTIVE
NSB007327,Melissa,Brown,1974-04-24,13,6,Teacher,68934.17,PENSION,False,LOW,ACTIVE
NSB007328,Shannon,Anderson,1942-06-27,7,15,Business Owner,49605.52,SALARY,False,LOW,ACTIVE
NSB007329,Carrie,Gonzalez,1977-12-07,10,15,Architect,92323.53,SAVINGS,False,MEDIUM,ACTIVE
NSB007330,Cheryl,Ramirez,1982-10-19,7,2,Sales Manager,75202.78,SALARY,True,MEDIUM,ACTIVE
NSB007331,Brian,Jordan,1997-01-24,11,15,Lawyer,79923.08,INVESTMENTS,False,MEDIUM,ACTIVE
NSB007332,Nicole,Robinson,2005-01-05,7,3,Teacher,58904.96,INVESTMENTS,False,LOW,ACTIVE
NSB007333,Ronald,Boyer,1961-12-03,10,1,Lawyer,111346.86,INVESTMENTS,False,MEDIUM,ACTIVE
NSB007334,Cheyenne,Webb,1953-05-20,1,15,Architect,43909.77,SALARY,False,MEDIUM,BLOCKED
NSB007335,Nathan,Holland,1956-12-24,15,17,Marketing Manager,110454.36,BUSINESS,False,MEDIUM,CLOSED
NSB007336,Charles,Diaz,1967-02-26,7,8,Doctor,207498.64,INHERITANCE,False,MEDIUM,ACTIVE
NSB007337,Daniel,Schaefer,1973-07-16,3,6,Student,22860.13,INVESTMENTS,False,LOW,ACTIVE
NSB007338,Vanessa,Roth,1985-05-20,2,17,Consultant,87907.98,BUSINESS,False,HIGH,ACTIVE
NSB007339,Karen,Clarke,1997-09-22,11,10,Nurse,51319.52,INVESTMENTS,False,LOW,ACTIVE
NSB007340,Christina,Knapp,1993-02-26,12,9,Student,8401.67,SALARY,False,MEDIUM,ACTIVE
NSB007341,Manuel,Greene,1960-02-14,1,14,Nurse,66206.95,SALARY,False,MEDIUM,ACTIVE
NSB007342,Ashley,Edwards,1958-08-26,11,12,Nurse,33733.01,PENSION,False,LOW,ACTIVE
NSB007343,Daniel,Powell,1945-06-18,12,18,Marketing Manager,82568.85,BUSINESS,False,LOW,ACTIVE
NSB007344,John,Adams,2002-03-20,9,12,Sales Manager,121832.0,INHERITANCE,False,LOW,ACTIVE
NSB007345,Lisa,Scott,1949-01-05,15,2,Teacher,50586.97,BUSINESS,False,LOW,ACTIVE
NSB007346,Nathan,Osborne,1950-06-18,15,18,Software Engineer,48275.26,SAVINGS,False,MEDIUM,ACTIVE
NSB007347,Jessica,Smith,2001-09-09,1,12,Lawyer,132999.15,INHERITANCE,False,LOW,ACTIVE
NSB007348,Aaron,Tucker,2004-05-12,6,9,Financial Analyst,100330.9,INHERITANCE,False,LOW,ACTIVE
NSB007349,Wanda,Coleman,1969-02-19,8,19,Teacher,50740.33,BUSINESS,False,LOW,ACTIVE
NSB007350,Katherine,Rhodes,1948-09-06,11,3,Student,22469.81,PENSION,False,CRITICAL,ACTIVE
NSB007351,Kimberly,Mccullough,1953-12-29,3,6,Engineer,97621.44,SALARY,False,MEDIUM,ACTIVE
NSB007352,Jennifer,Palmer,1993-11-30,16,16,Doctor,233074.46,SAVINGS,False,MEDIUM,ACTIVE
NSB007353,Marie,Parker,1983-04-27,11,18,Data Analyst,79615.76,INVESTMENTS,False,MEDIUM,ACTIVE
NSB007354,Ronnie,Chen,1971-12-21,5,14,Financial Analyst,112257.51,PENSION,False,LOW,ACTIVE
NSB007355,Jennifer,Taylor,1997-03-29,14,12,Student,12832.3,PENSION,False,MEDIUM,ACTIVE
NSB007356,Theresa,Perez,1964-03-17,15,13,Consultant,129556.64,SALARY,False,MEDIUM,ACTIVE
NSB007357,Kyle,Olsen,1953-10-18,4,14,Teacher,59736.02,SALARY,False,MEDIUM,ACTIVE
NSB007358,Adam,Harris,1984-04-22,3,11,Architect,45512.53,SALARY,False,LOW,ACTIVE
NSB007359,Devin,Bauer,1958-12-31,12,10,Architect,47902.74,SALARY,False,LOW,ACTIVE
NSB007360,Andrew,Moore,1950-03-11,20,13,Lawyer,100417.97,SALARY,False,LOW,ACTIVE
NSB007361,Kimberly,Watkins,1948-04-06,1,1,Consultant,148626.95,INVESTMENTS,False,LOW,ACTIVE
NSB007362,Sherry,Smith,2001-12-28,13,5,Teacher,36102.16,PENSION,False,MEDIUM,ACTIVE
NSB007363,Marie,Wilson,1992-05-24,19,1,Nurse,53453.33,INVESTMENTS,False,MEDIUM,ACTIVE
NSB007364,Jeremy,Gonzales,1980-03-26,17,12,Business Owner,61190.82,PENSION,False,LOW,ACTIVE
NSB007365,Thomas,Lynch,1955-04-18,7,11,Engineer,97088.32,SAVINGS,False,LOW,ACTIVE
NSB007366,Tracy,Torres,2003-12-31,5,13,Consultant,47048.0,INVESTMENTS,False,LOW,ACTIVE
NSB007367,Laura,Kim,2003-03-06,17,11,Doctor,123181.69,SAVINGS,True,MEDIUM,ACTIVE
NSB007368,David,Mcintyre,1972-04-20,1,11,Doctor,239621.11,SAVINGS,False,LOW,ACTIVE
NSB007369,Ann,Atkinson,1958-07-30,9,6,Teacher,41690.87,SAVINGS,False,LOW,ACTIVE
NSB007370,Chris,Lawrence,1978-04-26,14,13,Consultant,68777.1,INVESTMENTS,False,LOW,ACTIVE
NSB007371,Jason,Hall,1992-11-23,1,18,Student,14679.05,INVESTMENTS,False,LOW,ACTIVE
NSB007372,Daniel,Williams,1945-12-05,19,17,Sales Manager,93477.45,INVESTMENTS,False,LOW,ACTIVE
NSB007373,James,Gibson,1960-10-21,20,2,Business Owner,105665.74,SALARY,False,LOW,ACTIVE
NSB007374,Kelly,Johnson,1984-12-12,13,10,Architect,87893.23,SALARY,False,HIGH,ACTIVE
NSB007375,Susan,Bennett,1970-06-30,13,8,Sales Manager,40046.48,PENSION,True,HIGH,ACTIVE
NSB007376,Scott,Johnson,1966-07-10,15,10,Software Engineer,102590.05,SAVINGS,False,LOW,ACTIVE
NSB007377,Karen,Daugherty,1947-04-20,7,8,Sales Manager,40338.22,SAVINGS,False,LOW,ACTIVE
NSB007378,Jennifer,Morales,1988-08-31,1,15,Financial Analyst,49164.89,SALARY,False,MEDIUM,ACTIVE
NSB007379,Kristie,Ellison,1979-10-04,12,15,Teacher,48748.22,PENSION,False,LOW,ACTIVE
NSB007380,Terry,Estrada,2001-11-21,5,1,Marketing Manager,81203.25,INVESTMENTS,False,LOW,ACTIVE
NSB007381,Daniel,Porter,1964-02-24,5,17,Sales Manager,46015.44,INHERITANCE,False,MEDIUM,ACTIVE
NSB007382,Lauren,White,1976-05-23,17,8,Software Engineer,74444.26,PENSION,False,LOW,ACTIVE
NSB007383,James,Washington,1960-09-05,3,7,Accountant,45412.76,SALARY,False,MEDIUM,ACTIVE
NSB007384,Shawn,Murray,1941-06-04,13,15,Nurse,32447.79,SALARY,False,LOW,ACTIVE
NSB007385,Samantha,Stanley,1953-08-30,3,1,Student,31424.24,INHERITANCE,False,MEDIUM,ACTIVE
NSB007386,Cassie,Peters,1982-09-03,18,7,Sales Manager,61636.19,INHERITANCE,False,MEDIUM,ACTIVE
NSB007387,Brian,Gonzales,1994-04-15,3,1,Financial Analyst,56831.93,SAVINGS,False,CRITICAL,ACTIVE
NSB007388,Willie,Greene,1998-05-16,9,5,Doctor,135028.32,SAVINGS,True,MEDIUM,ACTIVE
NSB007389,John,Ellis,1982-08-06,7,10,Doctor,99222.56,PENSION,False,LOW,ACTIVE
NSB007390,David,Morton,1956-06-15,18,18,Consultant,48940.97,SALARY,False,MEDIUM,ACTIVE
NSB007391,Alexis,Smith,1964-08-01,20,19,Nurse,46817.38,INVESTMENTS,False,LOW,ACTIVE
NSB007392,Tonya,King,1999-07-02,17,13,Lawyer,58834.43,SALARY,True,HIGH,ACTIVE
NSB007393,David,Rodriguez,1961-05-21,18,13,Consultant,90014.27,INHERITANCE,False,LOW,ACTIVE
NSB007394,Adam,Evans,1971-04-28,20,4,Student,12845.11,INHERITANCE,False,LOW,ACTIVE
NSB007395,Rhonda,Cruz,1971-07-11,13,16,Student,31264.4,SALARY,False,LOW,ACTIVE
NSB007396,Darrell,Bell,1956-05-24,1,13,Software Engineer,112641.88,SAVINGS,False,LOW,ACTIVE
NSB007397,Pamela,Johnson,1989-06-07,12,12,Software Engineer,102352.34,PENSION,False,MEDIUM,ACTIVE
NSB007398,Sara,Harrison,1994-08-28,5,18,Data Analyst,91894.2,SALARY,False,LOW,ACTIVE
NSB007399,Emma,Smith,1954-07-13,13,3,Marketing Manager,92632.77,INHERITANCE,False,HIGH,ACTIVE
NSB007400,Alyssa,Burns,1995-10-19,20,8,Student,33370.48,SAVINGS,False,LOW,ACTIVE
NSB007401,Walter,Frazier,1967-03-08,2,19,Student,6657.64,PENSION,False,LOW,ACTIVE
NSB007402,Matthew,Hernandez,1954-09-16,4,7,Nurse,64726.69,INHERITANCE,False,MEDIUM,ACTIVE
NSB007403,Erica,Pittman,1990-01-12,1,8,Business Owner,156691.32,BUSINESS,False,LOW,ACTIVE
NSB007404,Katie,Kidd,1948-10-05,1,13,Doctor,72723.37,SALARY,False,MEDIUM,ACTIVE
NSB007405,Timothy,Duran,1952-01-28,9,18,Accountant,86796.65,BUSINESS,False,MEDIUM,CLOSED
NSB007406,Donald,Ruiz,1997-10-27,5,3,Student,24061.99,PENSION,False,MEDIUM,ACTIVE
NSB007407,Katelyn,Richards,1941-08-07,15,1,Nurse,67264.1,INVESTMENTS,False,MEDIUM,ACTIVE
NSB007408,Kaitlin,Bernard,1971-08-05,11,10,Financial Analyst,110947.19,PENSION,False,LOW,ACTIVE
NSB007409,Kathleen,Randall,1984-02-14,12,16,Nurse,57456.27,BUSINESS,False,MEDIUM,ACTIVE
NSB007410,Stephanie,Castillo,1998-11-11,13,1,Data Analyst,52684.72,PENSION,False,MEDIUM,ACTIVE
NSB007411,Cynthia,Logan,1970-08-15,17,14,Lawyer,157827.95,BUSINESS,False,LOW,ACTIVE
NSB007412,Jonathan,Ramos,1942-07-13,18,2,Financial Analyst,88809.38,SAVINGS,False,LOW,ACTIVE
NSB007413,Terri,Graves,1966-08-02,19,10,Engineer,58593.11,BUSINESS,False,MEDIUM,ACTIVE
NSB007414,Patrick,Avery,1963-03-28,7,1,Sales Manager,126497.23,BUSINESS,False,LOW,ACTIVE
NSB007415,Cynthia,Moore,1973-08-12,5,19,Marketing Manager,100847.48,INHERITANCE,False,MEDIUM,ACTIVE
NSB007416,Kathleen,Miller,1954-12-02,18,3,Teacher,39404.51,BUSINESS,False,LOW,ACTIVE
NSB007417,Mark,Cline,1984-01-03,6,2,Student,33391.5,BUSINESS,False,HIGH,ACTIVE
NSB007418,Reginald,Barnes,1986-01-01,13,4,Student,16390.86,PENSION,False,MEDIUM,ACTIVE
NSB007419,Ryan,Jacobs,1990-05-02,13,17,Consultant,108417.81,INHERITANCE,False,LOW,ACTIVE
NSB007420,Elizabeth,Lewis,1945-06-06,2,13,Teacher,36246.36,INHERITANCE,False,MEDIUM,ACTIVE
NSB007421,Jennifer,Miller,1998-01-01,20,11,Accountant,75531.19,BUSINESS,False,MEDIUM,ACTIVE
NSB007422,Lauren,Miller,1992-05-06,8,19,Nurse,56344.22,INVESTMENTS,False,LOW,ACTIVE
NSB007423,Fernando,Vargas,1958-08-01,17,19,Teacher,39184.78,PENSION,False,LOW,ACTIVE
NSB007424,Tyler,Bates,1942-05-30,7,19,Software Engineer,46833.89,SALARY,False,MEDIUM,ACTIVE
NSB007425,Lisa,Jensen,1992-12-05,2,19,Software Engineer,102805.92,INVESTMENTS,False,MEDIUM,ACTIVE
NSB007426,Jennifer,Hill,1981-06-19,1,20,Accountant,80665.1,INVESTMENTS,False,MEDIUM,ACTIVE
NSB007427,Melanie,Wilkinson,2003-12-11,6,6,Data Analyst,76046.97,INVESTMENTS,False,LOW,ACTIVE
NSB007428,Michael,Robinson,1967-06-27,15,16,Consultant,119154.18,PENSION,False,LOW,ACTIVE
NSB007429,Carla,Hill,1954-08-07,2,1,Architect,66621.36,INHERITANCE,False,LOW,ACTIVE
NSB007430,John,Bentley,1942-07-26,18,10,Consultant,103298.79,SAVINGS,False,MEDIUM,ACTIVE
NSB007431,Vincent,Gray,1947-10-09,7,17,Lawyer,141313.14,SAVINGS,False,LOW,ACTIVE
NSB007432,Brandon,Stafford,1971-12-30,5,5,Software Engineer,97493.97,SAVINGS,False,HIGH,ACTIVE
NSB007433,Stephanie,Cruz,1983-06-09,20,20,Doctor,227862.95,SALARY,False,MEDIUM,ACTIVE
NSB007434,Courtney,Montgomery,1989-04-14,13,15,Financial Analyst,67501.17,BUSINESS,False,LOW,ACTIVE
NSB007435,Ryan,Lee,1968-11-27,10,7,Sales Manager,121558.97,PENSION,False,MEDIUM,INACTIVE
NSB007436,Erica,Lynch,1966-02-11,18,10,Software Engineer,59280.9,INVESTMENTS,False,MEDIUM,ACTIVE
NSB007437,Christopher,Freeman,1942-05-16,9,9,Financial Analyst,69867.92,INHERITANCE,False,HIGH,ACTIVE
NSB007438,Brett,Mercado,1943-01-20,7,6,Consultant,119968.07,SAVINGS,False,MEDIUM,ACTIVE
NSB007439,Shannon,Watson,1998-03-11,8,5,Data Analyst,92764.56,INVESTMENTS,False,LOW,INACTIVE
NSB007440,Ryan,Phillips,1983-11-20,20,4,Doctor,140349.25,SALARY,False,LOW,ACTIVE
NSB007441,Jennifer,Dorsey,1979-06-30,6,1,Doctor,137519.25,INVESTMENTS,False,MEDIUM,ACTIVE
NSB007442,Kenneth,Roman,2004-03-22,3,11,Nurse,68290.75,BUSINESS,False,LOW,ACTIVE
NSB007443,Jennifer,Pugh,1972-10-19,20,8,Lawyer,158864.04,SAVINGS,False,LOW,ACTIVE
NSB007444,Jason,Berger,1947-05-26,17,9,Software Engineer,58001.89,PENSION,False,LOW,ACTIVE
NSB007445,John,Shepard,1998-10-01,9,10,Teacher,39063.95,INVESTMENTS,False,LOW,INACTIVE
NSB007446,Craig,Bradley,1953-09-03,3,4,Business Owner,226837.5,SALARY,False,MEDIUM,ACTIVE
NSB007447,Brenda,Rhodes,1958-10-31,19,14,Student,34995.41,INVESTMENTS,False,LOW,ACTIVE
NSB007448,Kelly,Orozco,1989-03-16,20,10,Nurse,68641.72,SALARY,False,LOW,ACTIVE
NSB007449,Matthew,Stevens,2001-12-26,6,4,Consultant,54090.29,SAVINGS,False,LOW,ACTIVE
NSB007450,Pamela,Campbell,1984-02-20,4,14,Business Owner,68050.39,INHERITANCE,True,LOW,ACTIVE
NSB007451,Meghan,Wall,1979-06-16,17,14,Software Engineer,46050.8,SAVINGS,True,MEDIUM,DECEASED
NSB007452,John,Haynes,1969-09-11,4,11,Marketing Manager,102554.73,INHERITANCE,False,LOW,ACTIVE
NSB007453,Charles,Dunn,1974-01-17,2,15,Financial Analyst,105720.9,INHERITANCE,False,MEDIUM,ACTIVE
NSB007454,Nicholas,Gray,1984-02-05,16,6,Marketing Manager,75686.69,SAVINGS,False,LOW,ACTIVE
NSB007455,Bethany,Baker,1990-01-10,3,10,Architect,67941.62,SAVINGS,False,LOW,ACTIVE
NSB007456,Peter,Reese,1975-04-21,16,18,Data Analyst,49944.42,INVESTMENTS,False,LOW,ACTIVE
NSB007457,Dawn,Johnson,1985-04-07,7,14,Sales Manager,118355.68,SAVINGS,False,LOW,ACTIVE
NSB007458,Charles,Shaffer,1948-09-13,14,7,Student,16500.79,BUSINESS,False,LOW,ACTIVE
NSB007459,Sherry,Mitchell,1976-11-04,10,9,Marketing Manager,85978.94,SAVINGS,False,HIGH,ACTIVE
NSB007460,Robert,Weber,1992-11-02,9,17,Engineer,70216.01,INVESTMENTS,False,MEDIUM,ACTIVE
NSB007461,Sarah,Powell,1943-11-26,5,6,Financial Analyst,119636.21,SAVINGS,False,MEDIUM,ACTIVE
NSB007462,Julie,Sanchez,1947-11-21,4,19,Architect,62208.87,INHERITANCE,False,LOW,ACTIVE
NSB007463,Angela,Washington,1995-02-27,1,17,Marketing Manager,55880.72,BUSINESS,False,LOW,ACTIVE
NSB007464,John,Medina,1955-03-26,2,14,Sales Manager,66590.02,INVESTMENTS,False,CRITICAL,ACTIVE
NSB007465,Rita,Barrett,1991-12-02,9,2,Consultant,99541.88,BUSINESS,False,LOW,ACTIVE
NSB007466,Jeanne,Miller,1978-12-26,11,9,Data Analyst,83611.51,PENSION,False,LOW,ACTIVE
NSB007467,Gregory,Ferguson,2006-08-17,1,1,Sales Manager,93168.48,PENSION,False,MEDIUM,ACTIVE
NSB007468,Kevin,Sawyer,1966-11-15,3,3,Nurse,56751.06,SALARY,False,LOW,ACTIVE
NSB007469,Tyler,Mcneil,1994-05-29,13,20,Data Analyst,76641.51,BUSINESS,False,HIGH,ACTIVE
NSB007470,Cassandra,Gonzalez,2006-04-10,11,1,Business Owner,266340.78,INVESTMENTS,False,LOW,CLOSED
NSB007471,Charles,Gomez,1945-04-18,10,5,Teacher,38777.97,SAVINGS,False,LOW,ACTIVE
NSB007472,Joel,Scott,1987-11-05,2,4,Financial Analyst,72352.46,INHERITANCE,False,LOW,ACTIVE
NSB007473,Erica,Moore,1973-07-24,14,18,Sales Manager,61688.34,SAVINGS,False,LOW,ACTIVE
NSB007474,Howard,Evans,1947-03-31,2,3,Engineer,69880.94,SALARY,False,LOW,ACTIVE
NSB007475,Alicia,Richardson,1977-06-28,13,7,Sales Manager,47064.75,INHERITANCE,False,LOW,ACTIVE
NSB007476,David,Barnes,1980-12-15,14,16,Lawyer,122807.77,SALARY,False,LOW,ACTIVE
NSB007477,Tiffany,Short,1971-07-09,16,14,Nurse,57552.77,SALARY,False,MEDIUM,ACTIVE
NSB007478,Manuel,Reyes,1998-10-24,9,8,Sales Manager,83424.98,INVESTMENTS,False,LOW,ACTIVE
NSB007479,Brenda,Bryan,1985-10-18,3,17,Sales Manager,69327.5,INHERITANCE,False,LOW,ACTIVE
NSB007480,Sarah,Jenkins,2003-11-15,15,4,Nurse,45107.31,SALARY,False,LOW,ACTIVE
NSB007481,Terri,Hill,2002-02-09,3,14,Financial Analyst,53041.43,BUSINESS,False,LOW,ACTIVE
NSB007482,Jack,Boyd,1991-06-01,5,19,Accountant,62078.31,PENSION,False,LOW,ACTIVE
NSB007483,Matthew,Stewart,1969-08-15,9,2,Business Owner,194768.85,PENSION,False,LOW,ACTIVE
NSB007484,William,Prince,1981-12-07,19,13,Software Engineer,110329.88,SALARY,False,LOW,ACTIVE
NSB007485,Christina,Sanders,1967-05-08,15,15,Nurse,35345.11,INHERITANCE,False,LOW,ACTIVE
NSB007486,Sheila,Nelson,1975-05-09,14,4,Software Engineer,107609.77,INHERITANCE,False,LOW,ACTIVE
NSB007487,Brenda,Rodriguez,1943-04-24,4,15,Consultant,57507.44,SAVINGS,False,LOW,ACTIVE
NSB007488,Andrew,Flowers,1998-03-05,5,8,Doctor,92084.77,PENSION,False,MEDIUM,ACTIVE
NSB007489,Emily,Mcmillan,1997-01-20,2,9,Marketing Manager,76297.75,BUSINESS,False,MEDIUM,ACTIVE
NSB007490,Carol,Hill,1976-10-15,15,11,Marketing Manager,82711.04,SALARY,False,MEDIUM,CLOSED
NSB007491,Laura,Lowe,1941-02-24,17,12,Business Owner,59117.17,BUSINESS,False,LOW,ACTIVE
NSB007492,Brandon,Greer,1991-02-28,7,16,Nurse,55269.67,BUSINESS,False,LOW,ACTIVE
NSB007493,Lucas,Pugh,1947-07-11,6,17,Architect,84117.9,INHERITANCE,False,LOW,BLOCKED
NSB007494,Heather,Sheppard,1966-06-06,6,20,Business Owner,154309.51,SALARY,False,LOW,ACTIVE
NSB007495,Amanda,Phillips,1985-06-08,8,17,Data Analyst,59450.28,INVESTMENTS,False,MEDIUM,ACTIVE
NSB007496,Bryan,Leon,1943-12-17,15,12,Accountant,66085.29,PENSION,False,LOW,ACTIVE
NSB007497,Kevin,Campbell,1945-04-14,2,17,Sales Manager,76350.32,SAVINGS,False,LOW,ACTIVE
NSB007498,Thomas,Henry,1981-04-27,18,6,Data Analyst,68499.27,SALARY,False,MEDIUM,ACTIVE
NSB007499,Jean,Hampton,1995-04-08,11,10,Consultant,57452.1,INHERITANCE,False,LOW,ACTIVE
NSB007500,Alisha,Martin,1949-07-16,6,16,Consultant,94499.73,SALARY,False,MEDIUM,ACTIVE
NSB007501,April,Flynn,1952-05-31,19,12,Sales Manager,113243.13,SAVINGS,False,MEDIUM,INACTIVE
NSB007502,John,Miller,1961-06-03,4,2,Student,10520.13,BUSINESS,False,LOW,ACTIVE
NSB007503,Nathan,Christensen,2000-01-19,5,3,Data Analyst,42113.21,SALARY,False,MEDIUM,ACTIVE
NSB007504,Natalie,Cantrell,1976-11-30,1,18,Business Owner,76592.75,SALARY,False,LOW,ACTIVE
NSB007505,Courtney,Blevins,2005-02-16,11,10,Accountant,39681.65,SALARY,False,HIGH,ACTIVE
NSB007506,Mark,Hernandez,1941-11-12,17,12,Data Analyst,81676.47,BUSINESS,False,LOW,ACTIVE
NSB007507,Trevor,King,2003-12-18,2,6,Lawyer,59947.2,INHERITANCE,True,HIGH,ACTIVE
NSB007508,Sarah,Bradley,1977-12-27,8,15,Doctor,141702.77,SAVINGS,False,MEDIUM,BLOCKED
NSB007509,Gregory,Caldwell,1989-09-06,14,11,Software Engineer,81311.26,PENSION,True,HIGH,ACTIVE
NSB007510,Susan,Garcia,1961-01-11,6,4,Business Owner,245633.75,INHERITANCE,False,MEDIUM,ACTIVE
NSB007511,John,Mendoza,1997-01-15,20,20,Sales Manager,71753.46,INHERITANCE,False,MEDIUM,CLOSED
NSB007512,Steven,Hall,1993-06-16,14,3,Consultant,119520.48,PENSION,False,LOW,ACTIVE
NSB007513,Rachel,Johnson,2005-06-25,8,10,Marketing Manager,71357.19,INVESTMENTS,False,LOW,ACTIVE
NSB007514,Kimberly,Crawford,1975-06-23,11,14,Software Engineer,65676.36,INHERITANCE,False,LOW,ACTIVE
NSB007515,Lauren,Kennedy,1949-05-27,8,16,Engineer,54080.83,SAVINGS,False,MEDIUM,ACTIVE
NSB007516,Anna,Wilcox,1978-01-16,8,9,Software Engineer,92879.88,PENSION,False,LOW,ACTIVE
NSB007517,Elizabeth,Taylor,1943-11-07,10,1,Lawyer,114677.07,SALARY,False,LOW,ACTIVE
NSB007518,Brianna,Wright,1947-11-29,6,11,Business Owner,119552.35,SALARY,False,LOW,ACTIVE
NSB007519,Steve,Howard,1959-09-23,3,11,Nurse,45299.43,SALARY,False,LOW,ACTIVE
NSB007520,Jeffrey,Greene,1992-12-08,12,15,Software Engineer,97119.44,SAVINGS,False,MEDIUM,ACTIVE
NSB007521,Richard,Cooper,1997-10-04,7,13,Software Engineer,66706.46,SAVINGS,False,MEDIUM,ACTIVE
NSB007522,Christopher,Donaldson,1962-05-08,16,19,Lawyer,121889.19,INHERITANCE,False,LOW,CLOSED
NSB007523,Brian,Collier,1972-10-09,7,2,Data Analyst,47729.98,INVESTMENTS,False,MEDIUM,ACTIVE
NSB007524,Michaela,Cook,1948-08-25,6,17,Teacher,55608.93,SAVINGS,False,MEDIUM,ACTIVE
NSB007525,Johnny,Lewis,1973-08-16,18,4,Student,18864.61,SAVINGS,False,MEDIUM,ACTIVE
NSB007526,Douglas,Martinez,2004-04-25,4,14,Doctor,129367.92,PENSION,False,MEDIUM,ACTIVE
NSB007527,Heather,Diaz,1966-05-04,18,17,Consultant,144348.14,PENSION,False,LOW,ACTIVE
NSB007528,Benjamin,Owens,1997-06-25,15,13,Financial Analyst,57044.81,SAVINGS,False,LOW,ACTIVE
NSB007529,Ashley,Gardner,1953-01-08,11,4,Business Owner,42490.24,BUSINESS,False,HIGH,ACTIVE
NSB007530,Samantha,Williams,1957-01-16,3,6,Data Analyst,42506.61,SALARY,False,LOW,ACTIVE
NSB007531,Veronica,Owens,1981-07-10,17,5,Nurse,61401.28,SAVINGS,False,LOW,ACTIVE
NSB007532,Dan,Cervantes,1954-08-27,13,10,Nurse,35766.88,BUSINESS,False,LOW,ACTIVE
NSB007533,Donald,Deleon,1991-11-08,1,6,Engineer,67903.99,INHERITANCE,False,LOW,ACTIVE
NSB007534,Heather,Warren,1966-04-14,6,13,Student,27105.79,BUSINESS,False,MEDIUM,ACTIVE
NSB007535,April,Davis,1971-06-05,13,8,Business Owner,86965.62,INHERITANCE,False,LOW,ACTIVE
NSB007536,Richard,Ochoa,1992-09-09,6,12,Student,32867.73,INVESTMENTS,False,LOW,ACTIVE
NSB007537,Pamela,Barr,1995-04-30,7,4,Marketing Manager,87309.07,SAVINGS,False,HIGH,ACTIVE
NSB007538,Sara,King,1974-11-29,17,17,Software Engineer,93309.12,SAVINGS,False,MEDIUM,CLOSED
NSB007539,Victoria,Manning,1982-06-23,11,9,Lawyer,71213.76,SAVINGS,False,MEDIUM,ACTIVE
NSB007540,Janet,Lewis,2001-06-01,14,12,Software Engineer,112222.48,SALARY,False,MEDIUM,ACTIVE
NSB007541,Melanie,Chang,1993-02-19,20,9,Software Engineer,78583.81,SALARY,False,LOW,ACTIVE
NSB007542,Donna,Castillo,1942-06-09,3,17,Financial Analyst,75947.42,SALARY,False,LOW,ACTIVE
NSB007543,Ryan,Walters,1970-06-09,15,20,Teacher,34552.18,INVESTMENTS,False,HIGH,ACTIVE
NSB007544,Erika,Patterson,2005-07-04,12,14,Doctor,155595.77,INHERITANCE,False,HIGH,ACTIVE
NSB007545,Melissa,Carr,2004-06-12,20,8,Nurse,59260.76,PENSION,False,LOW,ACTIVE
NSB007546,Julie,Henderson,1974-09-22,10,13,Doctor,180816.35,INVESTMENTS,False,HIGH,ACTIVE
NSB007547,Pamela,Harding,1959-12-06,1,18,Data Analyst,43541.82,SALARY,False,LOW,ACTIVE
NSB007548,Douglas,Gonzalez,1978-05-27,15,16,Sales Manager,106767.91,PENSION,False,MEDIUM,ACTIVE
NSB007549,Devin,Mitchell,1952-10-10,15,11,Consultant,50821.78,INHERITANCE,False,LOW,ACTIVE
NSB007550,John,Perez,1948-08-04,5,11,Data Analyst,47756.55,INVESTMENTS,False,MEDIUM,ACTIVE
NSB007551,Michael,Graves,1969-11-15,15,14,Business Owner,281583.79,SALARY,False,LOW,ACTIVE
NSB007552,Misty,Garner,1987-02-09,2,13,Student,17899.46,BUSINESS,False,LOW,ACTIVE
NSB007553,Shawn,Velasquez,2005-07-07,3,2,Consultant,118545.46,INVESTMENTS,False,LOW,ACTIVE
NSB007554,Michele,Frank,2006-08-26,7,4,Teacher,44353.23,INVESTMENTS,False,LOW,ACTIVE
NSB007555,Frank,Mcclain,1969-07-31,4,12,Software Engineer,73982.73,BUSINESS,False,LOW,ACTIVE
NSB007556,Terri,Cooper,1957-10-01,19,12,Marketing Manager,114560.98,PENSION,False,LOW,ACTIVE
NSB007557,Ronald,Calhoun,1964-07-21,12,7,Student,20326.17,SAVINGS,False,LOW,ACTIVE
NSB007558,Samuel,Hogan,1971-10-22,11,1,Architect,75784.27,SAVINGS,False,MEDIUM,ACTIVE
NSB007559,Dylan,Jones,1945-08-23,12,20,Nurse,54531.16,BUSINESS,False,MEDIUM,ACTIVE
NSB007560,Joan,Collins,1993-05-20,19,5,Sales Manager,76622.64,PENSION,False,LOW,ACTIVE
NSB007561,Nathaniel,Austin,1945-02-27,15,14,Lawyer,98038.41,BUSINESS,False,LOW,ACTIVE
NSB007562,Theresa,Smith,1952-08-20,4,4,Sales Manager,85947.98,INVESTMENTS,False,LOW,ACTIVE
NSB007563,Kathleen,Lopez,2002-06-25,16,2,Business Owner,261806.64,BUSINESS,False,LOW,ACTIVE
NSB007564,Matthew,Holt,1953-12-09,14,13,Lawyer,150006.92,SAVINGS,False,MEDIUM,ACTIVE
NSB007565,Vanessa,Graham,1958-01-15,13,13,Sales Manager,87956.58,SAVINGS,False,MEDIUM,INACTIVE
NSB007566,Cody,Parks,1974-02-06,8,17,Doctor,206980.61,INHERITANCE,False,LOW,ACTIVE
NSB007567,Charles,Montgomery,1950-01-14,1,19,Lawyer,100705.48,INVESTMENTS,False,LOW,ACTIVE
NSB007568,Courtney,Hardy,1971-12-16,2,11,Architect,54130.38,SALARY,False,HIGH,ACTIVE
NSB007569,Robert,Sandoval,1950-01-11,5,17,Architect,61777.33,INHERITANCE,False,LOW,ACTIVE
NSB007570,Mary,Johnson,2004-10-02,11,7,Sales Manager,121870.18,SAVINGS,False,LOW,ACTIVE
NSB007571,Michael,Sanchez,1966-09-05,14,15,Engineer,94174.05,BUSINESS,False,LOW,ACTIVE
NSB007572,Brittney,Summers,1987-01-15,18,9,Doctor,222547.48,BUSINESS,False,MEDIUM,ACTIVE
NSB007573,Aaron,Kemp,1941-08-19,12,7,Accountant,42944.64,INHERITANCE,False,MEDIUM,INACTIVE
NSB007574,Whitney,Curtis,1977-02-09,12,6,Nurse,66373.07,INVESTMENTS,False,LOW,ACTIVE
NSB007575,Kevin,James,1993-10-06,15,8,Nurse,54751.76,SALARY,False,LOW,ACTIVE
NSB007576,Anthony,Andrews,1993-11-17,11,14,Student,8650.29,PENSION,False,LOW,ACTIVE
NSB007577,Barry,Rose,1941-12-25,8,16,Business Owner,182539.95,SAVINGS,False,LOW,ACTIVE
NSB007578,Melissa,Fernandez,1976-04-26,7,7,Student,7589.17,SALARY,False,LOW,ACTIVE
NSB007579,Frederick,Flynn,1966-02-22,2,19,Student,11045.3,BUSINESS,False,MEDIUM,ACTIVE
NSB007580,Andrew,Rodriguez,1971-12-01,2,10,Engineer,65033.15,SALARY,False,LOW,ACTIVE
NSB007581,Gary,Fletcher,1954-02-10,8,1,Teacher,69103.01,SAVINGS,False,LOW,ACTIVE
NSB007582,Lauren,Myers,1955-07-05,17,10,Sales Manager,67976.78,BUSINESS,False,LOW,ACTIVE
NSB007583,Shawn,Burns,1966-12-25,2,17,Lawyer,164527.36,BUSINESS,False,LOW,ACTIVE
NSB007584,Melissa,Harris,2003-06-15,20,8,Consultant,78691.26,BUSINESS,False,LOW,ACTIVE
NSB007585,Paige,Salinas,1954-07-12,4,7,Marketing Manager,50370.37,INHERITANCE,False,LOW,ACTIVE
NSB007586,Nicholas,Evans,1956-09-08,20,19,Accountant,77114.73,INHERITANCE,False,HIGH,ACTIVE
NSB007587,Diana,Collins,1993-01-24,11,19,Software Engineer,110319.95,SALARY,False,LOW,ACTIVE
NSB007588,Michael,Roman,1980-10-01,10,1,Accountant,69922.18,PENSION,False,LOW,ACTIVE
NSB007589,Kevin,Petersen,1976-03-01,7,16,Teacher,44979.52,INVESTMENTS,True,HIGH,INACTIVE
NSB007590,Molly,Martinez,1941-01-10,4,12,Engineer,84026.26,BUSINESS,False,LOW,ACTIVE
NSB007591,Hannah,Miranda,1971-12-04,2,9,Teacher,68516.59,BUSINESS,False,MEDIUM,ACTIVE
NSB007592,Gary,Anderson,1961-01-21,10,17,Doctor,80762.09,SALARY,False,LOW,ACTIVE
NSB007593,Kimberly,Hoffman,1955-10-23,5,15,Nurse,48338.01,BUSINESS,False,MEDIUM,ACTIVE
NSB007594,Vanessa,Wu,1944-03-05,9,11,Teacher,68485.69,BUSINESS,False,HIGH,ACTIVE
NSB007595,Larry,Rose,1984-05-13,1,4,Software Engineer,65500.76,SAVINGS,False,MEDIUM,ACTIVE
NSB007596,Jonathan,Miller,1988-09-15,12,7,Business Owner,213760.7,INVESTMENTS,False,LOW,ACTIVE
NSB007597,Dana,Wilson,1981-10-13,10,17,Marketing Manager,110348.13,BUSINESS,False,MEDIUM,ACTIVE
NSB007598,Yvette,Jones,1977-12-09,10,9,Nurse,49168.63,INHERITANCE,False,LOW,ACTIVE
NSB007599,Craig,Guerrero,1945-03-24,16,12,Software Engineer,103020.7,BUSINESS,False,LOW,INACTIVE
NSB007600,Lisa,Daniels,1978-09-02,11,6,Business Owner,135851.59,INHERITANCE,False,MEDIUM,ACTIVE
NSB007601,Adam,Gomez,1951-05-21,14,15,Data Analyst,66767.79,PENSION,False,LOW,ACTIVE
NSB007602,Amanda,King,1987-08-26,8,13,Marketing Manager,65100.22,BUSINESS,False,LOW,ACTIVE
NSB007603,Charles,Johnson,1943-05-08,18,8,Consultant,67734.26,INHERITANCE,False,MEDIUM,ACTIVE
NSB007604,Madison,Short,1948-03-23,5,4,Software Engineer,90198.68,SALARY,False,LOW,ACTIVE
NSB007605,Samantha,Murphy,1966-11-14,18,13,Teacher,30455.07,PENSION,False,LOW,ACTIVE
NSB007606,Patricia,Smith,1967-11-10,16,9,Engineer,98712.8,PENSION,False,LOW,ACTIVE
NSB007607,Cassidy,Braun,1983-10-08,14,5,Consultant,62047.03,PENSION,False,LOW,ACTIVE
NSB007608,Melissa,Cortez,1958-05-15,19,19,Lawyer,173715.61,INVESTMENTS,False,LOW,ACTIVE
NSB007609,Laurie,Jackson,2004-03-01,8,19,Nurse,62495.17,INVESTMENTS,False,LOW,ACTIVE
NSB007610,Vanessa,Smith,1958-10-16,2,3,Nurse,41302.75,INVESTMENTS,False,MEDIUM,ACTIVE
NSB007611,Kathleen,Mathews,1978-12-02,1,7,Student,15683.63,SALARY,True,HIGH,ACTIVE
NSB007612,Joan,Gibson,1982-07-16,10,6,Architect,78334.79,INHERITANCE,False,MEDIUM,INACTIVE
NSB007613,Melissa,Watkins,1972-01-19,1,1,Marketing Manager,52803.94,INHERITANCE,False,MEDIUM,ACTIVE
NSB007614,Tamara,Shaw,2001-05-08,19,20,Doctor,144463.25,SAVINGS,False,MEDIUM,ACTIVE
NSB007615,Mark,Jackson,1969-03-26,20,5,Data Analyst,40444.49,SAVINGS,False,MEDIUM,ACTIVE
NSB007616,Leslie,Brown,1970-06-20,4,13,Teacher,66482.37,INHERITANCE,False,HIGH,ACTIVE
NSB007617,Marcus,Johnson,1980-12-20,6,9,Architect,88211.7,SAVINGS,False,LOW,ACTIVE
NSB007618,Jennifer,Harrison,2006-03-27,9,15,Data Analyst,85156.14,INVESTMENTS,False,LOW,ACTIVE
NSB007619,Ana,Savage,1953-02-07,18,17,Sales Manager,87622.0,PENSION,False,LOW,ACTIVE
NSB007620,James,Velazquez,1958-03-23,4,10,Nurse,53092.27,SALARY,False,MEDIUM,ACTIVE
NSB007621,Dale,Chavez,1980-11-08,7,19,Architect,52541.01,BUSINESS,False,LOW,ACTIVE
NSB007622,Ellen,Thomas,1941-01-20,14,10,Teacher,39858.74,SALARY,False,LOW,ACTIVE
NSB007623,Sean,Taylor,1945-08-31,2,6,Consultant,137089.25,INHERITANCE,True,MEDIUM,ACTIVE
NSB007624,Charles,Walker,1972-12-18,1,19,Engineer,62233.17,PENSION,False,MEDIUM,ACTIVE
NSB007625,Jeffery,Adams,1946-12-02,1,4,Nurse,31601.84,SALARY,False,LOW,ACTIVE
NSB007626,Elizabeth,Moreno,1949-09-22,12,19,Software Engineer,60684.51,PENSION,False,LOW,ACTIVE
NSB007627,Mario,Fernandez,1951-02-07,8,2,Data Analyst,74339.56,SAVINGS,False,LOW,ACTIVE
NSB007628,Susan,Black,1946-10-08,8,12,Consultant,81482.25,BUSINESS,False,MEDIUM,ACTIVE
NSB007629,Sandra,Cochran,1971-04-21,7,16,Teacher,43381.62,INVESTMENTS,False,MEDIUM,INACTIVE
NSB007630,Shannon,Wheeler,1997-06-21,1,3,Data Analyst,76539.16,INVESTMENTS,False,LOW,ACTIVE
NSB007631,Cynthia,Crane,1948-12-01,6,2,Marketing Manager,110582.19,SAVINGS,False,LOW,ACTIVE
NSB007632,Adam,Bradshaw,1955-09-07,20,1,Data Analyst,79575.88,SAVINGS,False,LOW,ACTIVE
NSB007633,Douglas,Walker,1959-01-06,8,13,Software Engineer,58048.96,INVESTMENTS,False,LOW,ACTIVE
NSB007634,Kimberly,Spencer,1989-04-11,10,11,Software Engineer,51133.78,SALARY,False,HIGH,ACTIVE
NSB007635,Brian,Oliver,1975-07-27,18,7,Sales Manager,64167.0,SAVINGS,False,LOW,ACTIVE
NSB007636,Caroline,Stewart,1951-03-08,16,20,Sales Manager,95914.76,INHERITANCE,False,LOW,ACTIVE
NSB007637,Kathy,Malone,1962-01-12,1,7,Consultant,69313.83,SALARY,False,LOW,ACTIVE
NSB007638,Roger,Cannon,1967-11-29,11,1,Teacher,57662.65,BUSINESS,False,LOW,ACTIVE
NSB007639,Dustin,Smith,1986-08-15,4,4,Student,13930.17,PENSION,False,MEDIUM,ACTIVE
NSB007640,Jennifer,Johnson,1946-09-21,12,7,Marketing Manager,93671.61,INHERITANCE,False,LOW,ACTIVE
NSB007641,Trevor,Lucas,1999-10-27,4,8,Accountant,68967.66,INVESTMENTS,False,MEDIUM,ACTIVE
NSB007642,Willie,Randolph,1966-04-12,5,5,Business Owner,46214.55,INVESTMENTS,False,MEDIUM,INACTIVE
NSB007643,Christine,Brown,1945-08-09,20,2,Marketing Manager,117500.89,SAVINGS,False,MEDIUM,ACTIVE
NSB007644,Melinda,Nguyen,1941-01-10,1,9,Architect,52542.77,INHERITANCE,False,MEDIUM,ACTIVE
NSB007645,Robert,Smith,2004-09-20,7,2,Sales Manager,65669.55,INHERITANCE,False,HIGH,ACTIVE
NSB007646,Michelle,Benson,1946-11-05,17,15,Business Owner,202752.58,INHERITANCE,False,LOW,ACTIVE
NSB007647,Bryan,Ellison,1965-03-15,2,9,Marketing Manager,46017.31,INHERITANCE,False,LOW,ACTIVE
NSB007648,Kimberly,Smith,1974-03-15,20,15,Data Analyst,62925.86,INVESTMENTS,False,LOW,ACTIVE
NSB007649,Kimberly,Brown,1951-07-05,20,20,Business Owner,30982.1,SALARY,False,MEDIUM,ACTIVE
NSB007650,Ian,Williams,1980-02-15,9,12,Data Analyst,99261.95,PENSION,False,MEDIUM,ACTIVE
NSB007651,Shawn,Smith,1968-11-03,20,11,Software Engineer,69780.2,SAVINGS,False,MEDIUM,ACTIVE
NSB007652,Jim,Gomez,2003-01-22,11,4,Sales Manager,110134.07,INVESTMENTS,False,HIGH,ACTIVE
NSB007653,Melissa,Lee,1992-03-09,1,15,Consultant,49747.95,SALARY,False,MEDIUM,ACTIVE
NSB007654,Brittney,Ramirez,1986-04-06,11,15,Accountant,35511.28,INHERITANCE,False,MEDIUM,ACTIVE
NSB007655,Morgan,Mosley,1987-08-03,18,7,Consultant,148233.84,SALARY,False,LOW,ACTIVE
NSB007656,Lacey,Gonzalez,2002-02-11,8,5,Student,16471.98,BUSINESS,False,HIGH,ACTIVE
NSB007657,Christopher,Rice,1971-03-08,15,20,Architect,64843.54,SAVINGS,False,LOW,ACTIVE
NSB007658,Cynthia,Anderson,2001-02-08,7,19,Software Engineer,67343.36,SALARY,False,LOW,ACTIVE
NSB007659,Travis,Murphy,1959-11-17,7,14,Business Owner,285638.43,SALARY,False,LOW,ACTIVE
NSB007660,Rebecca,Howell,1960-08-20,6,12,Accountant,44987.25,SALARY,False,LOW,INACTIVE
NSB007661,Teresa,Downs,1977-04-11,17,3,Sales Manager,122903.87,SALARY,False,LOW,ACTIVE
NSB007662,Shannon,Wilkerson,1966-06-21,7,18,Business Owner,152525.56,SALARY,False,MEDIUM,ACTIVE
NSB007663,Lisa,Brock,1941-09-08,9,13,Financial Analyst,87954.03,INHERITANCE,False,CRITICAL,ACTIVE
NSB007664,Kevin,Morrison,1945-10-09,4,6,Software Engineer,96449.35,SALARY,False,LOW,ACTIVE
NSB007665,Kimberly,Palmer,1998-01-14,2,13,Student,34747.76,INVESTMENTS,False,LOW,ACTIVE
NSB007666,Kevin,Harris,1975-11-15,15,20,Data Analyst,57824.26,BUSINESS,False,LOW,ACTIVE
NSB007667,Hannah,Taylor,1998-09-08,16,13,Business Owner,201530.43,SAVINGS,False,LOW,INACTIVE
NSB007668,Desiree,Perry,1972-03-22,7,7,Nurse,69354.9,BUSINESS,False,LOW,ACTIVE
NSB007669,Natasha,Horn,1958-02-06,7,16,Consultant,52896.86,PENSION,False,LOW,ACTIVE
NSB007670,Aaron,Vaughn,2003-01-29,9,1,Consultant,120981.68,INVESTMENTS,False,MEDIUM,ACTIVE
NSB007671,Shawn,Murphy,1984-12-02,18,15,Student,7955.78,PENSION,False,LOW,CLOSED
NSB007672,Jeremy,Garcia,2002-12-20,6,8,Doctor,78976.97,PENSION,False,LOW,CLOSED
NSB007673,Judith,Stephens,1989-02-24,16,1,Doctor,112050.45,PENSION,False,HIGH,ACTIVE
NSB007674,Matthew,Pearson,1982-10-05,9,14,Consultant,132607.67,SAVINGS,False,LOW,ACTIVE
NSB007675,Robert,Jacobs,1942-01-27,1,9,Student,29393.88,PENSION,False,MEDIUM,ACTIVE
NSB007676,Eric,Sandoval,1984-09-23,9,16,Architect,49443.92,INHERITANCE,False,MEDIUM,ACTIVE
NSB007677,Connor,Roman,1943-05-26,3,12,Marketing Manager,82661.31,PENSION,False,MEDIUM,ACTIVE
NSB007678,Melinda,Chang,1946-04-18,11,12,Financial Analyst,56700.0,SAVINGS,False,HIGH,INACTIVE
NSB007679,Sylvia,Reed,1965-03-03,6,8,Nurse,64912.58,PENSION,False,LOW,ACTIVE
NSB007680,Kenneth,Jacobs,1969-08-30,20,7,Teacher,54758.14,SAVINGS,True,HIGH,CLOSED
NSB007681,Andrew,Martinez,2000-06-04,18,3,Architect,72249.59,BUSINESS,False,HIGH,ACTIVE
NSB007682,Laura,Waters,1948-07-06,11,4,Nurse,50336.09,SALARY,False,LOW,ACTIVE
NSB007683,Patrick,Myers,2003-11-15,8,13,Consultant,53984.75,PENSION,False,MEDIUM,ACTIVE
NSB007684,Troy,Fisher,1968-02-28,2,1,Student,18243.45,BUSINESS,False,MEDIUM,ACTIVE
NSB007685,Brandy,Thomas,1952-03-24,10,16,Consultant,117676.7,INHERITANCE,False,LOW,ACTIVE
NSB007686,Brandon,Rivera,1956-02-14,17,18,Accountant,56683.28,PENSION,False,LOW,ACTIVE
NSB007687,Andrew,Marshall,1975-08-24,18,10,Engineer,76170.21,INVESTMENTS,False,LOW,ACTIVE
NSB007688,David,Marshall,1981-09-17,20,5,Lawyer,80283.64,BUSINESS,False,MEDIUM,ACTIVE
NSB007689,Diana,Watts,1961-05-03,14,17,Teacher,69941.52,SAVINGS,False,LOW,BLOCKED
NSB007690,Kevin,Walker,1960-08-05,16,15,Business Owner,35730.05,INHERITANCE,False,MEDIUM,ACTIVE
NSB007691,George,Roberts,1974-12-18,12,13,Doctor,74140.24,INVESTMENTS,False,MEDIUM,ACTIVE
NSB007692,Adam,Stewart,1975-12-26,17,5,Teacher,36234.83,PENSION,False,MEDIUM,ACTIVE
NSB007693,David,Herman,1999-04-13,9,7,Nurse,56503.53,SALARY,False,LOW,ACTIVE
NSB007694,Brad,Ross,1995-07-19,18,19,Doctor,82817.59,INVESTMENTS,False,MEDIUM,ACTIVE
NSB007695,Frances,Miller,1956-02-16,16,11,Student,23642.2,INVESTMENTS,False,LOW,INACTIVE
NSB007696,Paige,Miller,1993-08-20,18,11,Software Engineer,71841.05,INVESTMENTS,False,LOW,ACTIVE
NSB007697,Paul,Black,1975-02-25,9,6,Student,6577.97,BUSINESS,False,LOW,INACTIVE
NSB007698,Sarah,Huffman,1971-08-15,12,17,Doctor,198529.26,INHERITANCE,False,LOW,ACTIVE
NSB007699,Andrew,Fields,1949-04-20,19,12,Sales Manager,110024.12,INHERITANCE,False,MEDIUM,ACTIVE
NSB007700,Todd,Kim,2005-10-26,15,9,Financial Analyst,48486.64,SALARY,False,LOW,ACTIVE
NSB007701,Belinda,Gray,1990-02-18,16,19,Consultant,127991.22,PENSION,False,HIGH,ACTIVE
NSB007702,Joshua,Johnson,1954-06-07,20,19,Data Analyst,93709.14,INVESTMENTS,False,LOW,ACTIVE
NSB007703,Brianna,Nicholson,1991-08-12,18,7,Consultant,110106.0,PENSION,False,LOW,ACTIVE
NSB007704,Brett,Walker,1954-02-16,10,12,Software Engineer,64452.73,SALARY,True,HIGH,ACTIVE
NSB007705,Nina,Huff,1953-12-26,20,12,Nurse,47346.29,SAVINGS,False,MEDIUM,ACTIVE
NSB007706,Danielle,Liu,1945-03-05,1,10,Business Owner,276295.84,SAVINGS,False,MEDIUM,ACTIVE
NSB007707,Tami,Carson,1962-09-30,19,16,Engineer,79253.21,SAVINGS,False,LOW,BLOCKED
NSB007708,Mary,Scott,1970-10-26,2,9,Accountant,38857.86,SAVINGS,False,LOW,BLOCKED
NSB007709,John,Hanson,1962-10-25,15,18,Lawyer,173118.34,PENSION,False,LOW,ACTIVE
NSB007710,Douglas,Moore,1974-02-23,7,10,Data Analyst,57924.06,INHERITANCE,False,HIGH,ACTIVE
NSB007711,Melissa,Johnson,1991-09-17,12,3,Student,27676.47,PENSION,False,LOW,INACTIVE
NSB007712,Brian,Martinez,1957-03-07,1,12,Architect,58695.85,PENSION,False,LOW,ACTIVE
NSB007713,Heidi,Morales,1973-11-15,18,12,Architect,66234.24,INVESTMENTS,False,MEDIUM,BLOCKED
NSB007714,Robert,Cook,1955-01-14,14,15,Software Engineer,57023.91,BUSINESS,False,LOW,ACTIVE
NSB007715,Amanda,Collins,1989-07-29,20,4,Engineer,54812.41,INVESTMENTS,False,MEDIUM,ACTIVE
NSB007716,Brendan,Vaughn,1993-06-07,5,17,Lawyer,53863.41,INHERITANCE,False,LOW,ACTIVE
NSB007717,Michael,Moore,1969-12-06,7,19,Nurse,67915.68,BUSINESS,False,MEDIUM,ACTIVE
NSB007718,Mark,Olson,1953-10-01,8,14,Doctor,202466.6,INHERITANCE,False,LOW,ACTIVE
NSB007719,Sarah,Roman,2000-12-29,7,8,Teacher,60518.03,INHERITANCE,False,LOW,INACTIVE
NSB007720,Kerry,Stephens,1942-09-03,14,7,Architect,79537.42,SALARY,False,MEDIUM,ACTIVE
NSB007721,Patrick,Medina,1998-03-20,10,2,Lawyer,148438.8,INHERITANCE,False,LOW,ACTIVE
NSB007722,Jacob,Richards,1967-12-12,19,16,Nurse,51272.09,PENSION,True,LOW,INACTIVE
NSB007723,Lauren,Chavez,1962-04-24,20,7,Financial Analyst,111347.97,SAVINGS,False,MEDIUM,ACTIVE
NSB007724,Joel,Martin,1970-12-03,13,1,Business Owner,274361.73,INVESTMENTS,False,LOW,ACTIVE
NSB007725,Nicole,Dominguez,1985-08-19,11,20,Marketing Manager,76564.8,INVESTMENTS,False,LOW,ACTIVE
NSB007726,David,Green,1947-10-20,3,14,Lawyer,132985.34,INHERITANCE,False,LOW,ACTIVE
NSB007727,Bryan,Trevino,1987-05-22,10,3,Architect,74736.24,INHERITANCE,False,MEDIUM,ACTIVE
NSB007728,Lindsay,Orr,1969-06-22,14,9,Teacher,47646.32,PENSION,True,HIGH,ACTIVE
NSB007729,Leah,Carroll,2004-07-31,20,20,Financial Analyst,77584.73,SALARY,False,LOW,ACTIVE
NSB007730,Bailey,Brown,2001-08-30,11,19,Data Analyst,69240.48,BUSINESS,False,LOW,INACTIVE
NSB007731,Michael,Miller,1983-06-05,16,9,Accountant,53128.49,INVESTMENTS,False,LOW,ACTIVE
NSB007732,Sarah,Jackson,1971-07-08,13,18,Marketing Manager,69825.82,SALARY,False,LOW,ACTIVE
NSB007733,Diana,Davis,2003-02-14,4,13,Consultant,71082.81,INVESTMENTS,False,LOW,ACTIVE
NSB007734,Amy,Roberts,1999-11-30,9,3,Business Owner,255872.36,BUSINESS,False,LOW,ACTIVE
NSB007735,Timothy,Taylor,1962-03-04,16,15,Sales Manager,60888.41,SAVINGS,False,MEDIUM,ACTIVE
NSB007736,Matthew,Smith,1999-02-09,10,18,Business Owner,91784.45,SALARY,False,MEDIUM,ACTIVE
NSB007737,Timothy,Sullivan,1982-11-25,18,5,Student,12470.58,SALARY,False,MEDIUM,ACTIVE
NSB007738,Jennifer,Kramer,1948-01-17,19,15,Nurse,61925.95,BUSINESS,False,LOW,CLOSED
NSB007739,Brian,Stevens,2000-07-07,10,6,Student,26232.91,BUSINESS,False,LOW,ACTIVE
NSB007740,Tiffany,Powell,2001-04-10,4,20,Business Owner,283713.9,INHERITANCE,False,LOW,ACTIVE
NSB007741,Kelly,Wright,1953-02-14,15,13,Financial Analyst,64345.21,SALARY,False,LOW,ACTIVE
NSB007742,Roberto,Lambert,1977-12-03,3,5,Financial Analyst,102251.7,SALARY,False,MEDIUM,ACTIVE
NSB007743,Christina,Chen,1986-12-01,9,10,Teacher,46750.47,INHERITANCE,False,MEDIUM,ACTIVE
NSB007744,Amanda,Hutchinson,1961-09-25,13,4,Lawyer,179760.23,PENSION,False,HIGH,ACTIVE
NSB007745,Melissa,Cole,1992-10-14,6,7,Financial Analyst,58656.82,INHERITANCE,False,LOW,ACTIVE
NSB007746,Michael,Gordon,2000-09-06,18,17,Teacher,62353.39,INVESTMENTS,False,LOW,ACTIVE
NSB007747,Anna,Dillon,1987-06-29,2,15,Architect,81824.45,INHERITANCE,False,HIGH,BLOCKED
NSB007748,Frank,Cox,1944-05-25,14,20,Engineer,101959.64,BUSINESS,False,LOW,ACTIVE
NSB007749,Ashley,Lloyd,1958-10-21,11,4,Accountant,43068.04,INVESTMENTS,False,MEDIUM,ACTIVE
NSB007750,Jason,Hernandez,2002-12-30,11,13,Financial Analyst,114441.9,SALARY,False,LOW,ACTIVE
NSB007751,Ryan,Powell,1945-02-14,8,5,Architect,66618.36,INHERITANCE,False,LOW,ACTIVE
NSB007752,Kristen,Nielsen,1950-11-18,1,2,Student,18172.6,INVESTMENTS,False,LOW,ACTIVE
NSB007753,Christy,Scott,1996-01-20,12,5,Financial Analyst,100067.73,BUSINESS,False,LOW,CLOSED
NSB007754,Samantha,Mcneil,1987-09-27,10,20,Financial Analyst,72370.2,PENSION,False,LOW,ACTIVE
NSB007755,Jessica,Cowan,2000-09-21,4,4,Data Analyst,85403.85,SALARY,False,MEDIUM,ACTIVE
NSB007756,Michael,Lopez,2006-04-07,1,8,Marketing Manager,77032.17,BUSINESS,False,LOW,ACTIVE
NSB007757,Megan,Pearson,1959-07-05,20,5,Nurse,68424.91,INVESTMENTS,False,MEDIUM,ACTIVE
NSB007758,David,Love,1972-07-27,6,6,Accountant,52594.64,SAVINGS,False,LOW,ACTIVE
NSB007759,Corey,Perry,1991-04-07,6,18,Student,23760.19,SAVINGS,False,MEDIUM,ACTIVE
NSB007760,Albert,Weeks,1980-11-02,16,12,Lawyer,109810.29,SAVINGS,False,LOW,INACTIVE
NSB007761,Lorraine,Watson,1998-12-06,8,15,Teacher,60766.15,PENSION,False,MEDIUM,ACTIVE
NSB007762,Corey,Clark,1947-05-26,16,3,Nurse,39256.85,PENSION,False,LOW,ACTIVE
NSB007763,Wayne,Taylor,1965-01-12,18,16,Consultant,86354.24,PENSION,False,LOW,ACTIVE
NSB007764,Angela,Colon,1942-11-08,11,9,Data Analyst,91514.14,INHERITANCE,False,LOW,CLOSED
NSB007765,Justin,Wilkins,1980-05-01,7,8,Accountant,70149.94,SALARY,False,LOW,ACTIVE
NSB007766,Amanda,Khan,1970-11-07,3,3,Student,8742.86,INHERITANCE,False,CRITICAL,ACTIVE
NSB007767,Emily,Martin,1948-01-25,20,5,Lawyer,104608.95,SALARY,False,LOW,ACTIVE
NSB007768,Cynthia,Schultz,1995-01-22,4,7,Nurse,39865.73,INHERITANCE,False,MEDIUM,ACTIVE
NSB007769,Jennifer,Campbell,1957-06-01,10,19,Engineer,91196.42,PENSION,False,LOW,ACTIVE
NSB007770,Adam,Franklin,1983-06-08,12,20,Teacher,56709.89,PENSION,False,LOW,ACTIVE
NSB007771,David,Clark,2005-01-27,18,6,Doctor,114433.93,SAVINGS,False,LOW,ACTIVE
NSB007772,Martha,Shields,1982-06-16,15,2,Engineer,72479.63,SAVINGS,False,MEDIUM,ACTIVE
NSB007773,Richard,Shelton,1952-07-24,18,8,Software Engineer,48747.0,SAVINGS,False,LOW,ACTIVE
NSB007774,James,Cuevas,1965-06-15,9,9,Student,26495.93,PENSION,False,LOW,ACTIVE
NSB007775,Jared,Williams,1943-06-14,5,7,Lawyer,111230.66,INVESTMENTS,False,LOW,ACTIVE
NSB007776,Laura,Thomas,2000-10-11,15,17,Teacher,41428.3,PENSION,False,HIGH,ACTIVE
NSB007777,Crystal,Mcpherson,1943-10-27,19,10,Financial Analyst,84256.51,INHERITANCE,False,LOW,ACTIVE
NSB007778,James,Anderson,1948-04-05,17,15,Data Analyst,97901.89,SAVINGS,False,MEDIUM,ACTIVE
NSB007779,Michael,Savage,2005-06-19,16,19,Lawyer,83429.18,SAVINGS,False,HIGH,ACTIVE
NSB007780,Karen,Hill,1982-10-10,3,14,Sales Manager,122148.93,INVESTMENTS,False,MEDIUM,ACTIVE
NSB007781,Bob,Price,1995-12-19,12,1,Software Engineer,109162.05,INHERITANCE,False,HIGH,ACTIVE
NSB007782,Paul,Nichols,2000-04-03,15,2,Student,15671.1,INHERITANCE,False,LOW,ACTIVE
NSB007783,Richard,Austin,1974-09-11,8,18,Nurse,62555.51,PENSION,False,LOW,ACTIVE
NSB007784,Kathryn,Garcia,1968-07-30,7,15,Teacher,40447.62,BUSINESS,False,HIGH,INACTIVE
NSB007785,Lisa,Greer,1968-11-17,13,17,Nurse,63837.03,SAVINGS,False,LOW,ACTIVE
NSB007786,Nancy,Harris,1979-08-07,19,10,Teacher,46830.2,SAVINGS,False,HIGH,ACTIVE
NSB007787,Bruce,Lewis,1973-10-30,20,9,Engineer,91554.02,INVESTMENTS,False,MEDIUM,ACTIVE
NSB007788,Christopher,Boyd,1962-04-13,2,15,Data Analyst,47764.48,SALARY,False,MEDIUM,ACTIVE
NSB007789,Kara,Robbins,1999-12-07,9,5,Engineer,100435.18,SAVINGS,False,LOW,ACTIVE
NSB007790,Ian,Nunez,1984-11-18,14,3,Teacher,43845.31,SALARY,False,LOW,ACTIVE
NSB007791,John,Padilla,1974-11-14,15,20,Lawyer,109395.13,SAVINGS,False,LOW,ACTIVE
NSB007792,Amber,Torres,1967-11-25,2,20,Sales Manager,48698.12,PENSION,False,HIGH,ACTIVE
NSB007793,Brian,Ritter,1979-01-31,16,12,Business Owner,76014.65,INHERITANCE,False,LOW,ACTIVE
NSB007794,Melissa,Combs,1993-03-09,16,11,Marketing Manager,82878.93,BUSINESS,False,MEDIUM,INACTIVE
NSB007795,Veronica,Lopez,1946-01-22,5,20,Student,13152.51,INVESTMENTS,False,LOW,ACTIVE
NSB007796,Erica,Johnson,2000-09-03,15,15,Marketing Manager,119076.41,SALARY,False,LOW,ACTIVE
NSB007797,Adam,Rodriguez,1967-11-26,16,16,Marketing Manager,81230.57,SALARY,False,LOW,ACTIVE
NSB007798,Mary,Hill,1980-08-13,9,4,Consultant,106686.92,INVESTMENTS,False,MEDIUM,ACTIVE
NSB007799,Jennifer,Allen,2005-10-25,18,20,Teacher,57988.97,BUSINESS,False,MEDIUM,ACTIVE
NSB007800,Sean,Huerta,1971-11-29,15,7,Doctor,114529.32,BUSINESS,False,LOW,ACTIVE
NSB007801,Jake,Davis,1996-01-08,6,15,Financial Analyst,45748.62,PENSION,False,LOW,ACTIVE
NSB007802,Craig,Turner,1998-12-26,14,11,Data Analyst,91699.35,INVESTMENTS,False,LOW,ACTIVE
NSB007803,Benjamin,Castro,1964-09-19,9,16,Nurse,41521.82,INHERITANCE,False,MEDIUM,ACTIVE
NSB007804,Krista,Wood,1954-12-30,12,16,Accountant,35137.41,SAVINGS,False,HIGH,BLOCKED
NSB007805,Ann,Hoffman,1998-11-14,3,18,Software Engineer,91131.24,INVESTMENTS,False,LOW,ACTIVE
NSB007806,John,Barry,1999-07-29,1,1,Engineer,116852.5,INHERITANCE,False,LOW,ACTIVE
NSB007807,Carla,Callahan,1971-10-24,18,9,Sales Manager,116761.39,INHERITANCE,False,MEDIUM,ACTIVE
NSB007808,Brenda,Lambert,1951-05-25,20,15,Consultant,104305.32,INVESTMENTS,False,MEDIUM,ACTIVE
NSB007809,Luis,Bradley,1977-11-01,5,14,Architect,50130.33,INHERITANCE,False,MEDIUM,ACTIVE
NSB007810,Brittney,Brown,1985-03-30,4,3,Accountant,46343.03,PENSION,False,LOW,ACTIVE
NSB007811,Kathryn,Martinez,1957-09-20,17,11,Doctor,164951.31,INHERITANCE,False,LOW,CLOSED
NSB007812,Gary,Arellano,1985-10-05,20,19,Engineer,67764.85,BUSINESS,False,LOW,ACTIVE
NSB007813,Mary,Brooks,1975-03-14,17,9,Engineer,69427.16,INHERITANCE,False,LOW,ACTIVE
NSB007814,Leslie,Lane,1946-11-14,9,3,Business Owner,261742.88,SALARY,True,CRITICAL,ACTIVE
NSB007815,Sherry,Greene,1997-11-23,3,9,Accountant,55123.64,SAVINGS,False,MEDIUM,ACTIVE
NSB007816,Timothy,Miller,1950-10-01,3,2,Data Analyst,41968.86,INVESTMENTS,False,LOW,ACTIVE
NSB007817,Jennifer,Gardner,1960-08-27,2,4,Sales Manager,118892.7,BUSINESS,False,LOW,ACTIVE
NSB007818,Jacqueline,Vega,1987-09-23,1,4,Software Engineer,70469.94,INVESTMENTS,False,LOW,ACTIVE
NSB007819,Jason,Warren,1941-05-02,1,7,Teacher,52299.27,SALARY,False,MEDIUM,ACTIVE
NSB007820,Nancy,Lopez,1958-12-20,3,17,Nurse,30977.36,SAVINGS,False,MEDIUM,ACTIVE
NSB007821,Leslie,Clark,1993-01-05,20,3,Financial Analyst,72036.91,SALARY,False,LOW,ACTIVE
NSB007822,William,Cox,1979-09-30,1,18,Business Owner,224921.13,BUSINESS,False,LOW,ACTIVE
NSB007823,Yesenia,Cruz,1947-01-26,14,18,Student,26313.3,INVESTMENTS,False,MEDIUM,ACTIVE
NSB007824,Erica,Higgins,1980-10-02,5,6,Teacher,41955.58,SALARY,False,MEDIUM,ACTIVE
NSB007825,Katrina,Carter,1981-04-26,14,10,Accountant,71989.37,PENSION,False,LOW,ACTIVE
NSB007826,Kathleen,Kim,1966-01-15,14,14,Architect,61778.74,SALARY,False,LOW,ACTIVE
NSB007827,Paul,Smith,1946-08-26,2,6,Data Analyst,68416.51,INVESTMENTS,False,LOW,ACTIVE
NSB007828,Michael,Barton,1954-08-08,9,1,Nurse,67338.38,BUSINESS,False,MEDIUM,ACTIVE
NSB007829,Kelly,Frazier,2004-10-12,6,20,Doctor,128364.64,INVESTMENTS,False,LOW,CLOSED
NSB007830,Timothy,Simon,1957-03-11,8,2,Student,29938.37,SAVINGS,False,LOW,ACTIVE
NSB007831,Sally,Thomas,1970-02-08,2,1,Architect,61581.89,INVESTMENTS,False,MEDIUM,INACTIVE
NSB007832,Alexander,Brown,1987-03-17,16,4,Business Owner,56312.16,SALARY,False,LOW,ACTIVE
NSB007833,Nicole,Phillips,1987-05-05,8,9,Teacher,60715.39,SAVINGS,False,LOW,ACTIVE
NSB007834,Daniel,Obrien,1953-01-25,1,3,Engineer,51397.55,PENSION,False,LOW,ACTIVE
NSB007835,Donald,Eaton,1970-08-25,6,3,Data Analyst,59197.61,BUSINESS,False,LOW,ACTIVE
NSB007836,William,Peterson,1965-02-26,7,6,Doctor,196251.33,INHERITANCE,False,LOW,ACTIVE
NSB007837,Tracy,Roberts,1988-05-10,2,19,Nurse,48013.95,PENSION,False,CRITICAL,ACTIVE
NSB007838,Jennifer,Jackson,1954-08-05,8,12,Sales Manager,108577.23,SAVINGS,False,LOW,ACTIVE
NSB007839,April,Mason,1973-07-21,2,2,Consultant,129184.05,INHERITANCE,False,LOW,ACTIVE
NSB007840,Monique,Thomas,1995-12-06,2,18,Sales Manager,72670.88,INVESTMENTS,False,LOW,ACTIVE
NSB007841,Jacob,Morales,1992-11-17,13,9,Student,22762.4,SAVINGS,False,MEDIUM,ACTIVE
NSB007842,Joel,Wall,2001-06-21,4,2,Financial Analyst,102791.49,INVESTMENTS,False,LOW,ACTIVE
NSB007843,Marissa,Dillon,1968-03-28,13,7,Lawyer,107195.6,SAVINGS,False,LOW,ACTIVE
NSB007844,Cameron,Miles,1989-02-12,1,16,Data Analyst,61640.63,SAVINGS,False,LOW,ACTIVE
NSB007845,Nathaniel,Gonzalez,1993-01-18,1,7,Engineer,116810.95,PENSION,False,HIGH,ACTIVE
NSB007846,Jade,Jones,1994-04-08,1,7,Lawyer,148451.87,SAVINGS,False,MEDIUM,ACTIVE
NSB007847,Emily,Wright,1999-08-18,19,8,Architect,77401.99,SALARY,False,HIGH,ACTIVE
NSB007848,Carl,Ferguson,1966-08-10,14,15,Doctor,221644.5,SALARY,False,LOW,ACTIVE
NSB007849,Sarah,Allen,1991-11-16,17,3,Lawyer,114485.17,INVESTMENTS,False,LOW,ACTIVE
NSB007850,Brian,Rice,1942-10-16,3,19,Teacher,55708.78,SALARY,False,MEDIUM,ACTIVE
NSB007851,Philip,Porter,1959-10-30,6,7,Architect,41518.89,PENSION,False,LOW,ACTIVE
NSB007852,Eugene,Barry,1955-05-01,1,10,Consultant,107280.02,INHERITANCE,False,MEDIUM,ACTIVE
NSB007853,William,Smith,1982-11-05,3,5,Data Analyst,85050.4,SALARY,False,LOW,INACTIVE
NSB007854,Daniel,Jenkins,1992-11-10,16,11,Financial Analyst,51649.56,BUSINESS,False,MEDIUM,ACTIVE
NSB007855,Jennifer,Miller,1979-08-10,1,6,Consultant,109571.16,BUSINESS,False,LOW,ACTIVE
NSB007856,Summer,Butler,1954-10-27,4,5,Teacher,44284.34,BUSINESS,False,LOW,ACTIVE
NSB007857,William,Scott,2000-02-06,11,1,Nurse,36264.3,INVESTMENTS,False,MEDIUM,BLOCKED
NSB007858,Melissa,Rogers,1977-12-22,14,4,Sales Manager,82721.46,PENSION,False,MEDIUM,ACTIVE
NSB007859,Joshua,Mora,1988-08-02,14,16,Sales Manager,55092.14,SALARY,False,MEDIUM,CLOSED
NSB007860,Nicholas,Brooks,1953-09-28,15,20,Software Engineer,82678.95,PENSION,False,LOW,BLOCKED
NSB007861,Rebekah,English,2002-03-10,2,17,Architect,71066.3,INVESTMENTS,False,MEDIUM,ACTIVE
NSB007862,Sharon,Mccarthy,1952-11-17,10,10,Architect,64036.19,SAVINGS,False,LOW,ACTIVE
NSB007863,Jose,Richardson,1995-03-11,17,8,Architect,49766.99,SAVINGS,False,MEDIUM,ACTIVE
NSB007864,Derrick,Henderson,1980-01-10,3,15,Sales Manager,56621.92,SAVINGS,False,LOW,ACTIVE
NSB007865,Carol,Moore,1973-03-09,5,20,Teacher,65811.56,BUSINESS,False,CRITICAL,CLOSED
NSB007866,Brandy,Allen,1953-07-16,6,5,Student,30735.86,SALARY,False,LOW,BLOCKED
NSB007867,Shane,Ward,2000-12-11,12,19,Nurse,38866.57,PENSION,False,MEDIUM,ACTIVE
NSB007868,Rebecca,Phillips,1955-03-09,9,16,Marketing Manager,86854.14,INHERITANCE,False,LOW,ACTIVE
NSB007869,Julia,Wheeler,1983-12-28,17,14,Sales Manager,118405.48,INHERITANCE,False,LOW,CLOSED
NSB007870,Noah,Henderson,1948-05-02,18,11,Software Engineer,51018.35,SAVINGS,False,LOW,ACTIVE
NSB007871,Ashley,Watkins,1950-04-25,9,17,Engineer,111031.3,BUSINESS,False,HIGH,ACTIVE
NSB007872,Kaitlin,Braun,1986-09-05,20,9,Teacher,59854.22,SAVINGS,True,HIGH,ACTIVE
NSB007873,Alison,Livingston,1947-05-02,6,6,Doctor,119340.23,INHERITANCE,False,LOW,ACTIVE
NSB007874,Michael,Griffin,1964-06-16,15,10,Sales Manager,107396.63,INVESTMENTS,False,LOW,ACTIVE
NSB007875,Dana,Walters,1960-02-20,13,9,Accountant,63689.65,INVESTMENTS,False,LOW,ACTIVE
NSB007876,James,Hernandez,1976-01-16,9,10,Architect,85934.09,BUSINESS,False,HIGH,ACTIVE
NSB007877,Catherine,Bowen,1955-05-19,2,4,Data Analyst,70442.12,INHERITANCE,False,LOW,ACTIVE
NSB007878,Elizabeth,Hernandez,1958-11-17,20,15,Consultant,111310.19,INHERITANCE,False,LOW,ACTIVE
NSB007879,Timothy,Chambers,1960-11-28,12,13,Financial Analyst,75733.09,INHERITANCE,False,LOW,ACTIVE
NSB007880,Brian,Mcpherson,1971-06-24,20,5,Student,23835.12,INHERITANCE,False,LOW,ACTIVE
NSB007881,Kevin,Nunez,1966-02-22,2,2,Sales Manager,66357.32,PENSION,False,MEDIUM,ACTIVE
NSB007882,Andre,Sanchez,1952-12-20,12,15,Teacher,31880.44,SAVINGS,False,LOW,ACTIVE
NSB007883,Rita,Miles,1991-03-25,16,20,Data Analyst,89886.71,PENSION,False,MEDIUM,ACTIVE
NSB007884,Vickie,Wolfe,1973-12-20,8,14,Financial Analyst,76057.82,SALARY,False,LOW,CLOSED
NSB007885,Melissa,Parks,1988-04-04,4,2,Engineer,119368.84,INHERITANCE,False,MEDIUM,ACTIVE
NSB007886,Gary,Savage,1945-09-29,20,17,Lawyer,158244.9,INHERITANCE,False,MEDIUM,ACTIVE
NSB007887,Tyler,Hill,2002-02-10,16,11,Doctor,189248.3,BUSINESS,False,LOW,ACTIVE
NSB007888,Michele,Dixon,1945-12-01,12,9,Architect,57540.77,INHERITANCE,False,MEDIUM,ACTIVE
NSB007889,Michael,Henry,1950-03-10,20,2,Data Analyst,67771.52,SAVINGS,False,LOW,ACTIVE
NSB007890,Catherine,Mitchell,1987-03-01,4,16,Lawyer,174492.89,INHERITANCE,False,HIGH,ACTIVE
NSB007891,Olivia,Hayes,1965-04-08,19,19,Marketing Manager,54995.01,SAVINGS,False,MEDIUM,ACTIVE
NSB007892,Ryan,Nguyen,1997-03-30,17,1,Business Owner,106566.78,SAVINGS,False,LOW,INACTIVE
NSB007893,Anita,Stark,1943-08-19,3,15,Engineer,45312.4,SALARY,False,HIGH,ACTIVE
NSB007894,Denise,Murray,1966-08-21,9,8,Lawyer,143869.92,INVESTMENTS,False,LOW,ACTIVE
NSB007895,Michael,Thomas,1954-09-03,1,17,Marketing Manager,65149.42,BUSINESS,False,MEDIUM,CLOSED
NSB007896,Michael,Patel,1995-04-08,11,2,Consultant,62521.64,SALARY,False,LOW,ACTIVE
NSB007897,Frederick,Pollard,1973-10-27,14,5,Engineer,111858.19,INVESTMENTS,False,LOW,ACTIVE
NSB007898,Amanda,Patel,1968-05-30,18,18,Engineer,60053.88,SAVINGS,False,LOW,ACTIVE
NSB007899,Carrie,Duffy,1956-02-01,10,17,Nurse,32624.04,SAVINGS,False,LOW,ACTIVE
NSB007900,Jennifer,Nguyen,1983-07-29,15,8,Nurse,46212.8,PENSION,False,LOW,ACTIVE
NSB007901,Melissa,Villarreal,1987-09-04,11,4,Software Engineer,49033.33,SALARY,False,MEDIUM,ACTIVE
NSB007902,Nicholas,Chang,1973-09-08,1,18,Student,12579.0,BUSINESS,False,LOW,ACTIVE
NSB007903,Lisa,Fisher,1961-12-24,17,2,Sales Manager,47548.7,PENSION,False,LOW,INACTIVE
NSB007904,Brian,Blackwell,1945-05-11,2,4,Sales Manager,54312.8,INHERITANCE,False,HIGH,ACTIVE
NSB007905,Melissa,Sanchez,1987-10-23,11,1,Sales Manager,49810.26,INVESTMENTS,False,MEDIUM,ACTIVE
NSB007906,Nicholas,Hoffman,1995-03-04,11,1,Student,34305.51,INVESTMENTS,False,MEDIUM,ACTIVE
NSB007907,Sharon,Flores,1969-09-12,4,9,Business Owner,226984.37,SAVINGS,False,LOW,ACTIVE
NSB007908,Daniel,Hale,1969-06-27,2,20,Sales Manager,122757.34,INHERITANCE,False,LOW,ACTIVE
NSB007909,Courtney,Pham,1996-03-22,8,16,Teacher,55544.78,PENSION,False,MEDIUM,DECEASED
NSB007910,James,Young,1976-04-24,19,20,Software Engineer,94701.03,BUSINESS,False,HIGH,ACTIVE
NSB007911,Randy,Young,1944-12-16,8,18,Nurse,57857.23,PENSION,False,LOW,ACTIVE
NSB007912,Sarah,Brown,1995-09-29,14,15,Nurse,56898.81,BUSINESS,False,LOW,INACTIVE
NSB007913,Denise,Lee,1992-02-19,13,5,Consultant,45827.91,SAVINGS,False,LOW,ACTIVE
NSB007914,Casey,Glover,2001-08-01,9,7,Engineer,69273.26,PENSION,False,LOW,ACTIVE
NSB007915,Bonnie,Johnson,1988-11-06,15,11,Software Engineer,59262.78,INHERITANCE,False,MEDIUM,ACTIVE
NSB007916,Frank,Simmons,1976-01-27,17,1,Lawyer,167050.2,INVESTMENTS,False,LOW,ACTIVE
NSB007917,James,Griffith,1987-11-12,1,7,Accountant,84283.91,SALARY,False,HIGH,ACTIVE
NSB007918,David,Joseph,2002-09-18,12,20,Lawyer,68476.93,PENSION,False,LOW,ACTIVE
NSB007919,Edward,Padilla,1946-08-19,16,9,Doctor,198747.63,BUSINESS,False,LOW,INACTIVE
NSB007920,Andrew,Goodwin,2002-09-06,1,15,Sales Manager,85956.8,PENSION,False,HIGH,ACTIVE
NSB007921,Michelle,Reilly,1962-06-25,15,12,Architect,56485.98,SALARY,False,MEDIUM,ACTIVE
NSB007922,Troy,Bell,1977-12-22,12,6,Nurse,36617.04,SAVINGS,False,HIGH,ACTIVE
NSB007923,Regina,Gill,1943-02-01,15,6,Lawyer,172101.89,INHERITANCE,False,LOW,ACTIVE
NSB007924,Jose,Simmons,1970-08-07,13,9,Consultant,148918.83,PENSION,False,LOW,ACTIVE
NSB007925,Laura,Meyer,1944-06-13,11,14,Business Owner,269342.87,SAVINGS,False,LOW,ACTIVE
NSB007926,Erin,Scott,1976-02-01,11,6,Data Analyst,62399.01,BUSINESS,False,MEDIUM,ACTIVE
NSB007927,Patricia,Calhoun,2003-02-12,4,19,Data Analyst,52556.48,PENSION,False,LOW,ACTIVE
NSB007928,Catherine,Calhoun,1962-08-19,7,10,Accountant,50856.19,BUSINESS,False,LOW,ACTIVE
NSB007929,Sean,Garcia,1983-03-27,5,2,Financial Analyst,98628.15,INVESTMENTS,False,LOW,ACTIVE
NSB007930,Kelsey,Craig,1954-12-06,12,18,Software Engineer,114486.35,SAVINGS,False,MEDIUM,ACTIVE
NSB007931,Jason,Franklin,1964-03-01,18,17,Marketing Manager,102812.09,INHERITANCE,False,MEDIUM,ACTIVE
NSB007932,Kimberly,Freeman,1971-04-12,19,8,Doctor,239968.95,SALARY,False,HIGH,ACTIVE
NSB007933,Stacy,Underwood,1948-12-19,15,19,Data Analyst,94185.76,INVESTMENTS,False,CRITICAL,ACTIVE
NSB007934,Shaun,Williams,1955-01-06,7,17,Consultant,62710.11,SAVINGS,False,MEDIUM,ACTIVE
NSB007935,Nicholas,Solomon,1969-04-05,9,9,Software Engineer,100718.35,SAVINGS,False,LOW,ACTIVE
NSB007936,Kimberly,Miller,1966-03-31,1,2,Sales Manager,78737.92,BUSINESS,False,LOW,ACTIVE
NSB007937,Christopher,Woods,1963-05-06,18,1,Lawyer,130110.94,PENSION,False,MEDIUM,ACTIVE
NSB007938,Luke,Mcdaniel,1949-06-18,4,18,Software Engineer,97111.39,INHERITANCE,False,CRITICAL,ACTIVE
NSB007939,Brandon,White,2000-10-08,16,7,Business Owner,123610.89,BUSINESS,False,LOW,ACTIVE
NSB007940,Christina,Parker,1975-04-03,16,15,Financial Analyst,57451.02,SALARY,False,LOW,ACTIVE
NSB007941,Shannon,Hendrix,1992-04-19,10,15,Business Owner,89149.1,INVESTMENTS,False,CRITICAL,ACTIVE
NSB007942,Marissa,Jacobson,1950-05-07,10,1,Data Analyst,64400.13,SALARY,False,LOW,ACTIVE
NSB007943,Joseph,Stewart,1952-03-22,9,11,Software Engineer,92519.79,PENSION,False,LOW,ACTIVE
NSB007944,Shelby,Grant,1973-06-16,5,5,Lawyer,164772.45,PENSION,True,CRITICAL,ACTIVE
NSB007945,Tiffany,Morales,1983-05-06,1,18,Data Analyst,66326.91,SALARY,False,MEDIUM,ACTIVE
NSB007946,David,Keller,1994-12-18,10,20,Teacher,44655.24,INHERITANCE,False,MEDIUM,ACTIVE
NSB007947,Crystal,Wilson,1964-08-01,17,2,Consultant,86257.92,BUSINESS,False,MEDIUM,ACTIVE
NSB007948,Nicole,Jones,1995-11-19,3,2,Business Owner,81987.54,INVESTMENTS,False,MEDIUM,ACTIVE
NSB007949,Juan,Brown,1950-08-24,10,11,Nurse,56982.97,SALARY,False,LOW,ACTIVE
NSB007950,Kayla,Pollard,1955-07-28,9,7,Financial Analyst,67738.99,INVESTMENTS,False,LOW,ACTIVE
NSB007951,Bobby,Castro,1962-08-28,20,10,Financial Analyst,56877.65,SALARY,False,LOW,ACTIVE
NSB007952,Lisa,Jenkins,1987-06-08,10,8,Marketing Manager,80865.08,PENSION,False,MEDIUM,ACTIVE
NSB007953,Betty,Cooper,1982-03-30,17,12,Consultant,73745.23,BUSINESS,False,LOW,ACTIVE
NSB007954,Tammy,Dixon,1942-07-09,1,13,Accountant,48742.29,BUSINESS,False,MEDIUM,ACTIVE
NSB007955,Ariel,Jacobson,1953-12-16,5,12,Accountant,39825.14,PENSION,False,LOW,ACTIVE
NSB007956,Vincent,Meyer,1978-07-17,15,11,Lawyer,122113.94,INHERITANCE,False,MEDIUM,ACTIVE
NSB007957,Christopher,Banks,1964-09-13,2,4,Student,8955.18,INVESTMENTS,False,MEDIUM,ACTIVE
NSB007958,Kimberly,Lee,1949-09-24,3,15,Nurse,62552.73,BUSINESS,False,MEDIUM,ACTIVE
NSB007959,Brandon,Wilkerson,1977-04-24,19,9,Architect,70861.41,INVESTMENTS,False,MEDIUM,ACTIVE
NSB007960,Tim,Randolph,1996-02-24,10,14,Nurse,64859.29,INHERITANCE,False,LOW,BLOCKED
NSB007961,Jacob,Smith,1965-11-28,17,14,Teacher,64506.16,BUSINESS,False,MEDIUM,INACTIVE
NSB007962,Patricia,Roberts,1992-04-29,16,12,Sales Manager,93328.43,BUSINESS,False,LOW,ACTIVE
NSB007963,Bobby,Davidson,1976-03-02,15,15,Student,20530.82,PENSION,False,LOW,ACTIVE
NSB007964,Greg,Garza,1961-09-17,19,17,Engineer,116736.23,PENSION,False,LOW,ACTIVE
NSB007965,Stephanie,Figueroa,1958-11-29,20,7,Marketing Manager,110122.27,PENSION,False,LOW,ACTIVE
NSB007966,Steven,Wallace,1965-12-13,5,15,Business Owner,184644.62,INVESTMENTS,False,HIGH,INACTIVE
NSB007967,Brittany,Strickland,1945-06-15,10,18,Teacher,30316.03,PENSION,False,MEDIUM,ACTIVE
NSB007968,Jessica,Murphy,1994-04-19,1,6,Software Engineer,50098.51,BUSINESS,False,LOW,ACTIVE
NSB007969,Cheryl,Palmer,1954-01-19,18,1,Software Engineer,109263.95,PENSION,False,MEDIUM,ACTIVE
NSB007970,Jesse,Sampson,1973-03-09,2,2,Doctor,138136.89,BUSINESS,False,LOW,ACTIVE
NSB007971,Christine,Gay,1976-12-31,11,18,Doctor,75222.15,BUSINESS,True,MEDIUM,ACTIVE
NSB007972,Jenny,Jones,1963-02-27,15,6,Business Owner,200614.02,BUSINESS,False,MEDIUM,ACTIVE
NSB007973,Renee,Scott,1993-01-18,10,12,Sales Manager,119088.51,BUSINESS,False,MEDIUM,ACTIVE
NSB007974,Jeremy,Gomez,1983-03-12,17,4,Architect,70116.52,BUSINESS,False,HIGH,ACTIVE
NSB007975,Mary,Brown,1942-11-17,15,10,Data Analyst,86697.62,INHERITANCE,False,LOW,ACTIVE
NSB007976,Michael,Schroeder,1974-09-07,9,3,Consultant,139941.47,INHERITANCE,False,LOW,ACTIVE
NSB007977,Harry,Taylor,1986-03-28,8,4,Engineer,50890.4,INHERITANCE,False,MEDIUM,ACTIVE
NSB007978,Arthur,Wells,1982-10-07,9,17,Consultant,54674.78,INHERITANCE,False,MEDIUM,ACTIVE
NSB007979,Johnny,Gonzales,1994-12-15,12,20,Software Engineer,79632.76,SAVINGS,False,LOW,ACTIVE
NSB007980,Gary,Marsh,1970-11-29,2,19,Architect,54874.76,PENSION,False,LOW,ACTIVE
NSB007981,Michael,Petersen,1994-11-08,12,20,Consultant,87730.68,INHERITANCE,False,MEDIUM,ACTIVE
NSB007982,Matthew,Keller,1964-10-29,10,15,Lawyer,151862.3,SAVINGS,False,MEDIUM,ACTIVE
NSB007983,Meagan,Yoder,1999-11-04,20,11,Student,10192.96,PENSION,False,MEDIUM,ACTIVE
NSB007984,Michael,Burns,1967-02-20,9,20,Business Owner,75078.76,BUSINESS,False,LOW,ACTIVE
NSB007985,Keith,Tucker,1985-03-20,16,10,Data Analyst,97623.26,INHERITANCE,False,LOW,ACTIVE
NSB007986,Troy,Allen,1947-03-20,8,12,Lawyer,164913.73,INVESTMENTS,False,LOW,ACTIVE
NSB007987,Taylor,Bradford,1999-11-19,13,2,Architect,94321.73,SAVINGS,True,MEDIUM,ACTIVE
NSB007988,David,West,1964-10-09,11,11,Marketing Manager,51029.47,PENSION,False,LOW,ACTIVE
NSB007989,Jacob,Buckley,1942-04-29,5,4,Consultant,58635.56,INVESTMENTS,False,LOW,ACTIVE
NSB007990,Sarah,Sanchez,1964-06-12,4,17,Teacher,31356.58,SAVINGS,False,MEDIUM,ACTIVE
NSB007991,Alicia,Hall,1996-11-14,14,12,Accountant,37993.52,BUSINESS,False,LOW,ACTIVE
NSB007992,Douglas,Mendez,2004-03-02,2,4,Accountant,39294.22,BUSINESS,False,LOW,ACTIVE
NSB007993,John,Allen,1944-09-30,4,16,Software Engineer,112040.18,INVESTMENTS,False,LOW,ACTIVE
NSB007994,Michael,Simmons,1947-03-04,19,20,Architect,83156.23,INHERITANCE,False,LOW,ACTIVE
NSB007995,Scott,Meyer,1990-01-08,19,13,Software Engineer,116249.9,INHERITANCE,False,LOW,ACTIVE
NSB007996,Andrew,Hammond,1998-09-10,8,10,Consultant,55428.87,SAVINGS,False,HIGH,ACTIVE
NSB007997,Edward,Donovan,1991-08-15,17,4,Architect,79008.63,INVESTMENTS,False,LOW,ACTIVE
NSB007998,Anna,Frank,1989-09-27,8,14,Teacher,64719.47,SALARY,False,MEDIUM,ACTIVE
NSB007999,Megan,Rasmussen,2000-03-04,19,16,Software Engineer,84384.61,BUSINESS,False,CRITICAL,ACTIVE
NSB008000,Brian,Davis,1967-04-26,16,5,Consultant,135661.53,SALARY,False,HIGH,ACTIVE
NSB008001,Anthony,Love,2004-06-01,9,1,Marketing Manager,45649.43,INVESTMENTS,False,LOW,ACTIVE
NSB008002,William,Long,1995-03-18,4,9,Marketing Manager,115569.13,BUSINESS,False,LOW,ACTIVE
NSB008003,Jessica,Torres,1993-12-06,16,10,Data Analyst,87168.08,SAVINGS,False,LOW,ACTIVE
NSB008004,Taylor,Mahoney,1973-10-24,15,10,Business Owner,258315.99,INVESTMENTS,False,HIGH,ACTIVE
NSB008005,Daniel,Cooper,1956-04-14,4,8,Consultant,131773.64,BUSINESS,False,MEDIUM,ACTIVE
NSB008006,Brianna,Chapman,1978-12-08,1,14,Data Analyst,85612.7,SAVINGS,False,LOW,ACTIVE
NSB008007,Tanner,Leach,1968-05-22,1,20,Data Analyst,68795.78,PENSION,False,MEDIUM,ACTIVE
NSB008008,Shane,Campbell,1978-10-09,11,11,Teacher,59450.7,INVESTMENTS,False,LOW,ACTIVE
NSB008009,Angela,Leonard,1957-07-26,7,8,Doctor,81849.51,PENSION,False,LOW,ACTIVE
NSB008010,John,Turner,1977-03-04,7,11,Accountant,70492.85,INHERITANCE,False,MEDIUM,ACTIVE
NSB008011,Kaitlyn,White,1941-01-31,18,4,Consultant,135179.3,INHERITANCE,False,HIGH,ACTIVE
NSB008012,Andrea,Schneider,1999-04-25,4,18,Marketing Manager,58494.8,PENSION,False,MEDIUM,ACTIVE
NSB008013,Heather,Smith,1967-02-28,11,16,Software Engineer,79411.82,PENSION,False,MEDIUM,ACTIVE
NSB008014,John,Washington,1969-07-09,10,12,Doctor,93342.26,INVESTMENTS,False,LOW,ACTIVE
NSB008015,Gordon,Miles,1986-06-27,20,20,Engineer,92432.67,PENSION,False,LOW,ACTIVE
NSB008016,Jeffrey,Cross,1960-05-28,15,14,Doctor,244060.97,INVESTMENTS,False,LOW,ACTIVE
NSB008017,Kenneth,Barber,1973-10-13,12,11,Marketing Manager,57515.05,PENSION,False,LOW,ACTIVE
NSB008018,Johnny,Romero,1953-04-30,18,15,Lawyer,169408.9,INHERITANCE,False,LOW,ACTIVE
NSB008019,Lawrence,Williams,1949-04-27,16,4,Software Engineer,102470.24,PENSION,False,MEDIUM,ACTIVE
NSB008020,Deborah,Alexander,1997-05-02,17,2,Data Analyst,48154.53,INVESTMENTS,False,LOW,ACTIVE
NSB008021,Charles,Pitts,2002-11-09,4,6,Accountant,58134.57,SAVINGS,False,LOW,ACTIVE
NSB008022,Danielle,Stephens,2005-07-23,20,13,Business Owner,224911.46,INVESTMENTS,False,MEDIUM,ACTIVE
NSB008023,Barbara,Lucas,1992-04-29,8,19,Consultant,63458.34,PENSION,False,LOW,ACTIVE
NSB008024,Mary,Thompson,2000-03-20,13,11,Engineer,60984.0,INHERITANCE,False,HIGH,ACTIVE
NSB008025,Zoe,Morris,1996-11-12,4,5,Architect,74538.86,SAVINGS,False,HIGH,ACTIVE
NSB008026,Richard,Wise,1992-02-28,14,16,Sales Manager,103688.91,SALARY,False,MEDIUM,ACTIVE
NSB008027,Joe,Robertson,1964-02-06,17,6,Data Analyst,64997.98,INVESTMENTS,False,LOW,ACTIVE
NSB008028,Terrence,Bullock,1974-03-12,2,7,Lawyer,93233.9,PENSION,False,LOW,ACTIVE
NSB008029,Sherry,Morgan,1953-08-19,12,11,Architect,81330.22,SALARY,False,HIGH,ACTIVE
NSB008030,Christina,May,1976-02-14,14,3,Sales Manager,86718.33,INVESTMENTS,False,LOW,ACTIVE
NSB008031,Kelly,Keller,1954-05-24,4,13,Sales Manager,125191.29,BUSINESS,False,HIGH,ACTIVE
NSB008032,Stacy,Hopkins,2004-02-24,9,10,Consultant,86985.3,BUSINESS,False,LOW,ACTIVE
NSB008033,Kimberly,Johnson,1983-08-15,20,17,Data Analyst,55310.49,INVESTMENTS,False,HIGH,ACTIVE
NSB008034,Diane,Pham,1974-03-17,4,17,Architect,59998.22,SAVINGS,False,MEDIUM,ACTIVE
NSB008035,Kathryn,Savage,1956-02-26,17,17,Consultant,50095.56,INHERITANCE,False,LOW,ACTIVE
NSB008036,Amanda,Norman,1971-04-06,10,19,Software Engineer,91648.78,PENSION,False,LOW,ACTIVE
NSB008037,Shannon,Whitehead,1955-10-16,9,13,Marketing Manager,83527.9,INHERITANCE,False,LOW,ACTIVE
NSB008038,Scott,Baxter,1998-03-20,20,9,Business Owner,265632.9,BUSINESS,False,LOW,ACTIVE
NSB008039,Tammy,Ford,1955-04-22,6,10,Student,28104.55,INHERITANCE,False,LOW,ACTIVE
NSB008040,David,Medina,1975-04-02,12,18,Accountant,74622.22,SALARY,False,LOW,ACTIVE
NSB008041,Sandra,Edwards,1994-08-23,3,7,Software Engineer,63357.32,INVESTMENTS,False,MEDIUM,ACTIVE
NSB008042,Amber,Perez,1946-12-29,4,7,Business Owner,196267.38,INVESTMENTS,False,LOW,ACTIVE
NSB008043,Amanda,Pena,1960-05-15,15,8,Teacher,30141.06,INVESTMENTS,False,LOW,ACTIVE
NSB008044,Danielle,Scott,1977-05-05,4,19,Software Engineer,58988.56,PENSION,False,LOW,ACTIVE
NSB008045,Anthony,Hernandez,1970-03-05,16,14,Architect,60143.26,BUSINESS,False,LOW,ACTIVE
NSB008046,Edward,Rodriguez,1990-12-01,19,1,Consultant,83004.13,BUSINESS,False,LOW,ACTIVE
NSB008047,Alison,Ward,1963-08-26,9,5,Accountant,81820.56,PENSION,False,LOW,ACTIVE
NSB008048,Daniel,Houston,1949-12-26,16,5,Marketing Manager,78304.93,SAVINGS,False,LOW,ACTIVE
NSB008049,Rachel,Church,1945-03-16,3,9,Accountant,79901.49,SALARY,False,MEDIUM,ACTIVE
NSB008050,Jacqueline,Rodriguez,1954-06-03,9,4,Marketing Manager,84387.78,SAVINGS,False,MEDIUM,ACTIVE
NSB008051,Jessica,Marshall,1965-12-16,12,3,Data Analyst,43351.05,INVESTMENTS,False,LOW,ACTIVE
NSB008052,Jared,Lawrence,1967-03-13,4,10,Doctor,167009.67,SALARY,False,LOW,CLOSED
NSB008053,Anne,Fernandez,1950-09-04,14,17,Business Owner,124972.75,SALARY,False,LOW,ACTIVE
NSB008054,Dana,Bailey,2002-02-13,4,4,Sales Manager,72306.24,INHERITANCE,False,LOW,ACTIVE
NSB008055,Mary,Bailey,1941-06-22,17,20,Doctor,96586.46,PENSION,False,LOW,ACTIVE
NSB008056,Pamela,Cooper,1966-06-28,4,19,Business Owner,114522.36,PENSION,False,MEDIUM,ACTIVE
NSB008057,Michael,Thompson,1988-01-03,8,17,Architect,56305.43,INVESTMENTS,False,LOW,BLOCKED
NSB008058,Ryan,Cameron,1972-12-12,20,4,Accountant,70945.25,BUSINESS,False,LOW,ACTIVE
NSB008059,Andrea,Ingram,1994-12-08,15,10,Consultant,127631.33,INVESTMENTS,False,MEDIUM,ACTIVE
NSB008060,Tina,Evans,1961-08-18,18,12,Teacher,65936.73,INVESTMENTS,False,MEDIUM,ACTIVE
NSB008061,Michael,Gonzalez,2002-01-13,19,11,Nurse,31259.83,SALARY,False,HIGH,ACTIVE
NSB008062,Joshua,Brady,1951-12-29,15,14,Accountant,85555.27,SALARY,False,MEDIUM,ACTIVE
NSB008063,Christopher,Knight,1947-07-20,5,19,Engineer,52557.82,SAVINGS,False,MEDIUM,ACTIVE
NSB008064,Morgan,Waters,1998-09-05,19,3,Financial Analyst,102031.59,SAVINGS,False,LOW,ACTIVE
NSB008065,Philip,Dalton,2003-11-01,2,13,Teacher,63573.63,PENSION,False,LOW,ACTIVE
NSB008066,Jodi,Romero,1986-01-05,19,20,Student,20894.87,BUSINESS,False,LOW,BLOCKED
NSB008067,Sonya,Hull,1942-12-29,5,2,Nurse,48936.64,INVESTMENTS,False,HIGH,ACTIVE
NSB008068,Alan,Taylor,1976-05-01,3,10,Accountant,53626.28,INHERITANCE,False,HIGH,ACTIVE
NSB008069,Adam,Austin,1969-03-31,6,6,Marketing Manager,60848.46,PENSION,False,LOW,ACTIVE
NSB008070,Jeffrey,Daniel,1992-12-01,16,7,Teacher,39235.75,INHERITANCE,False,LOW,ACTIVE
NSB008071,Pamela,Marshall,1988-01-23,10,15,Lawyer,157881.4,SALARY,False,HIGH,ACTIVE
NSB008072,Charlene,Goodman,1964-08-06,8,6,Doctor,76005.81,INVESTMENTS,False,LOW,ACTIVE
NSB008073,David,Lowe,1948-09-25,11,15,Student,25712.27,BUSINESS,False,LOW,ACTIVE
NSB008074,Wanda,Phillips,1945-04-12,12,7,Consultant,146813.84,SALARY,False,LOW,ACTIVE
NSB008075,Nicholas,Becker,1977-06-29,12,4,Engineer,109478.02,INHERITANCE,False,HIGH,ACTIVE
NSB008076,Monica,Morris,1990-10-16,8,9,Sales Manager,51755.34,SALARY,False,LOW,ACTIVE
NSB008077,Courtney,Robinson,1989-09-13,3,9,Engineer,93274.46,PENSION,False,HIGH,ACTIVE
NSB008078,Paula,Hodge,1976-12-24,3,10,Architect,50260.35,PENSION,False,HIGH,ACTIVE
NSB008079,William,Morales,1947-08-03,6,16,Student,25143.6,BUSINESS,False,LOW,INACTIVE
NSB008080,Vicki,Bradley,1950-11-06,4,1,Consultant,144801.86,PENSION,False,MEDIUM,ACTIVE
NSB008081,Brenda,Burnett,1969-12-14,18,17,Marketing Manager,116060.37,INHERITANCE,False,LOW,ACTIVE
NSB008082,Tanner,Horne,2000-12-02,5,3,Lawyer,112911.3,BUSINESS,False,LOW,ACTIVE
NSB008083,Austin,Contreras,1983-06-30,13,8,Data Analyst,99222.16,PENSION,False,MEDIUM,ACTIVE
NSB008084,Pamela,Tucker,1980-01-19,13,1,Doctor,188248.49,PENSION,False,LOW,ACTIVE
NSB008085,Deanna,Sanders,2004-06-04,12,4,Teacher,35735.14,PENSION,False,MEDIUM,DECEASED
NSB008086,Jennifer,Johnson,1974-04-27,2,10,Consultant,140995.88,SALARY,False,LOW,ACTIVE
NSB008087,Tiffany,Anderson,1969-06-07,2,6,Accountant,71392.2,PENSION,False,LOW,ACTIVE
NSB008088,Mark,Jackson,1956-05-22,10,3,Lawyer,50563.1,INHERITANCE,False,LOW,ACTIVE
NSB008089,Michelle,Foster,1942-12-24,8,13,Software Engineer,83705.65,SAVINGS,False,MEDIUM,ACTIVE
NSB008090,Sara,Wade,1949-05-12,20,5,Consultant,110336.37,INVESTMENTS,False,MEDIUM,ACTIVE
NSB008091,Teresa,Ramirez,1986-07-12,11,2,Data Analyst,89450.18,PENSION,False,LOW,ACTIVE
NSB008092,Timothy,Rogers,1997-10-06,11,2,Marketing Manager,100108.67,INHERITANCE,False,LOW,ACTIVE
NSB008093,Courtney,Rodriguez,1975-09-26,2,8,Consultant,106506.92,INVESTMENTS,False,MEDIUM,ACTIVE
NSB008094,Tyler,Johnson,1950-08-31,7,15,Engineer,64569.26,SALARY,False,LOW,DECEASED
NSB008095,Jason,Sparks,1965-11-21,8,1,Nurse,64198.22,SALARY,False,LOW,ACTIVE
NSB008096,Gregory,Sanchez,2005-02-13,1,15,Data Analyst,54412.25,INHERITANCE,False,LOW,ACTIVE
NSB008097,Brenda,Hill,1993-06-01,2,6,Teacher,34544.85,PENSION,False,HIGH,ACTIVE
NSB008098,Michael,Wiley,1972-07-11,13,12,Teacher,36330.73,PENSION,False,MEDIUM,ACTIVE
NSB008099,Jorge,Johnson,1953-01-19,12,19,Consultant,122915.5,BUSINESS,False,MEDIUM,ACTIVE
NSB008100,Jonathan,Bauer,1966-04-25,2,11,Accountant,61330.87,INVESTMENTS,False,LOW,ACTIVE
NSB008101,Matthew,Levine,1947-04-13,7,20,Marketing Manager,91027.39,SAVINGS,False,LOW,ACTIVE
NSB008102,Brian,Bowen,1960-11-24,2,13,Accountant,53299.29,BUSINESS,False,CRITICAL,ACTIVE
NSB008103,Amber,Brown,1957-09-04,6,16,Student,24555.54,SAVINGS,False,LOW,ACTIVE
NSB008104,John,Smith,1942-09-25,18,11,Doctor,106206.65,PENSION,False,LOW,ACTIVE
NSB008105,Tracy,Powell,1959-10-25,16,9,Consultant,72088.89,BUSINESS,False,LOW,CLOSED
NSB008106,Ronald,Rich,1971-05-28,1,14,Accountant,87393.12,INVESTMENTS,False,MEDIUM,ACTIVE
NSB008107,Rebecca,Beasley,1945-06-26,17,2,Marketing Manager,114901.98,PENSION,False,HIGH,ACTIVE
NSB008108,James,Hart,1960-03-13,3,6,Engineer,88828.54,SALARY,False,LOW,ACTIVE
NSB008109,Heather,Landry,1994-05-08,1,6,Software Engineer,66621.32,PENSION,False,LOW,INACTIVE
NSB008110,Maria,Barnes,1974-12-25,12,9,Student,10281.01,PENSION,False,MEDIUM,ACTIVE
NSB008111,Kevin,Johnson,1958-11-03,5,9,Business Owner,144598.41,SALARY,False,LOW,ACTIVE
NSB008112,Mitchell,Gardner,1940-11-19,6,6,Doctor,153181.34,SAVINGS,False,LOW,ACTIVE
NSB008113,Heather,Gonzales,1997-01-10,11,9,Sales Manager,108829.34,SAVINGS,False,LOW,ACTIVE
NSB008114,Sarah,Shelton,1988-02-24,18,9,Financial Analyst,47528.43,SALARY,False,LOW,BLOCKED
NSB008115,Austin,Waters,1959-03-28,4,9,Doctor,178313.41,SALARY,False,LOW,ACTIVE
NSB008116,Brianna,Phelps,1996-07-22,2,13,Engineer,69609.03,SALARY,False,MEDIUM,ACTIVE
NSB008117,Raymond,Mann,1982-08-02,8,16,Accountant,80602.47,INVESTMENTS,False,LOW,ACTIVE
NSB008118,Amy,Cochran,1975-11-25,6,10,Lawyer,122790.78,INVESTMENTS,False,LOW,ACTIVE
NSB008119,Brandon,Mathis,1997-11-16,11,1,Data Analyst,64246.48,SALARY,False,MEDIUM,ACTIVE
NSB008120,Debbie,Watson,1963-07-16,17,2,Student,25060.17,BUSINESS,False,LOW,ACTIVE
NSB008121,Paul,Lee,1965-02-02,14,4,Teacher,68970.0,SAVINGS,False,LOW,ACTIVE
NSB008122,Reginald,Garcia,1975-03-03,14,10,Sales Manager,102638.97,SALARY,False,LOW,ACTIVE
NSB008123,Sarah,Mora,1956-06-27,15,17,Student,33065.45,PENSION,False,LOW,ACTIVE
NSB008124,April,Hernandez,1978-09-10,1,15,Sales Manager,107945.65,PENSION,False,LOW,ACTIVE
NSB008125,Debra,Green,1941-08-22,13,10,Financial Analyst,62885.51,BUSINESS,False,MEDIUM,ACTIVE
NSB008126,Roy,Yoder,1957-04-21,16,13,Consultant,97374.79,SAVINGS,False,MEDIUM,ACTIVE
NSB008127,Lisa,Parker,1951-05-20,17,8,Architect,68451.21,INVESTMENTS,False,LOW,ACTIVE
NSB008128,Ryan,Gilmore,1977-09-18,5,13,Engineer,48305.77,PENSION,False,MEDIUM,ACTIVE
NSB008129,Nicholas,Chan,1984-06-08,16,13,Consultant,133432.35,PENSION,False,MEDIUM,ACTIVE
NSB008130,Kristin,Foster,1996-01-23,10,9,Teacher,61253.76,SALARY,False,LOW,ACTIVE
NSB008131,Dean,Thompson,1974-02-28,11,2,Doctor,115916.54,INVESTMENTS,False,MEDIUM,ACTIVE
NSB008132,Danielle,Henry,1948-05-28,5,3,Financial Analyst,112587.63,PENSION,False,LOW,ACTIVE
NSB008133,Edward,Reynolds,1980-11-28,7,12,Nurse,66178.85,SALARY,False,LOW,ACTIVE
NSB008134,Robert,Brandt,1993-02-16,11,17,Lawyer,95363.13,SALARY,False,MEDIUM,ACTIVE
NSB008135,Tyler,Pacheco,1963-04-03,18,4,Data Analyst,77353.11,BUSINESS,False,LOW,ACTIVE
NSB008136,Amanda,May,1980-07-10,13,4,Lawyer,112308.91,PENSION,False,LOW,ACTIVE
NSB008137,Teresa,Donaldson,1959-11-25,20,18,Lawyer,156000.48,BUSINESS,False,LOW,BLOCKED
NSB008138,Dominique,Roman,1985-11-18,9,3,Marketing Manager,106142.66,INVESTMENTS,False,HIGH,ACTIVE
NSB008139,Ethan,Henry,1999-09-27,11,16,Sales Manager,56551.93,SAVINGS,False,MEDIUM,ACTIVE
NSB008140,Gary,Prince,1973-02-16,6,5,Nurse,65731.67,PENSION,False,MEDIUM,ACTIVE
NSB008141,Jeanne,Johnson,2004-09-17,9,4,Nurse,42278.69,BUSINESS,False,LOW,ACTIVE
NSB008142,Shelly,Phillips,1941-11-05,2,14,Marketing Manager,49168.69,PENSION,False,LOW,ACTIVE
NSB008143,Kevin,Brown,1977-05-08,3,1,Marketing Manager,61531.37,BUSINESS,False,HIGH,ACTIVE
NSB008144,Jesse,Maddox,1992-06-20,7,20,Nurse,52490.64,INVESTMENTS,False,LOW,ACTIVE
NSB008145,Amanda,Perez,1957-11-11,3,11,Financial Analyst,87932.37,INHERITANCE,False,LOW,ACTIVE
NSB008146,Robert,Hanson,1986-07-23,4,10,Sales Manager,118576.95,BUSINESS,False,MEDIUM,ACTIVE
NSB008147,Joshua,Roberts,1988-01-22,8,4,Marketing Manager,82749.66,SALARY,False,LOW,ACTIVE
NSB008148,Kimberly,Wright,1996-08-06,15,6,Financial Analyst,115735.43,INHERITANCE,False,MEDIUM,ACTIVE
NSB008149,Lisa,Ward,1941-08-16,5,19,Nurse,41488.71,INHERITANCE,False,HIGH,CLOSED
NSB008150,Dustin,Newman,1996-05-21,14,20,Accountant,45195.68,BUSINESS,False,LOW,ACTIVE
NSB008151,Jacqueline,Williams,1963-09-19,2,10,Architect,78155.73,PENSION,False,MEDIUM,ACTIVE
NSB008152,Brian,Simpson,1942-04-18,20,10,Sales Manager,51908.16,INVESTMENTS,False,MEDIUM,ACTIVE
NSB008153,Linda,Sullivan,1953-03-08,14,11,Data Analyst,83397.63,INHERITANCE,False,LOW,ACTIVE
NSB008154,Shawn,Roberts,1999-09-05,18,3,Nurse,57767.71,SALARY,False,LOW,ACTIVE
NSB008155,Tina,Estes,2003-12-10,2,7,Data Analyst,43614.13,INVESTMENTS,False,LOW,ACTIVE
NSB008156,Bradley,Graham,1941-09-10,20,5,Data Analyst,48320.12,PENSION,False,MEDIUM,ACTIVE
NSB008157,Gloria,Johnson,1974-03-20,8,20,Financial Analyst,116498.98,SAVINGS,False,LOW,ACTIVE
NSB008158,Logan,Wagner,1951-04-22,4,8,Teacher,36994.16,SAVINGS,False,LOW,ACTIVE
NSB008159,Jennifer,Parker,1957-01-30,5,2,Teacher,43039.94,SALARY,False,MEDIUM,ACTIVE
NSB008160,Elaine,Pruitt,1987-02-02,16,13,Lawyer,112537.43,PENSION,False,LOW,ACTIVE
NSB008161,Jenna,Marsh,1959-10-05,5,11,Architect,60900.96,SALARY,True,HIGH,ACTIVE
NSB008162,David,Page,1943-12-12,16,12,Doctor,136231.42,SAVINGS,False,CRITICAL,ACTIVE
NSB008163,Jill,Aguirre,1944-05-29,1,7,Data Analyst,81538.77,INVESTMENTS,False,HIGH,ACTIVE
NSB008164,Bryan,Wilson,1944-12-11,11,13,Nurse,53806.86,INHERITANCE,False,LOW,ACTIVE
NSB008165,Sandra,Mills,1991-01-02,19,5,Lawyer,127556.37,PENSION,False,LOW,ACTIVE
NSB008166,Shelly,Olsen,1979-02-05,17,3,Engineer,87053.24,INHERITANCE,False,LOW,ACTIVE
NSB008167,Amanda,Lewis,1960-07-12,4,6,Lawyer,179310.44,INVESTMENTS,False,LOW,ACTIVE
NSB008168,Ryan,Chambers,1997-09-04,4,14,Student,25296.96,INHERITANCE,False,MEDIUM,ACTIVE
NSB008169,Brian,White,1947-05-14,14,17,Doctor,93334.84,INVESTMENTS,False,LOW,ACTIVE
NSB008170,Beth,Sullivan,1998-09-06,20,8,Student,15329.87,PENSION,False,HIGH,ACTIVE
NSB008171,Nicolas,Lyons,1965-02-05,3,13,Engineer,117946.75,SALARY,False,LOW,ACTIVE
NSB008172,Brady,Skinner,1948-03-04,17,13,Student,20289.51,INHERITANCE,False,MEDIUM,ACTIVE
NSB008173,Sandra,Cook,2003-06-24,18,15,Consultant,62289.04,SAVINGS,False,LOW,ACTIVE
NSB008174,Kyle,Riddle,1994-11-05,3,4,Engineer,65453.63,SALARY,False,LOW,ACTIVE
NSB008175,Donald,Smith,1942-02-17,19,14,Lawyer,137267.21,INHERITANCE,False,LOW,ACTIVE
NSB008176,John,Harrison,1942-06-14,3,7,Accountant,53808.23,BUSINESS,False,MEDIUM,INACTIVE
NSB008177,Kenneth,Garcia,1996-02-29,4,6,Engineer,49268.31,BUSINESS,False,LOW,ACTIVE
NSB008178,Carolyn,Townsend,1978-06-29,16,1,Software Engineer,86164.72,INVESTMENTS,False,HIGH,ACTIVE
NSB008179,John,Ramos,1945-09-30,18,17,Accountant,69327.6,BUSINESS,False,MEDIUM,ACTIVE
NSB008180,Lisa,Adams,1970-03-26,20,16,Lawyer,151409.28,BUSINESS,False,LOW,ACTIVE
NSB008181,Jennifer,Gutierrez,1951-10-20,2,15,Engineer,83920.5,INVESTMENTS,False,LOW,ACTIVE
NSB008182,Vicki,Garrett,1979-01-04,15,19,Teacher,69426.46,SALARY,False,MEDIUM,INACTIVE
NSB008183,Douglas,Michael,1987-10-02,1,10,Architect,72071.35,SALARY,False,LOW,ACTIVE
NSB008184,Michael,Lynch,1957-11-23,1,15,Doctor,119909.39,PENSION,False,HIGH,ACTIVE
NSB008185,Jacob,Perkins,1979-04-22,2,8,Consultant,47613.51,SAVINGS,False,MEDIUM,ACTIVE
NSB008186,Victoria,Graves,2005-12-01,17,2,Lawyer,155194.79,SAVINGS,False,MEDIUM,ACTIVE
NSB008187,Maria,Rogers,1994-01-22,11,18,Consultant,130664.8,PENSION,False,LOW,ACTIVE
NSB008188,James,Hartman,1945-01-07,19,15,Accountant,48553.84,INHERITANCE,False,MEDIUM,ACTIVE
NSB008189,Jeffery,Mccoy,1991-01-02,8,9,Consultant,139217.67,SAVINGS,False,LOW,ACTIVE
NSB008190,Mark,Smith,1984-12-03,6,20,Accountant,70459.59,SALARY,False,MEDIUM,ACTIVE
NSB008191,Joe,Curtis,1945-05-19,5,3,Nurse,41982.58,SALARY,False,LOW,ACTIVE
NSB008192,Ruth,Lyons,1943-03-09,18,4,Student,22221.01,BUSINESS,False,MEDIUM,ACTIVE
NSB008193,Cheryl,Hill,1947-09-22,2,19,Accountant,60373.58,INVESTMENTS,False,MEDIUM,ACTIVE
NSB008194,Rachel,Abbott,1992-07-29,9,17,Software Engineer,62738.04,PENSION,False,LOW,ACTIVE
NSB008195,Kimberly,Hartman,1947-02-08,5,9,Teacher,47955.54,BUSINESS,False,HIGH,ACTIVE
NSB008196,Andrew,Mendez,1943-11-22,9,17,Lawyer,134487.47,BUSINESS,False,LOW,ACTIVE
NSB008197,Kelsey,Deleon,1977-09-15,14,12,Architect,78755.02,BUSINESS,False,LOW,ACTIVE
NSB008198,Edward,Lopez,1943-11-09,8,15,Data Analyst,46436.52,INVESTMENTS,False,LOW,ACTIVE
NSB008199,Carolyn,Collins,1970-04-11,9,7,Accountant,51536.43,INHERITANCE,False,LOW,ACTIVE
NSB008200,Joel,Morris,1997-06-17,2,14,Engineer,76047.15,PENSION,False,MEDIUM,ACTIVE
NSB008201,Patrick,Harris,1944-03-24,13,6,Financial Analyst,50830.59,SAVINGS,False,LOW,ACTIVE
NSB008202,Jody,Leonard,1961-09-13,5,14,Software Engineer,54281.22,PENSION,False,LOW,ACTIVE
NSB008203,Adam,Smith,1976-12-14,5,13,Business Owner,240201.38,BUSINESS,False,LOW,ACTIVE
NSB008204,Matthew,Rodriguez,1987-12-01,18,5,Engineer,47831.13,INHERITANCE,False,MEDIUM,CLOSED
NSB008205,Sally,Rodriguez,2002-08-23,19,9,Software Engineer,108841.02,INVESTMENTS,False,HIGH,ACTIVE
NSB008206,Patricia,Wilcox,1963-07-06,4,13,Financial Analyst,66177.37,INHERITANCE,False,HIGH,ACTIVE
NSB008207,Mark,Garcia,1967-10-29,10,9,Data Analyst,59311.78,SAVINGS,False,LOW,ACTIVE
NSB008208,Nicole,Williams,1956-02-25,11,10,Data Analyst,65153.59,SAVINGS,False,LOW,ACTIVE
NSB008209,Adrian,Johnson,2000-06-26,7,13,Student,24360.77,SAVINGS,False,LOW,ACTIVE
NSB008210,Sharon,Johnson,1956-04-04,2,17,Architect,93548.18,BUSINESS,False,LOW,ACTIVE
NSB008211,Jacqueline,Mcgee,2006-06-01,18,5,Sales Manager,125531.48,INHERITANCE,False,LOW,ACTIVE
NSB008212,Kayla,Ford,2003-09-07,3,2,Architect,54703.67,SALARY,False,MEDIUM,ACTIVE
NSB008213,Chase,Casey,1952-12-20,6,20,Architect,53196.75,SALARY,False,LOW,ACTIVE
NSB008214,Shane,Johnson,1973-10-09,6,14,Sales Manager,54359.58,SAVINGS,False,LOW,ACTIVE
NSB008215,Patricia,Hampton,1981-05-08,13,19,Lawyer,168462.24,SALARY,False,LOW,ACTIVE
NSB008216,Ryan,Martinez,1978-03-01,5,19,Architect,86448.82,SALARY,False,LOW,ACTIVE
NSB008217,Joseph,Harper,1960-04-30,20,5,Financial Analyst,56715.99,SAVINGS,False,LOW,ACTIVE
NSB008218,Evan,Ochoa,1958-08-19,14,17,Student,31488.24,INVESTMENTS,False,LOW,ACTIVE
NSB008219,Curtis,Rocha,1979-12-16,7,8,Accountant,58424.09,PENSION,False,LOW,ACTIVE
NSB008220,Leon,Meyer,1960-03-28,13,2,Software Engineer,79704.55,SALARY,False,LOW,ACTIVE
NSB008221,Scott,Espinoza,1991-09-14,17,12,Marketing Manager,55991.57,SAVINGS,False,LOW,ACTIVE
NSB008222,Kyle,Lopez,1968-11-02,19,19,Sales Manager,98004.97,PENSION,False,MEDIUM,ACTIVE
NSB008223,Katherine,Walker,1998-02-11,19,11,Architect,58379.46,BUSINESS,False,LOW,INACTIVE
NSB008224,Candace,Banks,1954-12-05,1,13,Financial Analyst,47962.04,PENSION,False,LOW,ACTIVE
NSB008225,Kevin,Miller,1966-09-27,16,11,Financial Analyst,77407.84,BUSINESS,False,LOW,ACTIVE
NSB008226,Jim,Mccall,1973-01-08,6,5,Nurse,64265.48,BUSINESS,False,MEDIUM,ACTIVE
NSB008227,Nicholas,Flores,1963-07-24,13,8,Sales Manager,86786.47,INVESTMENTS,False,LOW,ACTIVE
NSB008228,Ryan,Wang,1954-08-28,17,17,Doctor,74537.64,PENSION,False,LOW,ACTIVE
NSB008229,Richard,Cook,1952-09-03,17,5,Lawyer,61963.25,SALARY,False,CRITICAL,ACTIVE
NSB008230,David,Jenkins,1995-02-27,5,18,Lawyer,122264.77,BUSINESS,False,MEDIUM,ACTIVE
NSB008231,Robert,Garcia,1992-05-20,20,14,Doctor,64942.7,SAVINGS,False,LOW,ACTIVE
NSB008232,Mark,Alexander,1973-07-17,11,19,Teacher,54470.19,BUSINESS,False,LOW,INACTIVE
NSB008233,Holly,Johnson,1958-07-11,20,11,Accountant,48246.47,BUSINESS,False,LOW,ACTIVE
NSB008234,Kathryn,Dickerson,2005-08-08,4,10,Marketing Manager,57890.77,SAVINGS,False,LOW,ACTIVE
NSB008235,Jesse,Freeman,1969-08-03,20,17,Lawyer,82062.71,PENSION,False,MEDIUM,ACTIVE
NSB008236,Wayne,Park,1973-10-07,11,7,Lawyer,84221.57,INHERITANCE,False,LOW,ACTIVE
NSB008237,Victoria,Herrera,1966-11-04,11,12,Lawyer,113801.76,INHERITANCE,False,LOW,ACTIVE
NSB008238,Sara,Miller,1946-04-26,2,5,Architect,69461.35,INHERITANCE,False,MEDIUM,ACTIVE
NSB008239,Matthew,Goodman,1984-07-27,2,2,Nurse,50353.07,BUSINESS,False,LOW,ACTIVE
NSB008240,James,Miles,1968-02-23,1,3,Data Analyst,57276.89,BUSINESS,False,MEDIUM,ACTIVE
NSB008241,Daniel,Moore,2005-06-07,7,4,Accountant,37003.48,SAVINGS,False,MEDIUM,ACTIVE
NSB008242,Elizabeth,Stevens,1983-03-06,12,4,Sales Manager,117678.48,SALARY,False,LOW,ACTIVE
NSB008243,Kathy,Contreras,1941-03-02,20,14,Doctor,66424.47,INHERITANCE,False,LOW,ACTIVE
NSB008244,Melissa,Brown,1992-09-19,6,15,Doctor,79333.56,BUSINESS,False,LOW,ACTIVE
NSB008245,Lisa,Robinson,1945-10-22,13,11,Student,33582.31,BUSINESS,False,LOW,ACTIVE
NSB008246,Danny,Gonzales,1976-05-18,19,11,Teacher,68249.51,SAVINGS,False,MEDIUM,ACTIVE
NSB008247,Shannon,Barnett,1973-02-12,14,2,Marketing Manager,102467.63,INVESTMENTS,False,LOW,ACTIVE
NSB008248,Ashley,Ford,1999-11-05,10,14,Marketing Manager,76626.48,INHERITANCE,False,LOW,ACTIVE
NSB008249,Clinton,Wolfe,1998-04-02,12,8,Teacher,47325.53,SAVINGS,False,LOW,ACTIVE
NSB008250,Andrew,Chaney,1984-08-28,8,5,Architect,47557.66,PENSION,False,LOW,ACTIVE
NSB008251,Kimberly,Smith,1963-01-02,12,12,Engineer,54906.99,INHERITANCE,False,CRITICAL,ACTIVE
NSB008252,Elizabeth,Mendoza,1985-04-18,3,6,Student,30739.35,PENSION,False,HIGH,ACTIVE
NSB008253,Jessica,Mcguire,2001-08-06,5,11,Sales Manager,68954.06,BUSINESS,False,LOW,ACTIVE
NSB008254,Jessica,Khan,1984-02-15,19,5,Teacher,51253.04,INHERITANCE,False,MEDIUM,ACTIVE
NSB008255,Rebecca,Hale,1985-07-18,12,18,Lawyer,133115.75,SAVINGS,True,HIGH,ACTIVE
NSB008256,Charles,Waters,1962-09-11,6,20,Accountant,42852.45,INHERITANCE,False,HIGH,ACTIVE
NSB008257,Krystal,Benjamin,1961-09-12,16,7,Student,6932.65,SAVINGS,False,LOW,ACTIVE
NSB008258,Ariel,Fox,1958-10-22,10,16,Marketing Manager,99599.02,INVESTMENTS,False,LOW,ACTIVE
NSB008259,Michael,Willis,1986-10-19,3,7,Nurse,40044.69,INHERITANCE,False,LOW,ACTIVE
NSB008260,Stephanie,Stephens,1958-04-05,5,8,Marketing Manager,83321.52,SAVINGS,False,HIGH,ACTIVE
NSB008261,Molly,Johnson,1982-07-09,7,9,Financial Analyst,84876.95,SALARY,False,LOW,ACTIVE
NSB008262,Scott,Thomas,2005-07-30,9,9,Accountant,62489.75,PENSION,False,LOW,ACTIVE
NSB008263,Amanda,Bass,1985-04-23,3,4,Marketing Manager,88302.5,BUSINESS,False,LOW,ACTIVE
NSB008264,Max,Young,1954-12-14,12,10,Engineer,89987.97,SALARY,False,CRITICAL,ACTIVE
NSB008265,Dennis,Lynch,1940-11-02,10,16,Teacher,54063.72,SALARY,False,LOW,ACTIVE
NSB008266,Andrea,Thompson,2006-06-10,18,19,Data Analyst,55655.16,SALARY,False,MEDIUM,ACTIVE
NSB008267,Sarah,Rivas,1990-02-20,2,3,Lawyer,83137.7,INHERITANCE,False,LOW,ACTIVE
NSB008268,Drew,Sparks,1944-05-03,16,8,Teacher,58008.52,INHERITANCE,False,MEDIUM,ACTIVE
NSB008269,Lucas,Cortez,2001-05-14,19,2,Financial Analyst,56957.85,INHERITANCE,False,MEDIUM,ACTIVE
NSB008270,Thomas,Rose,1950-11-02,13,7,Teacher,34960.58,INHERITANCE,False,LOW,ACTIVE
NSB008271,Stephen,Snyder,1964-02-12,6,20,Engineer,64106.93,INHERITANCE,False,LOW,ACTIVE
NSB008272,Ashley,Martinez,1953-01-20,20,3,Business Owner,87367.72,SAVINGS,False,MEDIUM,ACTIVE
NSB008273,Brittney,Ochoa,1980-06-24,1,1,Lawyer,90121.37,SAVINGS,False,LOW,ACTIVE
NSB008274,Meredith,Brown,1995-10-28,15,14,Student,30481.97,INHERITANCE,False,HIGH,ACTIVE
NSB008275,Norma,Turner,1954-12-15,13,4,Engineer,65795.03,INHERITANCE,False,LOW,ACTIVE
NSB008276,Cody,Jones,1960-02-10,16,17,Consultant,50205.67,INVESTMENTS,False,MEDIUM,INACTIVE
NSB008277,Christopher,Finley,2005-08-16,2,2,Marketing Manager,108477.49,SALARY,False,HIGH,ACTIVE
NSB008278,Linda,Robertson,1985-01-11,10,20,Lawyer,165730.85,SALARY,False,MEDIUM,ACTIVE
NSB008279,Michael,Cook,1957-02-23,2,2,Consultant,65459.04,SALARY,False,LOW,ACTIVE
NSB008280,Mary,Baxter,2000-08-31,1,2,Architect,42036.52,BUSINESS,False,CRITICAL,ACTIVE
NSB008281,Scott,Bennett,1972-05-21,7,20,Nurse,34020.61,PENSION,False,HIGH,ACTIVE
NSB008282,Justin,Campbell,1970-07-17,8,2,Nurse,48093.67,SALARY,False,LOW,ACTIVE
NSB008283,Antonio,Odom,1997-06-04,8,7,Engineer,113480.23,INHERITANCE,False,MEDIUM,ACTIVE
NSB008284,Trevor,Adams,1964-10-23,12,5,Nurse,59477.66,PENSION,False,LOW,INACTIVE
NSB008285,Heidi,Murphy,1982-10-06,20,19,Teacher,43259.86,INVESTMENTS,False,LOW,ACTIVE
NSB008286,Amanda,Maxwell,1984-03-24,16,18,Doctor,73723.75,INVESTMENTS,False,LOW,ACTIVE
NSB008287,Evan,Myers,1965-03-31,19,3,Marketing Manager,69056.66,INHERITANCE,False,LOW,INACTIVE
NSB008288,Robert,Rios,1968-10-15,11,19,Engineer,95704.27,SALARY,False,MEDIUM,ACTIVE
NSB008289,Erika,Walsh,1981-09-22,1,15,Architect,41655.13,SAVINGS,False,LOW,ACTIVE
NSB008290,Bradley,Short,1946-01-27,10,15,Engineer,86287.52,SALARY,False,LOW,ACTIVE
NSB008291,Melinda,Smith,1974-01-21,20,4,Student,22658.05,BUSINESS,False,HIGH,BLOCKED
NSB008292,Melissa,Banks,1951-10-29,6,12,Sales Manager,107876.85,INVESTMENTS,False,LOW,ACTIVE
NSB008293,Brian,Lopez,1947-08-23,5,14,Architect,80102.42,BUSINESS,False,MEDIUM,ACTIVE
NSB008294,Christopher,Riggs,1963-10-10,6,10,Financial Analyst,72435.61,SALARY,False,MEDIUM,ACTIVE
NSB008295,David,Herring,1972-12-24,17,16,Nurse,30577.79,INVESTMENTS,False,MEDIUM,ACTIVE
NSB008296,Mary,Nguyen,1970-01-02,8,12,Teacher,33698.74,INHERITANCE,False,LOW,ACTIVE
NSB008297,Crystal,Keller,1968-07-26,7,3,Student,23730.59,INVESTMENTS,False,MEDIUM,INACTIVE
NSB008298,Gloria,Dougherty,1947-03-26,19,3,Architect,94433.43,BUSINESS,False,LOW,ACTIVE
NSB008299,Bradley,Blackburn,2000-06-18,10,10,Lawyer,160046.03,INHERITANCE,False,LOW,ACTIVE
NSB008300,Sonya,Cook,1962-04-24,12,19,Business Owner,58023.78,SALARY,False,LOW,ACTIVE
NSB008301,Michaela,Jefferson,1992-04-27,2,3,Lawyer,94948.21,SALARY,False,LOW,ACTIVE
NSB008302,Heather,Love,2001-09-01,13,2,Nurse,49869.92,INVESTMENTS,False,HIGH,ACTIVE
NSB008303,Jeremy,Jacobs,1967-09-05,18,16,Doctor,82523.86,PENSION,False,LOW,ACTIVE
NSB008304,Stephanie,Roberson,1955-12-11,7,5,Financial Analyst,105003.8,SAVINGS,False,MEDIUM,ACTIVE
NSB008305,John,Trevino,1974-06-01,17,13,Business Owner,185072.8,INVESTMENTS,False,LOW,CLOSED
NSB008306,Emily,Herrera,1994-09-04,4,18,Engineer,93122.85,INHERITANCE,False,LOW,ACTIVE
NSB008307,Christopher,Morrison,1948-07-31,6,19,Architect,81766.97,SAVINGS,False,LOW,ACTIVE
NSB008308,Daniel,Garcia,1988-04-04,18,20,Nurse,47221.77,PENSION,False,LOW,ACTIVE
NSB008309,Sandra,Rose,1971-10-19,2,19,Software Engineer,47344.84,INVESTMENTS,False,LOW,ACTIVE
NSB008310,Robin,Robertson,1971-07-24,13,7,Teacher,64210.57,SALARY,False,LOW,ACTIVE
NSB008311,Mark,Ortiz,1980-12-08,20,1,Financial Analyst,64720.25,BUSINESS,False,MEDIUM,ACTIVE
NSB008312,Penny,Barnes,1978-06-22,19,18,Business Owner,81504.21,BUSINESS,False,LOW,INACTIVE
NSB008313,Kimberly,Wolfe,1977-06-06,7,4,Accountant,87020.77,SALARY,False,MEDIUM,ACTIVE
NSB008314,Madison,Galvan,1992-03-07,8,8,Business Owner,185666.28,PENSION,False,LOW,ACTIVE
NSB008315,Scott,Mendoza,1993-06-22,6,17,Accountant,64863.31,PENSION,False,MEDIUM,CLOSED
NSB008316,Thomas,Evans,1993-07-14,18,14,Student,14559.64,INVESTMENTS,False,LOW,ACTIVE
NSB008317,Matthew,Richardson,1953-11-10,13,14,Software Engineer,94568.49,INVESTMENTS,False,LOW,ACTIVE
NSB008318,Denise,Ali,1970-01-26,20,20,Software Engineer,76811.57,SAVINGS,False,MEDIUM,ACTIVE
NSB008319,Cheryl,Taylor,1968-02-22,13,13,Nurse,54591.67,BUSINESS,False,HIGH,ACTIVE
NSB008320,Tammy,Taylor,1953-06-02,18,11,Engineer,68548.45,PENSION,False,LOW,ACTIVE
NSB008321,John,Parks,1951-04-12,5,15,Data Analyst,45602.95,SAVINGS,False,MEDIUM,ACTIVE
NSB008322,Sharon,Mcmillan,1992-04-13,12,5,Consultant,138542.23,BUSINESS,False,LOW,ACTIVE
NSB008323,Michael,Collins,1970-06-07,6,2,Financial Analyst,59654.58,BUSINESS,False,HIGH,ACTIVE
NSB008324,Diana,Evans,1986-11-14,5,9,Doctor,72900.46,BUSINESS,False,HIGH,ACTIVE
NSB008325,Scott,Shaw,2003-09-03,19,20,Sales Manager,117322.43,PENSION,False,MEDIUM,ACTIVE
NSB008326,Sharon,Brown,1956-08-12,19,2,Architect,89426.57,PENSION,False,LOW,ACTIVE
NSB008327,Andrew,Johnson,1958-04-23,16,7,Accountant,75710.05,PENSION,False,LOW,ACTIVE
NSB008328,Douglas,Sandoval,2005-05-14,14,3,Data Analyst,79544.16,BUSINESS,False,MEDIUM,ACTIVE
NSB008329,Virginia,Gibbs,1984-04-07,17,4,Accountant,61032.25,PENSION,False,MEDIUM,ACTIVE
NSB008330,Sean,Krueger,1964-11-24,20,19,Nurse,58798.01,SALARY,False,LOW,ACTIVE
NSB008331,Jodi,Taylor,1956-07-06,6,13,Engineer,68418.49,PENSION,False,LOW,ACTIVE
NSB008332,Heather,Krueger,2003-11-11,16,15,Consultant,125134.48,BUSINESS,False,LOW,INACTIVE
NSB008333,Jordan,Hill,1968-11-13,11,4,Accountant,69001.71,PENSION,False,LOW,ACTIVE
NSB008334,David,Strickland,1953-11-25,17,12,Business Owner,298822.97,PENSION,False,HIGH,ACTIVE
NSB008335,Linda,Jones,1996-02-08,7,17,Lawyer,81146.2,PENSION,False,MEDIUM,ACTIVE
NSB008336,Mark,Wilkinson,1971-01-16,16,5,Lawyer,61751.58,INVESTMENTS,False,MEDIUM,ACTIVE
NSB008337,Jessica,Kidd,1981-03-24,6,5,Business Owner,230795.02,PENSION,False,LOW,ACTIVE
NSB008338,Michelle,Allen,2002-08-22,18,2,Lawyer,140257.77,BUSINESS,False,CRITICAL,ACTIVE
NSB008339,Sara,Powell,2003-12-28,8,15,Data Analyst,72359.11,INVESTMENTS,False,MEDIUM,ACTIVE
NSB008340,Marco,Maxwell,1987-07-28,7,2,Student,29884.72,PENSION,False,MEDIUM,INACTIVE
NSB008341,Mary,Davis,1984-03-14,3,1,Financial Analyst,119528.02,SAVINGS,False,LOW,ACTIVE
NSB008342,Hector,Barber,1945-04-23,4,11,Architect,82225.68,INHERITANCE,False,LOW,ACTIVE
NSB008343,Cristina,Weaver,1980-07-11,16,19,Sales Manager,129283.48,PENSION,False,LOW,ACTIVE
NSB008344,Kevin,Medina,1944-07-22,17,19,Architect,93514.97,SALARY,False,HIGH,ACTIVE
NSB008345,Mindy,Ford,1947-07-30,3,12,Software Engineer,62374.71,BUSINESS,False,LOW,ACTIVE
NSB008346,Tim,Marshall,1950-04-04,9,9,Architect,67448.34,PENSION,False,MEDIUM,BLOCKED
NSB008347,Teresa,Hughes,1962-04-02,1,2,Doctor,158945.46,PENSION,False,LOW,ACTIVE
NSB008348,Kara,Watts,1998-10-07,6,16,Software Engineer,110766.88,PENSION,False,HIGH,ACTIVE
NSB008349,Gabriel,Dawson,1975-11-05,1,6,Engineer,94355.71,SAVINGS,False,LOW,ACTIVE
NSB008350,Madison,Lynch,1966-09-01,4,16,Lawyer,123156.32,INHERITANCE,False,LOW,ACTIVE
NSB008351,Amanda,Edwards,1983-08-31,15,17,Accountant,40650.56,SALARY,False,MEDIUM,ACTIVE
NSB008352,Carolyn,Villegas,1949-05-03,13,4,Doctor,94762.09,BUSINESS,False,HIGH,ACTIVE
NSB008353,Michelle,Howard,1953-05-06,18,20,Sales Manager,58180.84,PENSION,False,LOW,ACTIVE
NSB008354,Richard,Miller,1975-07-25,3,16,Teacher,31433.07,BUSINESS,False,MEDIUM,ACTIVE
NSB008355,Gina,Jackson,1974-02-14,8,20,Engineer,111266.97,INVESTMENTS,False,LOW,ACTIVE
NSB008356,Christopher,Cummings,1999-01-03,9,13,Data Analyst,98984.26,SALARY,False,LOW,INACTIVE
NSB008357,Jamie,Bell,1960-11-07,16,16,Accountant,70560.5,SALARY,False,LOW,ACTIVE
NSB008358,Jennifer,Hamilton,1985-01-28,16,16,Sales Manager,110451.75,BUSINESS,True,HIGH,ACTIVE
NSB008359,Mark,Miller,1975-05-23,18,12,Sales Manager,75645.95,INHERITANCE,False,HIGH,INACTIVE
NSB008360,Richard,Young,1979-09-26,11,7,Data Analyst,57500.54,BUSINESS,False,LOW,ACTIVE
NSB008361,John,Adams,1990-01-28,6,6,Accountant,81385.21,BUSINESS,False,MEDIUM,CLOSED
NSB008362,Larry,Campbell,1968-02-08,8,16,Architect,50267.27,SALARY,False,LOW,ACTIVE
NSB008363,Kimberly,Graham,1956-04-01,11,8,Nurse,68433.06,INHERITANCE,False,LOW,ACTIVE
NSB008364,Melissa,Snow,1970-09-30,15,15,Software Engineer,83030.6,SALARY,False,LOW,ACTIVE
NSB008365,Dana,Trujillo,2005-09-16,2,11,Software Engineer,70033.37,BUSINESS,False,LOW,ACTIVE
NSB008366,Anthony,White,1982-11-03,15,14,Data Analyst,48903.99,SALARY,False,HIGH,ACTIVE
NSB008367,Jonathan,Ramsey,1954-10-25,12,20,Teacher,48522.46,SAVINGS,False,MEDIUM,ACTIVE
NSB008368,Shawn,Hernandez,2003-06-20,7,18,Software Engineer,79554.4,INHERITANCE,False,LOW,ACTIVE
NSB008369,Russell,Bautista,1969-07-21,8,4,Nurse,33714.58,SAVINGS,False,LOW,ACTIVE
NSB008370,Jennifer,Riley,2004-07-26,12,4,Marketing Manager,86712.28,SAVINGS,False,LOW,ACTIVE
NSB008371,Jennifer,Patrick,2003-09-10,11,16,Architect,76029.83,SAVINGS,False,HIGH,ACTIVE
NSB008372,Erin,Ramos,1950-08-09,14,11,Software Engineer,96320.4,SALARY,False,MEDIUM,ACTIVE
NSB008373,Kenneth,Hill,2001-01-03,3,1,Business Owner,240726.69,INHERITANCE,False,LOW,ACTIVE
NSB008374,Lori,Ho,1998-12-22,13,13,Nurse,54832.91,PENSION,False,MEDIUM,ACTIVE
NSB008375,Kenneth,Le,1975-09-07,2,2,Financial Analyst,102211.95,SALARY,False,MEDIUM,ACTIVE
NSB008376,Daniel,Mcmahon,1963-10-25,10,19,Architect,56706.49,SAVINGS,False,MEDIUM,ACTIVE
NSB008377,Seth,Gonzalez,1940-10-30,7,8,Nurse,43069.9,INHERITANCE,False,MEDIUM,ACTIVE
NSB008378,Jeremy,Bennett,1997-05-11,1,20,Student,27083.17,INHERITANCE,False,LOW,ACTIVE
NSB008379,Tanya,Waller,1996-12-23,14,5,Engineer,95919.62,SALARY,False,MEDIUM,ACTIVE
NSB008380,Timothy,Smith,1987-02-20,6,4,Business Owner,92245.63,SAVINGS,False,MEDIUM,ACTIVE
NSB008381,Adam,Clark,1992-03-04,3,3,Teacher,53786.2,SALARY,False,MEDIUM,ACTIVE
NSB008382,Sarah,Clayton,1952-11-22,5,14,Data Analyst,51805.17,INVESTMENTS,False,HIGH,ACTIVE
NSB008383,Brenda,Johnson,1990-08-11,13,20,Marketing Manager,106497.82,INVESTMENTS,False,LOW,ACTIVE
NSB008384,Richard,Gates,1954-10-31,7,4,Marketing Manager,90687.62,PENSION,False,LOW,ACTIVE
NSB008385,Donald,Mccall,2002-05-18,19,14,Financial Analyst,101016.5,SAVINGS,False,LOW,ACTIVE
NSB008386,William,Curry,1965-04-22,4,3,Consultant,81896.22,PENSION,False,LOW,ACTIVE
NSB008387,Bryan,Yang,1975-03-10,13,5,Teacher,61078.41,PENSION,False,LOW,ACTIVE
NSB008388,Brian,Ramos,1958-04-21,13,12,Accountant,37241.0,INHERITANCE,False,MEDIUM,ACTIVE
NSB008389,Ryan,Erickson,1973-09-18,18,3,Student,18994.45,BUSINESS,False,LOW,ACTIVE
NSB008390,Keith,White,1949-02-27,9,2,Teacher,41171.7,SALARY,False,LOW,ACTIVE
NSB008391,Nicholas,Evans,1994-08-29,8,16,Architect,61203.1,INHERITANCE,False,MEDIUM,ACTIVE
NSB008392,Christopher,Downs,1976-09-09,17,19,Business Owner,238506.74,INHERITANCE,False,LOW,ACTIVE
NSB008393,Mary,Coleman,2004-01-24,1,9,Accountant,50878.21,SALARY,False,MEDIUM,INACTIVE
NSB008394,William,Brown,1964-10-19,10,3,Consultant,47929.61,SAVINGS,False,MEDIUM,ACTIVE
NSB008395,Matthew,Martin,1989-12-01,12,3,Teacher,31955.17,PENSION,False,MEDIUM,ACTIVE
NSB008396,Virginia,Brown,1969-04-29,6,1,Lawyer,149035.85,INHERITANCE,False,LOW,ACTIVE
NSB008397,Rebecca,Hill,1996-07-11,7,8,Doctor,88571.02,PENSION,False,LOW,DECEASED
NSB008398,Rachel,Jones,1951-03-18,5,12,Architect,49666.04,SAVINGS,False,LOW,ACTIVE
NSB008399,Collin,Deleon,1992-07-21,8,1,Financial Analyst,68982.59,INVESTMENTS,False,LOW,ACTIVE
NSB008400,Patrick,Houston,1962-07-14,11,7,Accountant,72921.5,PENSION,False,MEDIUM,ACTIVE
NSB008401,Michael,Price,1971-11-01,9,5,Consultant,75400.66,SALARY,False,MEDIUM,ACTIVE
NSB008402,Lisa,Lin,1966-07-20,5,6,Engineer,96292.36,PENSION,False,LOW,ACTIVE
NSB008403,Walter,Howard,1987-01-27,17,17,Marketing Manager,95341.82,PENSION,False,HIGH,ACTIVE
NSB008404,Michael,Wood,1967-06-05,17,16,Financial Analyst,50599.66,PENSION,False,LOW,ACTIVE
NSB008405,Malik,Kennedy,1989-07-20,17,9,Financial Analyst,118852.77,SAVINGS,False,LOW,CLOSED
NSB008406,Melissa,Sanchez,1983-11-08,1,19,Teacher,69463.35,PENSION,True,CRITICAL,ACTIVE
NSB008407,Stephanie,Stevens,1947-10-07,3,20,Engineer,64888.97,INHERITANCE,False,MEDIUM,ACTIVE
NSB008408,Aaron,Alvarez,1943-12-24,17,19,Financial Analyst,101650.94,BUSINESS,False,LOW,ACTIVE
NSB008409,Rachel,Clark,1996-10-03,19,13,Teacher,35481.27,INHERITANCE,True,HIGH,ACTIVE
NSB008410,James,Burgess,1990-05-19,11,11,Consultant,130653.43,INVESTMENTS,False,MEDIUM,ACTIVE
NSB008411,Kristopher,Davis,1964-03-03,9,14,Software Engineer,47408.7,SAVINGS,False,LOW,ACTIVE
NSB008412,Wendy,Nelson,1963-12-11,20,18,Teacher,35515.03,SALARY,False,LOW,ACTIVE
NSB008413,Sue,Gonzalez,1995-02-04,8,10,Engineer,49187.11,SAVINGS,False,LOW,ACTIVE
NSB008414,Deborah,Cardenas,1980-07-15,14,1,Nurse,37656.01,INVESTMENTS,False,HIGH,ACTIVE
NSB008415,Kathy,Davis,1961-05-09,16,4,Lawyer,103243.15,PENSION,False,HIGH,ACTIVE
NSB008416,Sandra,Burnett,1977-09-25,10,7,Student,34237.66,SALARY,False,MEDIUM,ACTIVE
NSB008417,Jose,Gray,1984-08-24,12,16,Sales Manager,90987.51,SALARY,False,LOW,ACTIVE
NSB008418,William,Weiss,1966-12-15,14,3,Business Owner,42274.82,BUSINESS,False,MEDIUM,INACTIVE
NSB008419,Curtis,Bryant,1986-08-28,1,4,Financial Analyst,69895.1,SAVINGS,False,LOW,ACTIVE
NSB008420,Whitney,Wilson,1940-09-26,18,15,Financial Analyst,69922.18,INVESTMENTS,False,LOW,ACTIVE
NSB008421,Kent,Cruz,1975-10-16,8,13,Marketing Manager,47629.07,SALARY,False,MEDIUM,ACTIVE
NSB008422,Kent,Ramirez,1988-09-02,3,10,Student,26714.39,SALARY,False,LOW,ACTIVE
NSB008423,Colin,Parks,1996-01-04,14,20,Engineer,61162.87,INHERITANCE,False,LOW,ACTIVE
NSB008424,Lucas,Meyer,1992-07-28,8,8,Marketing Manager,107587.12,INVESTMENTS,False,MEDIUM,ACTIVE
NSB008425,Ryan,Murphy,1986-02-21,10,6,Sales Manager,50415.14,SAVINGS,False,LOW,ACTIVE
NSB008426,Theresa,Odonnell,1975-06-19,19,2,Nurse,32946.78,BUSINESS,False,LOW,ACTIVE
NSB008427,Michael,Hatfield,1948-04-20,9,4,Business Owner,73691.27,SAVINGS,False,LOW,ACTIVE
NSB008428,Denise,Bell,1942-07-18,14,13,Lawyer,120346.22,INHERITANCE,False,MEDIUM,ACTIVE
NSB008429,Jasmine,Jones,1967-03-22,7,11,Teacher,43612.58,SAVINGS,False,LOW,ACTIVE
NSB008430,Robert,Donaldson,1990-02-24,17,7,Nurse,58108.73,INVESTMENTS,False,MEDIUM,ACTIVE
NSB008431,Eric,Garza,1975-04-20,20,17,Student,19673.25,SALARY,False,HIGH,BLOCKED
NSB008432,Kenneth,Thompson,1973-03-03,15,18,Consultant,108322.96,INVESTMENTS,False,LOW,ACTIVE
NSB008433,Craig,Richardson,1977-05-26,20,5,Architect,62640.65,INHERITANCE,False,LOW,ACTIVE
NSB008434,Amber,Gomez,1962-11-26,5,1,Lawyer,87147.51,INHERITANCE,False,LOW,ACTIVE
NSB008435,Seth,Matthews,1978-12-05,5,17,Data Analyst,99530.39,INVESTMENTS,False,LOW,ACTIVE
NSB008436,Michael,Fitzgerald,1975-11-24,14,7,Consultant,73185.93,SALARY,False,LOW,CLOSED
NSB008437,Cynthia,Dean,1940-11-27,8,11,Accountant,65311.64,SALARY,False,LOW,ACTIVE
NSB008438,Todd,Woods,1979-12-15,8,18,Business Owner,279244.38,INHERITANCE,False,HIGH,ACTIVE
NSB008439,Victor,Brown,1972-05-29,16,14,Consultant,145371.12,INVESTMENTS,False,HIGH,ACTIVE
NSB008440,Chris,Lewis,1969-01-08,8,12,Consultant,127802.6,INHERITANCE,False,MEDIUM,ACTIVE
NSB008441,Emily,Garcia,1969-05-20,8,1,Student,6085.44,INVESTMENTS,True,HIGH,ACTIVE
NSB008442,Kevin,Chung,1953-12-20,7,4,Data Analyst,76381.82,BUSINESS,False,MEDIUM,BLOCKED
NSB008443,Robert,Walters,1958-05-13,9,3,Sales Manager,77623.77,BUSINESS,False,MEDIUM,ACTIVE
NSB008444,Kelli,James,1971-10-21,11,1,Software Engineer,48857.04,INVESTMENTS,False,MEDIUM,ACTIVE
NSB008445,Ashley,Garcia,1958-05-03,7,3,Lawyer,173868.9,INVESTMENTS,False,MEDIUM,ACTIVE
NSB008446,Randy,Ingram,1971-05-12,18,13,Software Engineer,93698.52,INHERITANCE,False,LOW,ACTIVE
NSB008447,David,Walton,1957-01-18,3,12,Lawyer,65352.27,INHERITANCE,False,LOW,ACTIVE
NSB008448,Emma,Green,1942-06-20,5,14,Marketing Manager,110834.37,BUSINESS,False,HIGH,ACTIVE
NSB008449,Nathaniel,Moore,1970-11-18,14,14,Business Owner,85156.87,INVESTMENTS,False,LOW,ACTIVE
NSB008450,Tonya,Stanley,1959-09-15,7,19,Lawyer,64690.44,INHERITANCE,False,LOW,ACTIVE
NSB008451,Barry,Howard,2003-02-22,12,18,Teacher,34479.85,BUSINESS,False,MEDIUM,ACTIVE
NSB008452,Christopher,Mills,1950-09-09,5,3,Lawyer,173911.21,INHERITANCE,False,LOW,ACTIVE
NSB008453,Ariana,Powell,1945-10-22,17,18,Business Owner,121143.77,INHERITANCE,False,LOW,ACTIVE
NSB008454,Kristina,Newton,1976-02-22,2,16,Teacher,46895.94,SAVINGS,False,LOW,ACTIVE
NSB008455,Elizabeth,Oliver,1982-11-17,11,16,Accountant,84810.28,PENSION,False,LOW,ACTIVE
NSB008456,Cameron,Cowan,2001-10-17,14,17,Business Owner,96992.97,BUSINESS,False,LOW,ACTIVE
NSB008457,Henry,Carter,1947-11-24,10,7,Data Analyst,65411.76,INVESTMENTS,False,HIGH,ACTIVE
NSB008458,Devin,Watts,1961-03-05,2,15,Marketing Manager,56579.89,SALARY,False,LOW,ACTIVE
NSB008459,Jay,Mcknight,1958-08-14,1,8,Data Analyst,74508.4,INHERITANCE,False,LOW,ACTIVE
NSB008460,Daniel,Anderson,1972-12-04,19,10,Teacher,45701.83,INHERITANCE,False,LOW,ACTIVE
NSB008461,April,Martinez,1994-09-03,13,14,Engineer,77623.96,BUSINESS,False,LOW,BLOCKED
NSB008462,Rachel,Perkins,1986-03-18,1,14,Sales Manager,70248.35,BUSINESS,False,MEDIUM,ACTIVE
NSB008463,Michelle,Berry,1989-07-07,19,13,Sales Manager,61119.1,BUSINESS,False,LOW,ACTIVE
NSB008464,Willie,Garrett,1952-10-17,16,6,Sales Manager,42831.55,INHERITANCE,False,MEDIUM,ACTIVE
NSB008465,Kelly,Marks,2000-05-01,7,16,Nurse,52645.71,INHERITANCE,False,MEDIUM,ACTIVE
NSB008466,William,Johnson,1997-05-19,7,1,Lawyer,148664.36,INVESTMENTS,False,LOW,ACTIVE
NSB008467,Gerald,Curry,1958-07-30,18,10,Lawyer,56959.3,SAVINGS,False,LOW,ACTIVE
NSB008468,Tiffany,Perez,1973-06-08,3,3,Business Owner,122615.23,SALARY,False,MEDIUM,ACTIVE
NSB008469,Amanda,Wagner,1945-02-16,18,7,Nurse,50104.85,PENSION,False,LOW,ACTIVE
NSB008470,Thomas,Smith,1952-10-09,10,5,Architect,42629.17,BUSINESS,False,LOW,DECEASED
NSB008471,Jennifer,Williams,1994-04-10,4,15,Architect,69085.7,PENSION,False,MEDIUM,ACTIVE
NSB008472,Brittany,Ayers,1997-11-01,6,20,Software Engineer,78362.24,SALARY,False,MEDIUM,ACTIVE
NSB008473,Richard,Collins,1950-12-30,1,3,Architect,73430.48,INVESTMENTS,False,HIGH,ACTIVE
NSB008474,Laura,Hobbs,2006-06-22,3,15,Sales Manager,94764.03,SALARY,False,LOW,ACTIVE
NSB008475,Hannah,Bolton,2001-09-11,13,11,Accountant,43920.87,PENSION,False,LOW,ACTIVE
NSB008476,Antonio,Johnson,1962-04-24,7,14,Accountant,41808.94,SALARY,False,LOW,ACTIVE
NSB008477,Scott,Foster,1992-06-14,5,14,Lawyer,83834.64,SALARY,False,LOW,ACTIVE
NSB008478,Bobby,Rasmussen,1951-09-13,5,2,Accountant,47243.44,INHERITANCE,False,LOW,ACTIVE
NSB008479,Kathleen,Adams,1958-01-31,5,9,Architect,63842.79,INVESTMENTS,False,LOW,ACTIVE
NSB008480,Jennifer,Cole,1992-10-19,20,11,Teacher,39721.53,INHERITANCE,False,LOW,ACTIVE
NSB008481,Nicholas,Martinez,1988-08-11,10,8,Student,12057.07,INVESTMENTS,False,LOW,ACTIVE
NSB008482,Amanda,Lopez,1997-10-29,10,7,Nurse,40976.41,INHERITANCE,False,LOW,CLOSED
NSB008483,Kayla,Harper,1984-12-02,12,19,Consultant,101457.48,INVESTMENTS,False,MEDIUM,ACTIVE
NSB008484,Bethany,French,2005-02-20,17,1,Doctor,122430.68,INHERITANCE,False,LOW,BLOCKED
NSB008485,Pamela,Williams,1965-05-20,7,7,Architect,75901.84,BUSINESS,False,MEDIUM,ACTIVE
NSB008486,Eric,Fisher,1985-06-14,9,14,Accountant,71017.38,SAVINGS,False,CRITICAL,ACTIVE
NSB008487,Sherry,Salinas,1986-09-19,19,14,Lawyer,85122.35,BUSINESS,False,LOW,ACTIVE
NSB008488,Gregory,Horton,1984-02-23,3,16,Software Engineer,95137.71,INVESTMENTS,False,LOW,ACTIVE
NSB008489,Elizabeth,Wagner,1989-09-12,1,5,Nurse,43270.09,SALARY,False,LOW,ACTIVE
NSB008490,Colin,Gomez,1940-11-21,10,9,Marketing Manager,83345.5,INVESTMENTS,False,LOW,ACTIVE
NSB008491,Deborah,Brady,1955-02-20,5,18,Engineer,91418.13,INVESTMENTS,False,LOW,ACTIVE
NSB008492,Stephen,Sandoval,2002-08-21,11,10,Teacher,30559.33,PENSION,False,MEDIUM,INACTIVE
NSB008493,Oscar,Alexander,1970-02-01,19,20,Sales Manager,67629.21,INVESTMENTS,False,MEDIUM,ACTIVE
NSB008494,Mark,Howard,1958-07-21,10,12,Software Engineer,65546.92,PENSION,False,LOW,ACTIVE
NSB008495,Katrina,Cortez,1978-04-24,14,17,Lawyer,123637.57,SALARY,False,LOW,ACTIVE
NSB008496,Jennifer,Gross,1969-02-18,5,20,Marketing Manager,87482.55,INHERITANCE,False,LOW,ACTIVE
NSB008497,Donna,Stewart,1941-11-14,9,2,Architect,79578.33,SAVINGS,False,MEDIUM,ACTIVE
NSB008498,Maria,Gordon,2005-12-05,2,1,Engineer,79640.62,BUSINESS,False,MEDIUM,ACTIVE
NSB008499,Tyler,Tran,2003-04-26,15,8,Teacher,60130.74,SALARY,False,LOW,CLOSED
NSB008500,Nathan,Rodriguez,1950-04-01,6,20,Consultant,93240.92,SALARY,False,MEDIUM,ACTIVE
NSB008501,Abigail,Ward,1961-10-26,19,13,Student,26393.07,INHERITANCE,False,LOW,ACTIVE
NSB008502,Natasha,Ward,1975-11-10,20,12,Business Owner,148013.12,SALARY,False,LOW,ACTIVE
NSB008503,Timothy,Moore,1953-10-01,4,15,Sales Manager,124112.57,BUSINESS,False,LOW,ACTIVE
NSB008504,Rhonda,Reese,1997-09-15,20,2,Consultant,64961.55,BUSINESS,False,MEDIUM,ACTIVE
NSB008505,Annette,Ramirez,1993-05-16,15,10,Engineer,61379.67,INHERITANCE,False,MEDIUM,ACTIVE
NSB008506,Jason,Melendez,1965-01-16,14,18,Sales Manager,65778.71,BUSINESS,False,LOW,ACTIVE
NSB008507,Charles,Morgan,1984-01-28,4,11,Software Engineer,106001.46,INHERITANCE,False,MEDIUM,ACTIVE
NSB008508,Angela,Robinson,1960-08-16,2,14,Business Owner,91056.2,INVESTMENTS,False,MEDIUM,ACTIVE
NSB008509,Robert,Wu,1992-09-12,7,14,Accountant,47188.95,BUSINESS,False,MEDIUM,INACTIVE
NSB008510,Dana,Miller,1966-03-13,4,1,Consultant,45243.48,PENSION,False,LOW,ACTIVE
NSB008511,Tracy,Erickson,2001-02-21,5,4,Nurse,45274.71,INVESTMENTS,False,LOW,ACTIVE
NSB008512,Carolyn,Lewis,1967-06-27,17,12,Lawyer,178382.17,BUSINESS,False,HIGH,INACTIVE
NSB008513,David,Mcgrath,1973-02-14,3,4,Business Owner,153863.17,INVESTMENTS,False,MEDIUM,ACTIVE
NSB008514,Anna,Williams,1948-03-10,12,3,Teacher,59475.9,SALARY,False,LOW,ACTIVE
NSB008515,Sandra,Everett,1989-01-08,19,5,Consultant,49451.66,BUSINESS,False,LOW,ACTIVE
NSB008516,Allison,Morales,1993-05-29,2,6,Accountant,84553.81,INHERITANCE,False,LOW,ACTIVE
NSB008517,Brian,Rivera,1949-08-02,9,13,Nurse,63849.69,SAVINGS,False,LOW,ACTIVE
NSB008518,Joshua,Ortiz,1989-10-12,12,7,Business Owner,185993.73,SAVINGS,False,HIGH,ACTIVE
NSB008519,April,Combs,1966-09-04,2,18,Consultant,83177.99,INHERITANCE,False,LOW,DECEASED
NSB008520,Lindsay,Boyd,1970-12-27,6,7,Nurse,59398.29,INHERITANCE,False,MEDIUM,ACTIVE
NSB008521,Theodore,Nelson,1982-05-04,19,10,Software Engineer,93688.4,INHERITANCE,False,LOW,ACTIVE
NSB008522,Louis,Navarro,1994-07-12,20,16,Doctor,173320.63,INHERITANCE,False,MEDIUM,ACTIVE
NSB008523,Clarence,Saunders,2001-12-05,9,17,Teacher,59124.25,SALARY,False,LOW,ACTIVE
NSB008524,Joshua,Rodriguez,2005-09-15,8,3,Marketing Manager,77958.61,SALARY,False,MEDIUM,DECEASED
NSB008525,Mark,Cruz,1975-08-01,17,17,Teacher,64560.67,INHERITANCE,False,LOW,ACTIVE
NSB008526,Christopher,Spencer,1999-08-31,19,8,Teacher,69545.8,SALARY,False,LOW,ACTIVE
NSB008527,Samantha,Gomez,1995-09-09,14,15,Marketing Manager,61463.11,INVESTMENTS,False,MEDIUM,ACTIVE
NSB008528,Jonathan,Hernandez,1958-09-19,18,18,Data Analyst,72548.14,BUSINESS,False,LOW,ACTIVE
NSB008529,Sharon,Santos,1988-10-02,20,7,Sales Manager,87040.93,INVESTMENTS,False,MEDIUM,ACTIVE
NSB008530,Melissa,Curtis,1990-01-25,11,10,Accountant,80135.82,SAVINGS,False,LOW,ACTIVE
NSB008531,Rachel,Sandoval,1943-06-14,10,10,Data Analyst,97728.58,SALARY,False,LOW,ACTIVE
NSB008532,Rachel,Potter,1991-06-25,7,13,Teacher,46832.96,PENSION,False,MEDIUM,ACTIVE
NSB008533,James,Kelly,1957-02-10,15,2,Marketing Manager,67171.23,INHERITANCE,False,LOW,ACTIVE
NSB008534,Reginald,Mendoza,2006-08-26,2,17,Financial Analyst,86117.81,BUSINESS,False,LOW,ACTIVE
NSB008535,Steven,Montoya,2001-11-18,16,5,Nurse,48964.78,PENSION,False,MEDIUM,ACTIVE
NSB008536,Douglas,Kim,1972-07-11,3,6,Nurse,37874.45,INHERITANCE,False,LOW,ACTIVE
NSB008537,Haley,Perkins,1985-03-16,3,19,Nurse,36220.69,SALARY,False,MEDIUM,ACTIVE
NSB008538,Adrienne,Rios,1942-06-23,3,3,Financial Analyst,117048.3,SAVINGS,False,MEDIUM,DECEASED
NSB008539,Robert,Rivas,1972-10-16,1,19,Software Engineer,97752.1,BUSINESS,False,HIGH,ACTIVE
NSB008540,Carolyn,Freeman,1998-12-24,8,20,Engineer,59617.35,INVESTMENTS,False,LOW,ACTIVE
NSB008541,Roger,Freeman,1977-03-08,12,11,Student,10548.38,INVESTMENTS,False,MEDIUM,ACTIVE
NSB008542,Erica,Deleon,1955-06-09,16,6,Teacher,54103.47,SAVINGS,False,LOW,BLOCKED
NSB008543,Kelly,Leach,1966-03-07,13,8,Teacher,48200.29,PENSION,False,LOW,ACTIVE
NSB008544,Justin,Sandoval,1967-06-22,13,6,Software Engineer,77967.1,SAVINGS,False,LOW,ACTIVE
NSB008545,Ashley,May,1990-10-24,4,4,Financial Analyst,100134.58,SAVINGS,False,MEDIUM,ACTIVE
NSB008546,Amy,Sanchez,1949-10-23,7,12,Data Analyst,54682.8,SAVINGS,False,MEDIUM,ACTIVE
NSB008547,Benjamin,Peterson,1942-11-18,20,20,Teacher,38035.64,INHERITANCE,False,LOW,ACTIVE
NSB008548,Jennifer,Lewis,1993-02-10,15,7,Nurse,32116.51,SAVINGS,False,LOW,ACTIVE
NSB008549,Alan,Powell,1999-01-19,14,3,Sales Manager,43473.88,INVESTMENTS,False,MEDIUM,ACTIVE
NSB008550,Anthony,Harris,1997-10-19,17,14,Architect,86714.31,BUSINESS,False,LOW,ACTIVE
NSB008551,Dillon,Howell,2001-01-01,16,15,Business Owner,242229.19,BUSINESS,False,LOW,ACTIVE
NSB008552,Stephen,Miller,1991-09-15,8,16,Data Analyst,81956.12,BUSINESS,False,LOW,ACTIVE
NSB008553,Christopher,Briggs,1948-02-28,2,17,Nurse,36222.51,SALARY,False,LOW,ACTIVE
NSB008554,Tammy,Ruiz,1947-04-30,12,5,Data Analyst,81082.71,PENSION,False,LOW,ACTIVE
NSB008555,Michael,Jones,1955-06-16,3,5,Data Analyst,86197.53,SALARY,False,LOW,INACTIVE
NSB008556,Calvin,Johnson,1943-10-19,19,16,Data Analyst,55471.88,INVESTMENTS,False,MEDIUM,BLOCKED
NSB008557,Heather,Rodriguez,1998-08-16,17,8,Sales Manager,117665.6,BUSINESS,False,LOW,ACTIVE
NSB008558,Brittany,Russell,1979-07-10,13,20,Sales Manager,63810.16,SAVINGS,False,LOW,ACTIVE
NSB008559,Stacy,Gross,1950-01-23,12,8,Teacher,51131.1,INVESTMENTS,False,MEDIUM,ACTIVE
NSB008560,Victoria,Lee,2002-02-25,4,1,Architect,58307.35,INVESTMENTS,False,LOW,ACTIVE
NSB008561,William,Cooper,1977-02-20,16,12,Accountant,85128.84,PENSION,False,LOW,ACTIVE
NSB008562,Kelly,Stephens,1956-11-06,10,12,Business Owner,32715.4,SALARY,False,HIGH,ACTIVE
NSB008563,Calvin,Perez,1949-09-23,11,2,Doctor,81399.29,SAVINGS,False,LOW,ACTIVE
NSB008564,Jessica,Bell,1984-10-30,20,20,Engineer,74995.17,BUSINESS,False,LOW,ACTIVE
NSB008565,Richard,Myers,1961-02-07,12,20,Accountant,85818.53,INHERITANCE,False,MEDIUM,ACTIVE
NSB008566,Sharon,Cobb,1942-08-19,12,13,Student,29640.04,INHERITANCE,True,CRITICAL,ACTIVE
NSB008567,Ariana,Brandt,1964-06-09,19,8,Data Analyst,40923.36,INHERITANCE,False,LOW,ACTIVE
NSB008568,Henry,Parrish,1981-08-02,3,15,Accountant,64990.41,PENSION,False,LOW,ACTIVE
NSB008569,Rebecca,Russell,1995-08-07,8,15,Data Analyst,74140.17,BUSINESS,False,LOW,ACTIVE
NSB008570,Desiree,Singh,1951-04-16,10,10,Student,26755.37,PENSION,False,LOW,ACTIVE
NSB008571,Jennifer,Frank,1972-08-27,11,9,Engineer,89341.24,PENSION,False,MEDIUM,CLOSED
NSB008572,David,Solomon,1986-12-24,18,6,Engineer,73995.44,PENSION,False,LOW,ACTIVE
NSB008573,Elizabeth,Miller,1942-11-11,4,9,Data Analyst,50840.08,INVESTMENTS,True,CRITICAL,ACTIVE
NSB008574,Natalie,Jones,1968-10-23,10,5,Architect,92480.98,BUSINESS,False,LOW,CLOSED
NSB008575,Michele,Davis,1942-08-07,11,3,Sales Manager,89008.05,PENSION,False,LOW,ACTIVE
NSB008576,Caitlyn,Smith,1951-04-07,10,7,Teacher,67533.2,INHERITANCE,False,LOW,ACTIVE
NSB008577,Melissa,Kennedy,1967-09-04,12,14,Engineer,88511.85,SAVINGS,False,LOW,ACTIVE
NSB008578,Justin,Evans,1958-05-18,15,8,Lawyer,130547.77,SALARY,False,LOW,ACTIVE
NSB008579,James,Reed,1959-06-19,14,13,Lawyer,178871.81,BUSINESS,False,HIGH,ACTIVE
NSB008580,Tara,Simon,1999-07-13,11,4,Nurse,56317.74,INVESTMENTS,False,MEDIUM,ACTIVE
NSB008581,Sharon,Burke,1978-05-27,2,1,Engineer,115028.57,SALARY,False,LOW,ACTIVE
NSB008582,Paul,Bryan,1998-10-20,9,5,Engineer,56822.97,INHERITANCE,False,HIGH,ACTIVE
NSB008583,Heidi,Taylor,1992-09-22,16,1,Financial Analyst,53039.84,PENSION,False,MEDIUM,ACTIVE
NSB008584,Rachael,Williams,1970-08-29,8,9,Doctor,150370.7,INHERITANCE,False,MEDIUM,BLOCKED
NSB008585,William,Taylor,1984-01-26,12,14,Consultant,130120.26,SAVINGS,False,LOW,ACTIVE
NSB008586,Matthew,Taylor,1989-06-06,14,6,Sales Manager,71012.6,SALARY,False,LOW,ACTIVE
NSB008587,Brian,Lopez,1985-10-21,9,16,Accountant,64777.4,BUSINESS,False,MEDIUM,ACTIVE
NSB008588,Justin,Cohen,1971-06-27,3,19,Business Owner,150974.79,SALARY,False,HIGH,ACTIVE
NSB008589,John,Robinson,1992-03-05,13,2,Consultant,102693.33,SAVINGS,False,MEDIUM,ACTIVE
NSB008590,Patrick,Martinez,1955-10-20,4,14,Financial Analyst,84113.2,SALARY,False,HIGH,ACTIVE
NSB008591,Brian,Monroe,1990-01-24,9,19,Doctor,221900.46,PENSION,False,LOW,ACTIVE
NSB008592,Nichole,Pacheco,1947-03-06,20,20,Teacher,37160.01,SAVINGS,False,MEDIUM,ACTIVE
NSB008593,Joseph,Le,1994-10-04,12,18,Nurse,30148.87,SAVINGS,False,LOW,ACTIVE
NSB008594,Isaac,Ramirez,1965-07-04,13,20,Sales Manager,66771.15,SALARY,False,LOW,ACTIVE
NSB008595,Steven,Brewer,1984-08-13,16,7,Nurse,60254.97,SAVINGS,False,LOW,ACTIVE
NSB008596,Robin,Myers,2005-12-22,20,2,Teacher,61682.07,PENSION,False,LOW,ACTIVE
NSB008597,Bobby,Wise,1944-01-30,9,4,Accountant,80857.75,SAVINGS,False,LOW,ACTIVE
NSB008598,John,Braun,1965-04-02,6,13,Architect,91847.49,BUSINESS,False,LOW,ACTIVE
NSB008599,John,Jimenez,1942-03-15,14,10,Lawyer,100100.96,PENSION,False,LOW,ACTIVE
NSB008600,Sylvia,Hartman,1977-06-27,7,3,Lawyer,81359.67,INHERITANCE,False,MEDIUM,ACTIVE
NSB008601,Anthony,Lowery,1975-03-20,19,10,Architect,99028.66,PENSION,False,LOW,ACTIVE
NSB008602,Amanda,Le,1943-04-20,16,2,Consultant,58305.73,BUSINESS,False,MEDIUM,ACTIVE
NSB008603,Tammy,Brown,1960-10-15,1,3,Lawyer,178053.72,SALARY,False,LOW,ACTIVE
NSB008604,Rachel,Lewis,1972-11-16,8,5,Software Engineer,80403.55,SALARY,False,LOW,ACTIVE
NSB008605,Adam,Nielsen,1945-02-19,16,16,Student,33007.97,SAVINGS,False,LOW,ACTIVE
NSB008606,Robert,Salazar,1982-07-05,11,3,Lawyer,108145.63,INHERITANCE,False,MEDIUM,ACTIVE
NSB008607,Wendy,Moreno,1944-02-08,19,1,Sales Manager,110392.56,INVESTMENTS,False,LOW,ACTIVE
NSB008608,Donald,Obrien,1968-06-12,5,13,Marketing Manager,57467.65,SALARY,False,HIGH,ACTIVE
NSB008609,Angela,Hodge,1947-11-27,15,11,Sales Manager,129771.77,INVESTMENTS,False,MEDIUM,ACTIVE
NSB008610,Andrew,Spencer,1949-08-26,6,20,Business Owner,222418.1,SALARY,False,LOW,ACTIVE
NSB008611,Jonathan,Ramirez,2002-05-31,19,17,Financial Analyst,105074.88,SAVINGS,False,LOW,ACTIVE
NSB008612,Kimberly,Lopez,1950-10-22,1,19,Financial Analyst,58096.99,BUSINESS,False,LOW,ACTIVE
NSB008613,Joseph,Armstrong,2001-11-21,18,13,Consultant,125684.37,SAVINGS,False,MEDIUM,ACTIVE
NSB008614,Nicholas,French,1942-07-01,2,6,Data Analyst,61141.48,PENSION,False,LOW,ACTIVE
NSB008615,Rebecca,Smith,1946-11-22,9,17,Software Engineer,93400.35,INVESTMENTS,False,LOW,ACTIVE
NSB008616,Corey,Johnson,1955-08-20,10,3,Engineer,118535.38,INVESTMENTS,False,HIGH,ACTIVE
NSB008617,Courtney,Mayer,1955-08-27,14,13,Sales Manager,90715.42,PENSION,True,CRITICAL,CLOSED
NSB008618,Marissa,Norman,1949-04-17,4,18,Engineer,97417.95,PENSION,False,MEDIUM,BLOCKED
NSB008619,Mary,Thomas,1993-10-14,7,12,Engineer,54787.4,BUSINESS,False,MEDIUM,ACTIVE
NSB008620,Christine,Rodriguez,1973-03-10,7,17,Consultant,108856.51,SAVINGS,False,MEDIUM,ACTIVE
NSB008621,Shelly,Mcbride,1952-08-20,9,16,Sales Manager,94251.77,PENSION,False,LOW,ACTIVE
NSB008622,Shane,Davis,1958-10-23,11,10,Student,34984.71,BUSINESS,False,MEDIUM,ACTIVE
NSB008623,Christina,Hernandez,1977-03-18,18,5,Architect,40517.27,BUSINESS,False,LOW,ACTIVE
NSB008624,Lisa,Brewer,2004-01-04,2,8,Business Owner,206042.62,INVESTMENTS,False,MEDIUM,ACTIVE
NSB008625,Jacqueline,Serrano,1980-06-23,16,14,Sales Manager,91297.51,BUSINESS,False,LOW,ACTIVE
NSB008626,William,Martinez,2000-06-02,16,6,Teacher,47812.86,INVESTMENTS,False,MEDIUM,ACTIVE
NSB008627,Sarah,Jackson,1942-08-11,19,20,Teacher,55252.2,INVESTMENTS,False,MEDIUM,ACTIVE
NSB008628,Rhonda,Carter,1976-02-15,6,17,Financial Analyst,97671.87,INVESTMENTS,False,MEDIUM,ACTIVE
NSB008629,Shawn,Compton,1997-04-24,15,16,Marketing Manager,103050.71,PENSION,False,LOW,ACTIVE
NSB008630,Michelle,Clark,1971-07-01,17,11,Nurse,69553.64,SAVINGS,False,HIGH,ACTIVE
NSB008631,Amanda,Phillips,1988-12-07,15,7,Marketing Manager,114071.28,PENSION,False,LOW,ACTIVE
NSB008632,Nicholas,Alvarez,1944-08-18,7,17,Student,12377.5,INVESTMENTS,False,HIGH,ACTIVE
NSB008633,Shane,Baker,1968-09-18,20,7,Sales Manager,101731.78,INVESTMENTS,False,MEDIUM,ACTIVE
NSB008634,Kylie,Hall,1949-01-07,7,20,Student,34252.29,SALARY,False,LOW,ACTIVE
NSB008635,Rebecca,Morrison,1976-05-15,14,2,Engineer,113369.7,INHERITANCE,False,MEDIUM,ACTIVE
NSB008636,Steven,Ferguson,1978-03-23,3,17,Lawyer,89922.58,INVESTMENTS,False,LOW,ACTIVE
NSB008637,David,Schroeder,1944-09-23,3,5,Software Engineer,48016.28,SAVINGS,False,MEDIUM,ACTIVE
NSB008638,Brendan,Beasley,1975-05-31,9,6,Data Analyst,49365.65,INHERITANCE,False,LOW,ACTIVE
NSB008639,Lisa,Cook,1948-05-03,8,1,Doctor,226074.97,INVESTMENTS,False,LOW,ACTIVE
NSB008640,Mary,Turner,1970-03-23,16,2,Data Analyst,46288.63,SAVINGS,False,MEDIUM,ACTIVE
NSB008641,Joseph,Clark,1984-09-22,2,7,Engineer,79013.09,SAVINGS,False,MEDIUM,ACTIVE
NSB008642,Jonathan,Dorsey,1958-07-11,15,6,Financial Analyst,63649.87,INVESTMENTS,False,LOW,ACTIVE
NSB008643,Michael,Barton,1985-12-20,13,20,Marketing Manager,55542.65,INVESTMENTS,False,HIGH,ACTIVE
NSB008644,Bruce,Pearson,2004-07-29,17,16,Student,22205.86,SALARY,False,MEDIUM,ACTIVE
NSB008645,Barbara,Osborne,1996-02-13,8,5,Doctor,226580.71,SALARY,False,LOW,ACTIVE
NSB008646,Mary,Byrd,1992-07-14,18,12,Lawyer,116422.59,PENSION,False,LOW,ACTIVE
NSB008647,John,Mcdonald,1972-07-03,16,6,Accountant,86149.77,BUSINESS,False,LOW,ACTIVE
NSB008648,Eric,Hernandez,1992-09-18,20,4,Business Owner,259567.14,BUSINESS,False,MEDIUM,ACTIVE
NSB008649,Christopher,Warren,1971-01-04,16,13,Consultant,63132.4,PENSION,False,MEDIUM,ACTIVE
NSB008650,Jessica,Jackson,1955-03-03,4,2,Architect,87101.51,PENSION,False,MEDIUM,ACTIVE
NSB008651,Angela,Flores,1968-10-30,15,3,Teacher,64499.49,SALARY,False,LOW,ACTIVE
NSB008652,Kevin,Davis,1987-06-13,12,17,Business Owner,223971.52,INVESTMENTS,False,LOW,ACTIVE
NSB008653,William,Gomez,2002-03-29,14,6,Marketing Manager,54751.94,SALARY,False,MEDIUM,ACTIVE
NSB008654,Kari,Cooke,1989-09-02,19,14,Nurse,59221.16,INVESTMENTS,False,MEDIUM,ACTIVE
NSB008655,Lucas,Pittman,1991-02-16,9,19,Marketing Manager,81741.71,INHERITANCE,False,MEDIUM,ACTIVE
NSB008656,Hannah,Davis,1996-07-25,11,16,Marketing Manager,84163.76,PENSION,False,HIGH,INACTIVE
NSB008657,Michael,Moreno,1978-03-24,15,13,Data Analyst,87203.18,SAVINGS,False,HIGH,ACTIVE
NSB008658,Javier,Shepherd,1963-11-06,1,19,Sales Manager,97709.47,BUSINESS,False,LOW,ACTIVE
NSB008659,Charles,Hampton,1974-05-04,1,1,Software Engineer,50795.16,BUSINESS,False,MEDIUM,ACTIVE
NSB008660,Lydia,Long,1974-10-27,20,19,Marketing Manager,93270.65,PENSION,False,LOW,ACTIVE
NSB008661,Amy,Salas,1969-02-18,20,17,Nurse,66132.9,INVESTMENTS,False,LOW,INACTIVE
NSB008662,Holly,Morgan,1967-05-04,14,19,Engineer,93824.95,INHERITANCE,False,LOW,ACTIVE
NSB008663,Dennis,Gallegos,1950-09-10,19,15,Teacher,66417.13,BUSINESS,False,MEDIUM,ACTIVE
NSB008664,Brian,Hanna,1966-06-07,10,20,Consultant,94087.99,BUSINESS,False,LOW,ACTIVE
NSB008665,Victoria,Moore,1943-06-16,7,18,Data Analyst,59040.79,BUSINESS,False,MEDIUM,ACTIVE
NSB008666,Melinda,Watkins,1957-05-22,4,9,Data Analyst,82480.08,INHERITANCE,False,LOW,ACTIVE
NSB008667,Jesse,Cook,1984-09-25,11,6,Doctor,105262.66,INHERITANCE,False,LOW,INACTIVE
NSB008668,Jenna,Foley,2001-06-26,13,4,Financial Analyst,108984.35,SALARY,False,LOW,CLOSED
NSB008669,Greg,Moore,1979-01-31,15,17,Architect,89449.71,PENSION,False,LOW,ACTIVE
NSB008670,Christina,Wallace,1953-10-10,9,14,Student,18703.99,BUSINESS,False,LOW,ACTIVE
NSB008671,John,Vega,1961-01-31,12,12,Doctor,78494.25,PENSION,False,MEDIUM,ACTIVE
NSB008672,Melissa,Rodriguez,1981-07-18,7,3,Consultant,102361.31,SALARY,False,LOW,ACTIVE
NSB008673,Devin,White,1964-01-18,13,6,Marketing Manager,48281.94,PENSION,False,MEDIUM,ACTIVE
NSB008674,Brian,Williams,1953-11-23,15,9,Financial Analyst,112517.04,BUSINESS,False,CRITICAL,ACTIVE
NSB008675,Aaron,Young,1957-09-13,4,13,Engineer,107101.53,INVESTMENTS,False,LOW,ACTIVE
NSB008676,Daniel,Bell,2000-11-27,3,6,Architect,97072.0,INHERITANCE,False,MEDIUM,ACTIVE
NSB008677,John,Brown,1974-08-10,18,4,Student,18454.41,INHERITANCE,False,MEDIUM,ACTIVE
NSB008678,Sonia,Smith,1989-12-29,16,6,Lawyer,106003.33,INVESTMENTS,False,LOW,ACTIVE
NSB008679,David,Robles,1975-01-10,9,3,Financial Analyst,115460.1,BUSINESS,False,MEDIUM,ACTIVE
NSB008680,Phillip,Johnson,1994-04-24,20,14,Consultant,109148.45,INVESTMENTS,False,MEDIUM,ACTIVE
NSB008681,Anthony,Burton,1963-01-17,13,4,Doctor,98913.74,INVESTMENTS,False,MEDIUM,ACTIVE
NSB008682,Anthony,Baker,1972-02-03,18,7,Marketing Manager,95791.91,PENSION,False,MEDIUM,ACTIVE
NSB008683,Nathan,Williams,1961-01-15,17,13,Lawyer,84612.5,PENSION,False,LOW,ACTIVE
NSB008684,Sarah,Walker,1959-07-17,14,7,Data Analyst,62149.14,SALARY,False,HIGH,INACTIVE
NSB008685,Annette,Palmer,1991-07-27,17,10,Engineer,92427.85,INVESTMENTS,False,MEDIUM,ACTIVE
NSB008686,Sherry,Martinez,1964-01-21,3,1,Student,10431.4,SALARY,False,MEDIUM,ACTIVE
NSB008687,Jillian,Clarke,1951-02-15,15,14,Financial Analyst,90835.13,PENSION,False,LOW,ACTIVE
NSB008688,Nicolas,Gonzalez,1969-05-15,13,17,Financial Analyst,110585.09,SALARY,False,LOW,ACTIVE
NSB008689,Stephanie,Welch,2001-01-26,1,13,Marketing Manager,77583.23,SALARY,False,LOW,ACTIVE
NSB008690,Sandra,Welch,1988-02-13,9,5,Doctor,132506.62,INHERITANCE,False,LOW,ACTIVE
NSB008691,Ronald,Wu,1967-09-19,12,14,Nurse,45339.98,BUSINESS,False,LOW,ACTIVE
NSB008692,Kathleen,Miller,1993-02-11,17,2,Data Analyst,77238.19,INHERITANCE,False,LOW,ACTIVE
NSB008693,Gregory,Hayes,2003-11-19,15,9,Architect,94496.74,PENSION,False,MEDIUM,ACTIVE
NSB008694,Christopher,Sims,1985-10-10,11,3,Lawyer,127659.28,SALARY,False,CRITICAL,ACTIVE
NSB008695,Danny,Walker,1945-05-06,2,7,Consultant,114132.98,BUSINESS,False,LOW,ACTIVE
NSB008696,Monica,Gomez,1982-01-31,7,16,Student,34830.09,PENSION,False,LOW,INACTIVE
NSB008697,Allison,Nguyen,1991-05-22,1,11,Doctor,140095.73,BUSINESS,False,LOW,ACTIVE
NSB008698,Thomas,Holt,1948-05-15,13,17,Nurse,50537.18,INHERITANCE,False,MEDIUM,ACTIVE
NSB008699,David,Taylor,2001-10-15,3,5,Lawyer,174214.57,INHERITANCE,False,LOW,ACTIVE
NSB008700,Matthew,Mclean,1975-12-18,20,15,Accountant,69231.71,INHERITANCE,False,MEDIUM,ACTIVE
NSB008701,John,Rodriguez,1961-09-08,1,11,Teacher,46583.83,SAVINGS,False,MEDIUM,ACTIVE
NSB008702,Cory,Weber,2001-08-15,18,11,Accountant,71021.32,SALARY,False,LOW,ACTIVE
NSB008703,Todd,Horton,1961-12-25,20,6,Sales Manager,57867.27,BUSINESS,False,LOW,ACTIVE
NSB008704,Rachel,Russell,1983-10-28,8,2,Lawyer,84517.62,SAVINGS,False,MEDIUM,ACTIVE
NSB008705,Jenna,Mills,1951-11-14,20,1,Sales Manager,67228.48,INHERITANCE,False,LOW,ACTIVE
NSB008706,Tina,Kirby,1978-10-08,18,13,Marketing Manager,119476.36,INHERITANCE,False,LOW,ACTIVE
NSB008707,Elizabeth,Coleman,1973-06-13,18,7,Accountant,88090.85,INVESTMENTS,False,LOW,ACTIVE
NSB008708,Gregory,Becker,2000-04-30,12,13,Teacher,63023.43,INVESTMENTS,False,LOW,ACTIVE
NSB008709,Frank,Harris,1957-01-05,15,10,Teacher,60713.6,SAVINGS,False,LOW,ACTIVE
NSB008710,Joseph,Sosa,1955-02-14,14,3,Lawyer,109057.94,BUSINESS,False,LOW,ACTIVE
NSB008711,Gabriel,Maddox,1944-09-29,15,17,Software Engineer,112673.22,SALARY,False,LOW,ACTIVE
NSB008712,Angela,Moore,1949-02-20,5,15,Financial Analyst,103698.32,SALARY,False,LOW,ACTIVE
NSB008713,Robert,Serrano,1950-12-15,16,5,Consultant,81649.03,BUSINESS,False,LOW,ACTIVE
NSB008714,Jonathan,Alvarez,1985-08-21,13,6,Financial Analyst,65060.99,SALARY,False,LOW,ACTIVE
NSB008715,Kristina,Nicholson,1969-06-15,18,4,Data Analyst,89641.51,SAVINGS,False,HIGH,ACTIVE
NSB008716,Shawn,Miller,1990-03-01,15,18,Business Owner,58747.58,BUSINESS,False,LOW,ACTIVE
NSB008717,James,Smith,1972-01-01,20,13,Engineer,59718.8,INHERITANCE,False,LOW,ACTIVE
NSB008718,Heather,Pitts,1947-05-10,5,20,Nurse,41501.9,SALARY,False,HIGH,ACTIVE
NSB008719,Anthony,Smith,1973-03-02,7,9,Data Analyst,65316.29,INVESTMENTS,False,LOW,ACTIVE
NSB008720,Annette,Walker,1967-03-10,4,15,Nurse,63038.35,INHERITANCE,False,LOW,CLOSED
NSB008721,Joshua,Pruitt,1961-01-05,1,9,Doctor,223090.31,INHERITANCE,False,MEDIUM,ACTIVE
NSB008722,Andrew,Wolfe,1999-06-18,12,18,Sales Manager,75826.69,PENSION,False,MEDIUM,ACTIVE
NSB008723,Pamela,Simpson,1980-01-07,5,3,Marketing Manager,100212.89,SALARY,False,MEDIUM,ACTIVE
NSB008724,Marco,Tyler,2003-12-16,8,15,Consultant,46395.99,PENSION,False,LOW,ACTIVE
NSB008725,Randall,Ross,1969-08-16,12,16,Sales Manager,120078.05,BUSINESS,False,MEDIUM,ACTIVE
NSB008726,Donald,Erickson,1950-12-01,10,8,Teacher,40548.99,PENSION,False,MEDIUM,ACTIVE
NSB008727,Tony,Wright,1947-12-21,20,16,Consultant,73093.22,SAVINGS,False,LOW,ACTIVE
NSB008728,Lauren,Mejia,1996-04-29,6,3,Doctor,216194.0,PENSION,False,LOW,ACTIVE
NSB008729,Jennifer,Hess,1986-08-22,7,13,Nurse,60840.86,BUSINESS,False,MEDIUM,ACTIVE
NSB008730,Christina,Jones,1955-07-22,6,4,Lawyer,58914.87,SAVINGS,False,MEDIUM,ACTIVE
NSB008731,Kevin,Weeks,1989-03-05,3,20,Engineer,53463.03,INVESTMENTS,False,LOW,ACTIVE
NSB008732,Derek,Walsh,1993-09-09,2,5,Architect,88578.39,INHERITANCE,False,LOW,ACTIVE
NSB008733,Tonya,Welch,1964-08-12,10,4,Data Analyst,53493.57,SALARY,False,LOW,ACTIVE
NSB008734,Tina,Hines,1942-05-04,20,18,Architect,44005.28,INVESTMENTS,False,LOW,ACTIVE
NSB008735,Jennifer,Brady,1959-07-14,13,11,Student,19804.53,BUSINESS,True,HIGH,ACTIVE
NSB008736,Theodore,Gomez,1966-09-18,3,19,Business Owner,183613.46,INHERITANCE,False,MEDIUM,ACTIVE
NSB008737,Christina,Carter,1982-10-03,9,20,Financial Analyst,89316.46,SAVINGS,False,LOW,ACTIVE
NSB008738,Leslie,Perry,1943-07-19,11,8,Sales Manager,92646.84,INHERITANCE,False,MEDIUM,ACTIVE
NSB008739,Casey,Garcia,1954-05-22,15,12,Business Owner,63080.38,PENSION,False,LOW,ACTIVE
NSB008740,William,Todd,1964-11-22,8,6,Student,32347.93,BUSINESS,False,LOW,INACTIVE
NSB008741,Edward,Hurst,1970-06-13,10,16,Business Owner,34362.04,BUSINESS,False,LOW,ACTIVE
NSB008742,Peter,Wilson,1961-04-24,2,19,Teacher,44351.3,PENSION,False,MEDIUM,ACTIVE
NSB008743,Rebecca,Miller,1976-08-13,20,7,Architect,91100.48,SAVINGS,False,LOW,ACTIVE
NSB008744,Danielle,Little,1985-09-20,20,3,Software Engineer,113814.93,INHERITANCE,False,MEDIUM,ACTIVE
NSB008745,James,Edwards,1958-06-28,3,2,Consultant,72354.84,BUSINESS,False,MEDIUM,ACTIVE
NSB008746,Lisa,Walker,1955-07-28,12,20,Nurse,62199.69,INHERITANCE,False,MEDIUM,ACTIVE
NSB008747,Courtney,Holmes,1994-05-03,20,2,Lawyer,106592.77,SALARY,False,LOW,ACTIVE
NSB008748,Adam,Acosta,1957-04-05,19,1,Lawyer,112455.92,INVESTMENTS,False,LOW,BLOCKED
NSB008749,Christopher,Hall,1953-05-04,16,2,Engineer,119881.63,BUSINESS,False,MEDIUM,ACTIVE
NSB008750,Emily,Villarreal,1984-07-05,14,7,Doctor,169401.47,PENSION,False,MEDIUM,ACTIVE
NSB008751,David,Thompson,1999-08-04,9,2,Accountant,44421.5,PENSION,False,LOW,ACTIVE
NSB008752,Chelsea,Harding,1964-01-18,12,11,Consultant,96692.73,SALARY,False,LOW,ACTIVE
NSB008753,Terri,Thompson,1949-04-06,11,5,Architect,63326.88,PENSION,False,MEDIUM,INACTIVE
NSB008754,Andrew,Griffith,1947-07-18,14,4,Business Owner,225212.71,SALARY,False,LOW,ACTIVE
NSB008755,Cameron,Zhang,2001-01-26,15,17,Teacher,69850.59,INHERITANCE,False,LOW,ACTIVE
NSB008756,Lisa,Quinn,1956-10-01,11,6,Accountant,44670.83,INVESTMENTS,False,LOW,ACTIVE
NSB008757,Dennis,Adams,1970-09-16,1,14,Business Owner,249739.82,BUSINESS,False,LOW,ACTIVE
NSB008758,Jennifer,Pierce,1977-11-16,13,17,Engineer,90860.25,INVESTMENTS,True,HIGH,ACTIVE
NSB008759,Kimberly,Davis,1965-07-19,7,8,Sales Manager,119672.19,INVESTMENTS,False,HIGH,ACTIVE
NSB008760,Ashley,Hanson,1962-07-02,19,5,Financial Analyst,82014.97,INVESTMENTS,False,LOW,ACTIVE
NSB008761,Julie,Smith,1941-01-07,7,19,Consultant,78744.78,SALARY,False,MEDIUM,ACTIVE
NSB008762,Kevin,Smith,1963-02-27,12,12,Architect,53282.58,PENSION,True,HIGH,ACTIVE
NSB008763,Todd,Anderson,1983-12-29,2,5,Software Engineer,56988.84,SAVINGS,False,LOW,ACTIVE
NSB008764,Paul,Davenport,1999-01-04,10,19,Data Analyst,75068.65,SAVINGS,False,MEDIUM,ACTIVE
NSB008765,Sandra,Fletcher,1952-12-31,5,18,Sales Manager,83739.06,SALARY,False,LOW,ACTIVE
NSB008766,Michael,Jackson,1968-03-12,16,2,Teacher,62104.59,BUSINESS,False,LOW,ACTIVE
NSB008767,James,Hall,1958-11-01,9,15,Architect,68352.8,SAVINGS,False,LOW,ACTIVE
NSB008768,Andrew,Smith,1998-04-30,15,7,Data Analyst,89995.27,SAVINGS,False,LOW,ACTIVE
NSB008769,Brittany,Holloway,1942-11-17,2,13,Accountant,47202.36,BUSINESS,False,LOW,ACTIVE
NSB008770,Charles,Macias,1970-04-23,5,9,Student,16015.08,BUSINESS,False,MEDIUM,ACTIVE
NSB008771,Joseph,Blake,2002-05-21,4,5,Student,10884.23,INHERITANCE,False,LOW,ACTIVE
NSB008772,Anna,Rodriguez,2004-09-05,11,20,Engineer,53130.73,PENSION,False,LOW,ACTIVE
NSB008773,Linda,Edwards,1975-02-26,11,13,Marketing Manager,96962.93,INHERITANCE,False,MEDIUM,ACTIVE
NSB008774,William,Miller,1963-05-06,15,5,Teacher,30983.01,SAVINGS,False,LOW,ACTIVE
NSB008775,Bradley,Aguilar,1961-03-06,15,4,Sales Manager,71097.57,INVESTMENTS,False,LOW,ACTIVE
NSB008776,Lynn,Torres,1959-10-19,10,13,Engineer,80787.15,INHERITANCE,False,LOW,ACTIVE
NSB008777,Juan,Adams,1966-11-26,10,5,Consultant,48754.42,INVESTMENTS,False,LOW,ACTIVE
NSB008778,Mariah,Torres,1956-02-28,5,16,Lawyer,98852.69,SALARY,True,MEDIUM,ACTIVE
NSB008779,Robert,Dunn,1982-10-16,8,12,Data Analyst,80361.45,SALARY,False,MEDIUM,INACTIVE
NSB008780,Julia,Allen,1946-11-30,4,11,Lawyer,118374.17,SAVINGS,False,LOW,ACTIVE
NSB008781,Haley,Hernandez,1942-03-08,7,10,Engineer,70233.22,SALARY,False,LOW,ACTIVE
NSB008782,Angela,Williams,1992-07-14,16,11,Accountant,71047.75,PENSION,False,MEDIUM,ACTIVE
NSB008783,Tommy,Baldwin,1990-09-06,8,9,Nurse,30203.65,INVESTMENTS,False,HIGH,ACTIVE
NSB008784,Laura,Ramirez,1968-05-21,14,14,Sales Manager,102060.16,PENSION,False,LOW,ACTIVE
NSB008785,Richard,Wyatt,1964-08-12,2,5,Nurse,58823.71,INVESTMENTS,False,LOW,CLOSED
NSB008786,Michael,Reyes,1972-12-28,14,1,Consultant,118394.11,INHERITANCE,False,MEDIUM,ACTIVE
NSB008787,Austin,Avery,2005-12-01,20,3,Marketing Manager,46172.95,INHERITANCE,False,MEDIUM,ACTIVE
NSB008788,Andrew,Powell,1986-04-13,4,5,Marketing Manager,109614.93,SAVINGS,True,CRITICAL,ACTIVE
NSB008789,Gina,Gordon,1988-01-31,3,4,Lawyer,172693.97,INVESTMENTS,False,MEDIUM,ACTIVE
NSB008790,Laura,Schmitt,1996-02-11,7,4,Marketing Manager,52977.48,SALARY,False,MEDIUM,ACTIVE
NSB008791,Amy,Mckee,1943-12-01,17,20,Marketing Manager,53714.51,BUSINESS,False,LOW,ACTIVE
NSB008792,Joshua,Wells,1991-04-23,10,20,Data Analyst,42196.47,INHERITANCE,False,LOW,ACTIVE
NSB008793,Donald,Robinson,1972-07-18,14,11,Doctor,224982.36,INVESTMENTS,False,LOW,ACTIVE
NSB008794,Scott,Peterson,1992-05-25,2,16,Doctor,113805.97,INHERITANCE,False,LOW,ACTIVE
NSB008795,Sue,Herrera,1992-09-20,8,10,Nurse,44534.06,INHERITANCE,False,MEDIUM,BLOCKED
NSB008796,Paula,Davis,1966-10-09,7,10,Consultant,138948.68,SAVINGS,False,MEDIUM,CLOSED
NSB008797,Oscar,Woods,1977-06-03,17,19,Architect,59216.17,SAVINGS,False,LOW,ACTIVE
NSB008798,Douglas,Tucker,1993-10-17,19,17,Engineer,99502.69,INHERITANCE,False,LOW,INACTIVE
NSB008799,Steven,Brown,1968-11-15,15,2,Lawyer,174424.68,INVESTMENTS,False,LOW,ACTIVE
NSB008800,Tara,Davis,1957-04-08,1,7,Marketing Manager,106628.48,PENSION,False,MEDIUM,ACTIVE
NSB008801,Gregory,Larson,2003-04-30,15,4,Sales Manager,70488.25,BUSINESS,False,LOW,ACTIVE
NSB008802,Anthony,Wells,1981-11-26,6,6,Nurse,67801.02,PENSION,False,MEDIUM,ACTIVE
NSB008803,Patricia,Green,1957-12-24,16,2,Student,15270.74,BUSINESS,False,MEDIUM,ACTIVE
NSB008804,Lacey,Pennington,1971-08-24,14,18,Student,19535.05,SALARY,False,HIGH,ACTIVE
NSB008805,Dawn,Williams,2005-04-04,18,20,Doctor,246249.6,INVESTMENTS,False,MEDIUM,ACTIVE
NSB008806,Austin,Gill,1948-12-23,5,8,Marketing Manager,51056.28,SALARY,False,LOW,ACTIVE
NSB008807,Ryan,Warren,1963-10-09,6,1,Teacher,31040.09,BUSINESS,False,LOW,ACTIVE
NSB008808,Joshua,Bowers,1956-06-05,3,7,Nurse,43879.41,PENSION,False,LOW,ACTIVE
NSB008809,Amber,Suarez,1977-12-12,18,9,Architect,70048.82,SALARY,False,LOW,ACTIVE
NSB008810,Eric,Riley,1990-08-12,19,10,Doctor,234797.41,INHERITANCE,False,LOW,ACTIVE
NSB008811,Adam,Turner,1963-04-18,3,13,Software Engineer,68142.21,SALARY,False,LOW,ACTIVE
NSB008812,Sean,Hinton,1950-12-23,3,17,Accountant,74315.55,INVESTMENTS,False,LOW,ACTIVE
NSB008813,Jason,Johnson,1973-12-23,9,18,Student,9901.71,SALARY,False,LOW,CLOSED
NSB008814,Haley,Hammond,1953-10-20,12,10,Engineer,57319.74,SALARY,False,MEDIUM,ACTIVE
NSB008815,Margaret,Sullivan,1985-06-24,16,17,Student,9665.7,INHERITANCE,False,LOW,ACTIVE
NSB008816,Christy,Davis,1949-11-24,10,18,Sales Manager,101947.18,BUSINESS,False,MEDIUM,CLOSED
NSB008817,Michael,Graves,1996-01-09,12,3,Marketing Manager,80668.62,INVESTMENTS,False,LOW,ACTIVE
NSB008818,Sara,Franklin,1971-08-28,11,2,Nurse,57492.98,SALARY,False,MEDIUM,ACTIVE
NSB008819,David,Mcintyre,1974-10-11,19,14,Student,26346.94,SAVINGS,False,HIGH,INACTIVE
NSB008820,Thomas,Richards,1962-04-20,5,16,Architect,49637.22,PENSION,False,LOW,ACTIVE
NSB008821,Christopher,Reed,1991-11-29,8,14,Marketing Manager,80043.13,INHERITANCE,False,MEDIUM,ACTIVE
NSB008822,Melissa,Anderson,1971-10-06,18,17,Sales Manager,102397.2,INHERITANCE,False,LOW,ACTIVE
NSB008823,Kristi,Johnson,1974-06-03,19,19,Software Engineer,110991.75,SALARY,False,MEDIUM,ACTIVE
NSB008824,Paula,Diaz,1949-12-30,7,6,Marketing Manager,88248.63,PENSION,False,MEDIUM,ACTIVE
NSB008825,Kelly,Wood,1966-04-05,14,7,Architect,48867.3,BUSINESS,False,LOW,ACTIVE
NSB008826,Bonnie,Sullivan,1963-07-03,6,5,Accountant,51522.46,INVESTMENTS,False,MEDIUM,ACTIVE
NSB008827,Michael,Chan,1993-08-10,10,13,Financial Analyst,78701.15,PENSION,False,HIGH,ACTIVE
NSB008828,Stephen,Schmidt,1989-11-16,6,12,Data Analyst,51808.22,PENSION,False,MEDIUM,INACTIVE
NSB008829,Elizabeth,Oconnor,1982-01-11,7,7,Nurse,30617.79,SALARY,False,MEDIUM,ACTIVE
NSB008830,Christy,Wilson,1964-06-18,8,12,Consultant,60136.42,SALARY,False,LOW,ACTIVE
NSB008831,Michael,Hill,1958-02-17,4,2,Doctor,210816.48,BUSINESS,False,MEDIUM,ACTIVE
NSB008832,Jeanne,Wood,1962-10-26,18,11,Software Engineer,119668.81,SAVINGS,False,LOW,ACTIVE
NSB008833,Kimberly,Hernandez,1979-08-07,7,18,Marketing Manager,46045.16,BUSINESS,False,MEDIUM,ACTIVE
NSB008834,Jesse,Allen,1957-01-23,20,11,Architect,81060.16,INVESTMENTS,False,LOW,ACTIVE
NSB008835,Juan,Morales,1975-12-29,13,18,Accountant,63583.33,SALARY,False,MEDIUM,ACTIVE
NSB008836,Sierra,Perez,1994-06-09,10,2,Marketing Manager,101630.44,PENSION,False,LOW,ACTIVE
NSB008837,Jessica,Bauer,1967-03-08,4,1,Nurse,40132.23,SALARY,False,LOW,ACTIVE
NSB008838,Sara,Schroeder,1948-11-23,5,2,Business Owner,39840.72,BUSINESS,False,MEDIUM,ACTIVE
NSB008839,Christina,Murphy,1998-03-29,17,5,Accountant,53262.05,BUSINESS,False,LOW,ACTIVE
NSB008840,Bobby,Hughes,2003-02-16,11,4,Sales Manager,60114.13,INVESTMENTS,False,MEDIUM,ACTIVE
NSB008841,Jessica,Garrett,1971-03-01,16,19,Doctor,94421.15,INVESTMENTS,False,LOW,ACTIVE
NSB008842,Heather,Myers,1985-07-09,19,12,Doctor,136556.15,INVESTMENTS,False,LOW,ACTIVE
NSB008843,Craig,Glass,1965-08-24,2,20,Data Analyst,80928.51,INVESTMENTS,False,MEDIUM,ACTIVE
NSB008844,Joshua,Heath,1995-04-26,2,1,Student,9845.4,PENSION,False,LOW,ACTIVE
NSB008845,Christopher,Nichols,1988-05-31,2,8,Marketing Manager,72875.95,SALARY,False,LOW,ACTIVE
NSB008846,Jessica,Gonzales,1999-11-22,2,12,Financial Analyst,77052.46,INVESTMENTS,True,MEDIUM,ACTIVE
NSB008847,Adam,Wagner,1950-11-11,11,15,Consultant,143821.28,SALARY,False,LOW,BLOCKED
NSB008848,Lonnie,Flores,1989-07-23,1,8,Consultant,131659.62,SALARY,False,MEDIUM,ACTIVE
NSB008849,Heather,Kim,1944-10-26,17,7,Software Engineer,63848.9,INVESTMENTS,False,MEDIUM,ACTIVE
NSB008850,Renee,Richards,2005-11-28,14,12,Marketing Manager,83689.86,BUSINESS,False,LOW,ACTIVE
NSB008851,Jessica,Palmer,1983-01-18,3,4,Accountant,67408.0,INHERITANCE,False,MEDIUM,ACTIVE
NSB008852,Lisa,Trujillo,1944-09-16,14,7,Consultant,117916.85,BUSINESS,False,MEDIUM,ACTIVE
NSB008853,Susan,Reese,1946-01-16,4,7,Data Analyst,56389.1,INVESTMENTS,False,HIGH,ACTIVE
NSB008854,Denise,Williams,1977-01-13,10,16,Architect,97901.97,SAVINGS,False,MEDIUM,ACTIVE
NSB008855,Kelly,Mendez,1975-01-25,7,12,Financial Analyst,66251.25,PENSION,False,HIGH,ACTIVE
NSB008856,Jamie,Jenkins,2003-11-12,13,8,Engineer,79731.1,INVESTMENTS,False,LOW,ACTIVE
NSB008857,Madeline,Wright,1956-02-23,11,19,Architect,55897.62,INHERITANCE,False,LOW,ACTIVE
NSB008858,Jeffrey,Castro,1942-02-07,19,20,Architect,50694.47,INVESTMENTS,False,LOW,ACTIVE
NSB008859,Mason,Thompson,1966-10-07,13,6,Marketing Manager,110921.71,INVESTMENTS,False,HIGH,ACTIVE
NSB008860,Luis,Le,1975-04-02,18,14,Data Analyst,75766.44,BUSINESS,False,MEDIUM,INACTIVE
NSB008861,Martin,White,1966-11-05,8,17,Financial Analyst,67536.55,INHERITANCE,False,MEDIUM,ACTIVE
NSB008862,Corey,Kline,1950-08-24,12,10,Architect,61401.0,SAVINGS,False,MEDIUM,ACTIVE
NSB008863,Faith,Cooper,1945-02-17,18,9,Doctor,214760.96,INHERITANCE,False,LOW,ACTIVE
NSB008864,Jacob,Kelly,1991-02-25,10,18,Lawyer,103192.2,SAVINGS,False,LOW,ACTIVE
NSB008865,Linda,Francis,1997-05-03,5,13,Lawyer,152555.89,SAVINGS,False,LOW,ACTIVE
NSB008866,Steven,Shaffer,1991-10-10,18,1,Teacher,64468.12,PENSION,False,MEDIUM,ACTIVE
NSB008867,Denise,Bishop,2004-07-28,19,19,Engineer,68928.91,BUSINESS,False,LOW,ACTIVE
NSB008868,Nicole,Bowen,1960-06-23,9,2,Consultant,119673.59,PENSION,False,LOW,INACTIVE
NSB008869,Brian,Pitts,1943-09-24,6,17,Student,6765.48,INHERITANCE,False,LOW,ACTIVE
NSB008870,Tanner,Dorsey,1995-11-09,17,4,Lawyer,121828.85,INVESTMENTS,False,MEDIUM,ACTIVE
NSB008871,Nicholas,Williams,1951-01-04,8,11,Marketing Manager,104522.03,INHERITANCE,False,MEDIUM,ACTIVE
NSB008872,David,Bishop,1982-12-30,7,10,Accountant,60685.97,SAVINGS,False,LOW,ACTIVE
NSB008873,Cheryl,Matthews,1984-10-13,13,15,Doctor,93931.49,INHERITANCE,False,LOW,ACTIVE
NSB008874,Yvonne,Figueroa,1976-03-25,5,8,Doctor,173917.98,INVESTMENTS,False,LOW,ACTIVE
NSB008875,Alexander,Camacho,1959-03-26,16,14,Accountant,44046.2,INHERITANCE,False,LOW,INACTIVE
NSB008876,Antonio,Brown,1965-01-10,6,13,Doctor,132575.74,BUSINESS,False,MEDIUM,ACTIVE
NSB008877,William,Ford,1961-03-15,15,20,Accountant,72106.75,BUSINESS,False,MEDIUM,ACTIVE
NSB008878,John,Wright,1959-05-29,1,12,Engineer,67306.43,INHERITANCE,False,LOW,ACTIVE
NSB008879,Linda,Arellano,1981-12-07,2,17,Consultant,103465.31,SALARY,False,HIGH,ACTIVE
NSB008880,Margaret,Welch,1976-11-06,19,12,Business Owner,35229.35,PENSION,False,LOW,BLOCKED
NSB008881,Ricky,Erickson,1955-08-19,19,8,Engineer,82502.67,SAVINGS,False,LOW,ACTIVE
NSB008882,Teresa,Johnson,1974-05-12,9,17,Student,32613.78,PENSION,False,LOW,ACTIVE
NSB008883,Phyllis,Flores,1985-03-31,6,14,Nurse,57392.42,INVESTMENTS,False,LOW,ACTIVE
NSB008884,Devon,Anderson,1965-10-06,7,19,Engineer,59597.55,INHERITANCE,False,MEDIUM,ACTIVE
NSB008885,Heather,Harris,2006-07-22,13,19,Consultant,57851.27,INVESTMENTS,False,LOW,ACTIVE
NSB008886,David,Sanford,2006-02-03,15,20,Business Owner,278807.58,INHERITANCE,False,LOW,ACTIVE
NSB008887,Jason,Hunt,1984-09-24,8,15,Engineer,65857.15,INVESTMENTS,False,LOW,ACTIVE
NSB008888,Tina,Lowe,1985-05-29,3,1,Consultant,127452.06,INHERITANCE,False,LOW,ACTIVE
NSB008889,Justin,Huff,2003-01-01,15,12,Engineer,110548.67,SAVINGS,False,LOW,ACTIVE
NSB008890,Stephen,Nguyen,1998-01-19,12,15,Consultant,67880.39,SALARY,False,MEDIUM,ACTIVE
NSB008891,Lisa,Gomez,1957-10-30,10,4,Nurse,52215.06,INHERITANCE,False,LOW,ACTIVE
NSB008892,Nicole,Jackson,1987-04-17,16,15,Accountant,45670.79,INHERITANCE,False,MEDIUM,ACTIVE
NSB008893,Nicole,Terry,1956-06-16,4,14,Data Analyst,40522.56,INVESTMENTS,False,LOW,ACTIVE
NSB008894,Matthew,Gonzalez,1965-05-14,19,4,Architect,81465.38,INVESTMENTS,False,LOW,ACTIVE
NSB008895,Derrick,Brown,1999-10-10,9,14,Software Engineer,99665.61,BUSINESS,False,LOW,ACTIVE
NSB008896,Leslie,Jones,2000-06-04,10,2,Software Engineer,96544.04,INVESTMENTS,False,LOW,ACTIVE
NSB008897,Kara,Moore,1977-09-17,1,17,Consultant,135919.26,INVESTMENTS,False,LOW,ACTIVE
NSB008898,Brian,Carter,1985-01-14,19,10,Engineer,52924.23,INVESTMENTS,False,HIGH,ACTIVE
NSB008899,Jeff,Choi,1951-10-02,18,10,Consultant,134214.2,SALARY,False,MEDIUM,ACTIVE
NSB008900,Thomas,White,1978-11-30,9,19,Accountant,48443.66,INHERITANCE,False,LOW,ACTIVE
NSB008901,Christopher,Barrera,1983-07-23,19,20,Doctor,115979.65,PENSION,False,MEDIUM,ACTIVE
NSB008902,Sean,Ramirez,1990-11-24,11,7,Lawyer,146386.41,BUSINESS,False,LOW,ACTIVE
NSB008903,Lisa,Smith,1983-07-01,5,3,Business Owner,84387.82,SAVINGS,False,LOW,ACTIVE
NSB008904,Kelly,Donovan,1955-02-17,20,13,Lawyer,85154.19,INVESTMENTS,False,LOW,ACTIVE
NSB008905,Debra,Young,1982-01-10,10,5,Sales Manager,97529.4,SAVINGS,False,MEDIUM,INACTIVE
NSB008906,Kyle,Rowe,2003-01-23,6,5,Teacher,58890.62,INHERITANCE,False,LOW,ACTIVE
NSB008907,George,Drake,1944-07-22,14,20,Data Analyst,59324.6,INVESTMENTS,False,LOW,CLOSED
NSB008908,Linda,Crawford,1981-11-02,18,8,Lawyer,158211.66,PENSION,False,MEDIUM,INACTIVE
NSB008909,Megan,Pham,1991-03-22,13,15,Data Analyst,75051.13,INVESTMENTS,False,LOW,INACTIVE
NSB008910,Kevin,Smith,1997-09-02,11,18,Architect,76203.43,INHERITANCE,False,LOW,ACTIVE
NSB008911,Timothy,Hall,2005-01-13,20,6,Accountant,87053.65,SAVINGS,False,LOW,ACTIVE
NSB008912,Justin,Lopez,2001-10-04,4,8,Sales Manager,45442.37,SALARY,False,CRITICAL,ACTIVE
NSB008913,Cynthia,Ortiz,1950-11-12,18,13,Teacher,49845.49,BUSINESS,False,MEDIUM,ACTIVE
NSB008914,Michael,Waters,2004-09-05,13,20,Teacher,65979.98,SAVINGS,False,LOW,ACTIVE
NSB008915,Kimberly,Serrano,1977-05-26,11,5,Lawyer,111250.57,BUSINESS,False,LOW,CLOSED
NSB008916,Victoria,Nelson,1951-06-19,11,18,Doctor,126009.91,BUSINESS,False,LOW,ACTIVE
NSB008917,Sara,Walls,1942-11-11,7,12,Software Engineer,74099.54,SALARY,False,MEDIUM,ACTIVE
NSB008918,Christopher,Garrett,1957-08-11,5,15,Student,31598.0,SALARY,False,LOW,ACTIVE
NSB008919,Jacob,Ritter,1974-12-31,16,3,Business Owner,195105.56,INVESTMENTS,False,MEDIUM,ACTIVE
NSB008920,Rebecca,Jimenez,1944-11-09,1,2,Doctor,91649.58,INVESTMENTS,False,LOW,ACTIVE
NSB008921,Arthur,Williams,1947-01-29,20,15,Student,18816.96,SALARY,False,LOW,ACTIVE
NSB008922,Tina,Mckenzie,1969-05-11,18,2,Business Owner,298355.67,PENSION,False,LOW,ACTIVE
NSB008923,Beverly,Anderson,1962-12-08,8,3,Data Analyst,62472.7,SAVINGS,False,LOW,ACTIVE
NSB008924,Sarah,Smith,1943-07-18,4,7,Lawyer,139764.41,SAVINGS,False,LOW,ACTIVE
NSB008925,Joshua,Meyer,1959-07-24,3,1,Student,9540.65,PENSION,False,LOW,ACTIVE
NSB008926,Ashley,May,1974-11-25,1,7,Engineer,66494.86,SALARY,False,LOW,ACTIVE
NSB008927,Paul,Watkins,1967-06-02,12,20,Financial Analyst,90656.87,PENSION,False,MEDIUM,ACTIVE
NSB008928,Wanda,Gonzalez,1953-08-30,20,1,Financial Analyst,64090.13,INVESTMENTS,False,MEDIUM,ACTIVE
NSB008929,Theodore,Sanchez,1949-01-14,5,1,Business Owner,270891.62,INVESTMENTS,False,LOW,ACTIVE
NSB008930,Adam,Spencer,1993-07-10,14,20,Architect,51294.48,INHERITANCE,False,LOW,INACTIVE
NSB008931,Janice,Black,1995-03-03,18,17,Accountant,59731.79,BUSINESS,False,LOW,ACTIVE
NSB008932,Linda,Guzman,1979-06-07,3,8,Lawyer,76270.87,INHERITANCE,False,LOW,INACTIVE
NSB008933,Gabriel,Alexander,1941-05-27,4,9,Financial Analyst,86137.52,SAVINGS,False,MEDIUM,ACTIVE
NSB008934,David,Grant,1955-04-28,17,14,Financial Analyst,82262.1,SAVINGS,False,LOW,ACTIVE
NSB008935,Leslie,Mckenzie,2002-07-18,5,19,Lawyer,95211.13,PENSION,False,MEDIUM,BLOCKED
NSB008936,Jane,Koch,1972-07-30,7,18,Teacher,59607.03,INHERITANCE,False,MEDIUM,ACTIVE
NSB008937,Benjamin,Hill,1981-10-05,15,3,Teacher,50596.27,SALARY,False,MEDIUM,ACTIVE
NSB008938,Richard,Carter,1951-01-14,16,7,Consultant,56651.04,SAVINGS,False,MEDIUM,ACTIVE
NSB008939,Julie,Lopez,1958-12-29,18,1,Consultant,85365.4,BUSINESS,False,MEDIUM,INACTIVE
NSB008940,Ronald,Murray,1992-08-18,4,4,Engineer,83026.44,PENSION,False,MEDIUM,ACTIVE
NSB008941,Marilyn,Henry,1995-05-20,8,4,Financial Analyst,111219.16,PENSION,False,HIGH,ACTIVE
NSB008942,Matthew,Berry,1996-10-04,11,10,Business Owner,258797.26,INHERITANCE,False,MEDIUM,ACTIVE
NSB008943,Stephanie,Barr,1973-12-25,8,16,Data Analyst,75951.4,BUSINESS,False,MEDIUM,ACTIVE
NSB008944,Cole,Lewis,1991-10-28,2,20,Lawyer,153439.28,BUSINESS,False,LOW,ACTIVE
NSB008945,Karen,Chang,1967-06-09,17,2,Engineer,82797.68,SAVINGS,False,MEDIUM,ACTIVE
NSB008946,Charles,Vega,1960-11-06,9,7,Consultant,86838.64,INHERITANCE,False,LOW,ACTIVE
NSB008947,Angela,Baker,1985-04-23,1,16,Student,26253.82,SALARY,False,LOW,ACTIVE
NSB008948,Adam,Bowman,1955-07-24,18,9,Student,8658.01,SALARY,False,MEDIUM,ACTIVE
NSB008949,Anita,White,1983-10-04,12,17,Student,5044.45,BUSINESS,False,MEDIUM,ACTIVE
NSB008950,Jessica,Christensen,1992-07-01,3,18,Lawyer,77290.98,PENSION,False,MEDIUM,ACTIVE
NSB008951,Laurie,Miller,1996-10-05,1,7,Engineer,46298.83,INHERITANCE,False,LOW,ACTIVE
NSB008952,Chelsea,Banks,1950-06-17,8,10,Software Engineer,71913.38,PENSION,False,MEDIUM,ACTIVE
NSB008953,Michelle,Sullivan,2004-09-19,11,1,Lawyer,82499.46,INHERITANCE,False,LOW,ACTIVE
NSB008954,Thomas,Taylor,1974-08-07,4,1,Lawyer,81622.35,SAVINGS,False,LOW,ACTIVE
NSB008955,Ricky,Smith,1980-05-29,2,6,Engineer,58188.71,SALARY,False,LOW,ACTIVE
NSB008956,Amber,Hall,2004-07-17,17,11,Lawyer,78108.32,SALARY,False,MEDIUM,ACTIVE
NSB008957,Thomas,Graham,1985-07-24,14,11,Sales Manager,86326.91,SALARY,False,HIGH,ACTIVE
NSB008958,Steve,Ball,1952-08-18,20,16,Data Analyst,92833.02,INHERITANCE,False,LOW,ACTIVE
NSB008959,Calvin,Hamilton,1984-02-25,12,9,Software Engineer,61113.9,BUSINESS,False,HIGH,ACTIVE
NSB008960,Elizabeth,Gonzalez,1965-02-11,20,14,Accountant,57688.53,SAVINGS,False,MEDIUM,ACTIVE
NSB008961,David,Bailey,1991-11-24,11,16,Nurse,64501.3,SAVINGS,False,HIGH,ACTIVE
NSB008962,Jessica,Jones,1947-02-28,20,15,Doctor,106322.75,INHERITANCE,False,MEDIUM,ACTIVE
NSB008963,Tiffany,Shields,1955-02-21,15,10,Teacher,39054.02,SAVINGS,False,LOW,ACTIVE
NSB008964,Bianca,Green,1973-08-08,18,5,Marketing Manager,63044.13,INVESTMENTS,False,LOW,ACTIVE
NSB008965,Stephen,Beltran,1952-08-19,4,8,Financial Analyst,92889.97,INHERITANCE,False,HIGH,ACTIVE
NSB008966,Brittany,Russell,1966-07-29,4,12,Financial Analyst,70229.31,INHERITANCE,False,HIGH,ACTIVE
NSB008967,Andrea,Adams,1944-12-19,6,6,Accountant,69866.61,BUSINESS,False,LOW,ACTIVE
NSB008968,Jeremy,Moore,1959-09-09,4,9,Financial Analyst,99327.72,INHERITANCE,False,MEDIUM,ACTIVE
NSB008969,Phillip,Green,1963-01-30,10,3,Sales Manager,46448.58,PENSION,False,MEDIUM,ACTIVE
NSB008970,Nicholas,Bauer,1979-07-23,7,20,Doctor,72579.97,PENSION,False,LOW,ACTIVE
NSB008971,John,Blackburn,1944-01-15,1,9,Consultant,102869.45,INHERITANCE,False,MEDIUM,CLOSED
NSB008972,Kathleen,Santos,1991-11-13,8,9,Software Engineer,105218.23,INHERITANCE,False,LOW,ACTIVE
NSB008973,Holly,Pittman,1978-01-31,14,6,Software Engineer,86190.49,SAVINGS,False,LOW,ACTIVE
NSB008974,Morgan,Mcgee,1965-03-29,10,1,Engineer,101107.43,INHERITANCE,False,LOW,ACTIVE
NSB008975,Brian,Young,1981-04-04,2,8,Business Owner,293351.79,INVESTMENTS,False,MEDIUM,ACTIVE
NSB008976,Andrew,Gonzalez,1981-01-27,18,18,Nurse,37739.45,INVESTMENTS,False,LOW,ACTIVE
NSB008977,Glenn,Bell,1949-10-25,9,9,Marketing Manager,50313.93,INHERITANCE,False,LOW,ACTIVE
NSB008978,John,Vargas,1986-02-27,18,11,Nurse,33703.3,INVESTMENTS,False,LOW,ACTIVE
NSB008979,Bonnie,Donovan,1989-12-29,11,1,Consultant,53306.0,PENSION,False,LOW,ACTIVE
NSB008980,Christopher,Lee,1944-08-30,15,18,Teacher,37125.59,SALARY,False,LOW,ACTIVE
NSB008981,Frances,King,1973-02-09,10,9,Marketing Manager,71487.8,SAVINGS,False,MEDIUM,ACTIVE
NSB008982,Kelly,Evans,1993-01-23,19,5,Consultant,124376.9,INHERITANCE,False,MEDIUM,ACTIVE
NSB008983,Shelby,Walker,1979-02-22,4,12,Marketing Manager,60014.85,SALARY,False,LOW,ACTIVE
NSB008984,Mary,Flores,1972-04-11,10,9,Sales Manager,118595.19,BUSINESS,False,LOW,ACTIVE
NSB008985,Nicholas,Cruz,1965-11-19,12,20,Architect,55237.04,SAVINGS,False,LOW,ACTIVE
NSB008986,Jason,Turner,1988-02-11,10,14,Engineer,82880.12,INVESTMENTS,False,MEDIUM,BLOCKED
NSB008987,Steven,Peterson,1957-09-03,13,6,Engineer,51488.45,SAVINGS,False,LOW,ACTIVE
NSB008988,Mary,Wall,1978-12-03,8,11,Architect,99684.02,INVESTMENTS,False,CRITICAL,ACTIVE
NSB008989,Lori,Munoz,1960-02-17,15,17,Accountant,45136.68,INVESTMENTS,False,LOW,ACTIVE
NSB008990,Donald,Pineda,1958-03-22,19,5,Consultant,103922.52,BUSINESS,False,MEDIUM,ACTIVE
NSB008991,Zachary,Rivera,1977-05-08,16,5,Lawyer,75103.77,INVESTMENTS,False,LOW,ACTIVE
NSB008992,Daniel,Holland,1983-08-26,9,16,Doctor,75446.63,BUSINESS,False,LOW,INACTIVE
NSB008993,Jesse,Marquez,2000-04-12,1,12,Marketing Manager,50991.59,INVESTMENTS,False,LOW,ACTIVE
NSB008994,Blake,Wiley,1979-05-31,11,17,Accountant,71181.88,SAVINGS,False,LOW,ACTIVE
NSB008995,Amber,Friedman,1999-06-27,13,17,Teacher,34985.92,BUSINESS,True,HIGH,ACTIVE
NSB008996,Gregory,Evans,1953-12-10,20,5,Student,25074.19,PENSION,False,LOW,ACTIVE
NSB008997,Kimberly,Davis,1985-12-30,5,6,Architect,69952.46,BUSINESS,False,LOW,ACTIVE
NSB008998,Eric,Massey,1961-05-19,7,5,Data Analyst,82353.29,SALARY,False,LOW,ACTIVE
NSB008999,Matthew,Wood,2003-11-26,16,6,Business Owner,296382.49,SAVINGS,False,LOW,ACTIVE
NSB009000,Rodney,Hopkins,1982-01-06,14,11,Software Engineer,86984.64,INHERITANCE,False,LOW,ACTIVE
NSB009001,Erin,Espinoza,1974-07-18,18,1,Software Engineer,67095.97,INHERITANCE,False,MEDIUM,ACTIVE
NSB009002,Jessica,Petersen,1986-06-29,10,6,Marketing Manager,85441.18,INHERITANCE,False,LOW,ACTIVE
NSB009003,Kyle,Wallace,1991-06-03,15,3,Consultant,122307.77,INHERITANCE,False,LOW,ACTIVE
NSB009004,Eric,Clark,1989-05-30,13,17,Doctor,220617.84,BUSINESS,True,CRITICAL,ACTIVE
NSB009005,Zachary,Mckee,1944-10-28,1,15,Data Analyst,43763.61,SAVINGS,False,MEDIUM,ACTIVE
NSB009006,James,Taylor,2003-01-08,14,3,Doctor,124044.18,SAVINGS,False,LOW,ACTIVE
NSB009007,Virginia,Sexton,1942-03-28,7,20,Student,8593.39,SAVINGS,False,LOW,ACTIVE
NSB009008,April,Fuller,1984-05-07,5,15,Consultant,64031.2,SALARY,False,CRITICAL,ACTIVE
NSB009009,Charles,Martin,2001-09-01,2,16,Data Analyst,81981.8,INHERITANCE,False,MEDIUM,ACTIVE
NSB009010,Joshua,Reyes,1980-04-17,6,4,Sales Manager,67811.25,INHERITANCE,False,MEDIUM,ACTIVE
NSB009011,Paul,Hansen,1974-12-31,13,11,Accountant,37069.08,PENSION,False,HIGH,ACTIVE
NSB009012,Sarah,Quinn,1955-02-03,15,12,Financial Analyst,89012.61,PENSION,False,MEDIUM,ACTIVE
NSB009013,Angela,Smith,1995-09-22,12,20,Engineer,49696.78,INHERITANCE,False,LOW,ACTIVE
NSB009014,Phillip,Schneider,1990-08-17,10,15,Nurse,48947.95,INVESTMENTS,False,LOW,ACTIVE
NSB009015,Kyle,Murillo,1960-08-25,4,16,Data Analyst,82825.76,PENSION,False,LOW,ACTIVE
NSB009016,Leslie,Gibson,1957-12-31,15,15,Consultant,130404.96,INVESTMENTS,False,LOW,INACTIVE
NSB009017,Robert,Powell,1967-01-04,20,3,Architect,78472.82,PENSION,False,LOW,ACTIVE
NSB009018,James,Sanchez,1978-08-17,14,5,Nurse,35003.24,PENSION,False,LOW,ACTIVE
NSB009019,Samantha,Hart,1989-11-05,11,10,Marketing Manager,105804.12,BUSINESS,False,MEDIUM,ACTIVE
NSB009020,Susan,Vega,1967-02-02,11,7,Data Analyst,99225.05,SALARY,False,MEDIUM,ACTIVE
NSB009021,Brian,Brown,1952-08-14,13,17,Software Engineer,86857.81,SAVINGS,False,LOW,INACTIVE
NSB009022,Kristi,Lopez,1946-01-08,5,13,Sales Manager,64883.14,INHERITANCE,False,HIGH,ACTIVE
NSB009023,Ashley,Hall,1962-09-28,5,17,Architect,82374.19,PENSION,False,LOW,ACTIVE
NSB009024,Kimberly,Harrison,1962-07-12,3,7,Sales Manager,57516.2,INVESTMENTS,False,LOW,ACTIVE
NSB009025,Kathleen,Henderson,1958-10-06,18,12,Nurse,64285.6,PENSION,False,MEDIUM,ACTIVE
NSB009026,Caitlin,Ramos,1987-03-11,4,19,Student,14946.97,SAVINGS,False,LOW,ACTIVE
NSB009027,Jason,Silva,1956-07-11,8,10,Accountant,42583.86,PENSION,False,LOW,ACTIVE
NSB009028,Tracie,Kelly,1956-09-13,20,2,Sales Manager,126720.2,BUSINESS,False,LOW,ACTIVE
NSB009029,Lisa,Rubio,1942-11-06,10,1,Lawyer,87856.05,INHERITANCE,False,HIGH,ACTIVE
NSB009030,Tammy,Williams,1978-04-27,10,15,Teacher,47984.76,BUSINESS,False,LOW,ACTIVE
NSB009031,Cody,Bryant,1980-02-13,17,3,Financial Analyst,85334.99,SALARY,False,MEDIUM,ACTIVE
NSB009032,Harold,Bean,1984-07-19,16,8,Accountant,52106.94,INVESTMENTS,False,LOW,ACTIVE
NSB009033,Elizabeth,Payne,1968-05-26,8,19,Business Owner,121746.25,SAVINGS,False,LOW,ACTIVE
NSB009034,Penny,Allen,1993-07-21,4,4,Student,28840.22,SALARY,False,LOW,ACTIVE
NSB009035,Seth,Tucker,1968-05-26,11,12,Lawyer,167013.84,INVESTMENTS,False,MEDIUM,ACTIVE
NSB009036,Elizabeth,Myers,2000-09-03,12,6,Lawyer,74636.73,BUSINESS,False,MEDIUM,ACTIVE
NSB009037,John,Gray,1971-12-07,5,8,Accountant,66367.18,SAVINGS,False,LOW,ACTIVE
NSB009038,Caroline,Lowe,1977-04-28,5,15,Lawyer,84533.8,INVESTMENTS,False,LOW,ACTIVE
NSB009039,Johnny,Dixon,1957-06-15,14,16,Data Analyst,69892.83,PENSION,False,LOW,ACTIVE
NSB009040,Brian,Hernandez,1995-01-21,17,17,Financial Analyst,108614.84,INVESTMENTS,False,LOW,ACTIVE
NSB009041,Marcus,Carrillo,1948-07-30,9,5,Financial Analyst,91402.78,INHERITANCE,False,LOW,ACTIVE
NSB009042,Julie,Watson,1955-06-14,11,7,Financial Analyst,111785.46,SAVINGS,False,LOW,CLOSED
NSB009043,Colleen,Gonzalez,1948-07-27,13,2,Business Owner,224964.73,SALARY,False,LOW,CLOSED
NSB009044,Angelica,Davis,1959-09-25,17,3,Data Analyst,90952.79,SALARY,False,LOW,ACTIVE
NSB009045,Danielle,Turner,1988-01-12,4,9,Student,11223.87,SAVINGS,False,MEDIUM,ACTIVE
NSB009046,Christopher,Martinez,1963-08-19,11,19,Doctor,227516.59,BUSINESS,False,LOW,ACTIVE
NSB009047,Rebecca,Carr,1960-12-24,4,20,Data Analyst,84746.28,BUSINESS,False,LOW,ACTIVE
NSB009048,William,Anderson,2005-07-28,2,7,Student,27337.53,SALARY,False,HIGH,ACTIVE
NSB009049,Karina,Greene,1947-05-08,10,6,Accountant,45060.72,BUSINESS,False,LOW,ACTIVE
NSB009050,Debra,Vaughan,1987-07-14,13,3,Software Engineer,50817.81,SAVINGS,False,HIGH,ACTIVE
NSB009051,Natalie,Baker,1993-09-18,16,15,Accountant,82094.39,SALARY,False,LOW,ACTIVE
NSB009052,Shannon,Phillips,1941-10-25,13,7,Teacher,44160.12,INHERITANCE,False,LOW,ACTIVE
NSB009053,Nicholas,Lynch,1949-02-16,7,18,Architect,95331.03,BUSINESS,False,LOW,ACTIVE
NSB009054,Carlos,Hill,1967-03-01,14,14,Nurse,69167.88,BUSINESS,False,LOW,ACTIVE
NSB009055,Michael,Herrera,2002-03-22,2,9,Marketing Manager,56101.44,INHERITANCE,False,LOW,ACTIVE
NSB009056,Kenneth,Hurley,1962-06-06,15,1,Financial Analyst,85168.36,BUSINESS,False,MEDIUM,BLOCKED
NSB009057,Mariah,Gutierrez,1957-02-28,6,17,Architect,41894.09,SALARY,False,LOW,ACTIVE
NSB009058,Keith,Wright,2006-01-01,1,16,Financial Analyst,108848.49,SALARY,False,LOW,ACTIVE
NSB009059,Amanda,Miller,1961-09-08,2,12,Financial Analyst,82432.05,BUSINESS,False,LOW,ACTIVE
NSB009060,Katherine,Simpson,1949-02-08,3,12,Financial Analyst,89273.99,INVESTMENTS,False,LOW,ACTIVE
NSB009061,Daniel,Curtis,1975-05-09,2,2,Accountant,61635.87,BUSINESS,False,MEDIUM,ACTIVE
NSB009062,Dustin,Mccoy,1973-01-01,16,9,Engineer,49790.94,INHERITANCE,True,CRITICAL,ACTIVE
NSB009063,Jacob,Li,1958-12-23,16,17,Marketing Manager,50318.97,PENSION,False,LOW,INACTIVE
NSB009064,Nathan,Smith,2005-12-29,8,9,Marketing Manager,105244.35,PENSION,False,LOW,ACTIVE
NSB009065,Matthew,Garza,1975-03-01,9,5,Financial Analyst,55551.44,PENSION,False,LOW,ACTIVE
NSB009066,James,Robinson,1956-01-11,7,17,Doctor,97552.94,SALARY,False,LOW,ACTIVE
NSB009067,Jennifer,Jensen,2004-11-11,9,6,Financial Analyst,90475.26,SALARY,False,LOW,ACTIVE
NSB009068,Roy,Lewis,1997-01-11,6,12,Business Owner,105245.25,SAVINGS,False,MEDIUM,DECEASED
NSB009069,Nicholas,Patterson,1946-09-12,3,1,Architect,42346.87,SAVINGS,False,LOW,ACTIVE
NSB009070,Kristy,Stevens,1943-09-10,7,5,Marketing Manager,100149.94,INVESTMENTS,False,MEDIUM,ACTIVE
NSB009071,Franklin,Johnson,1969-10-31,19,3,Accountant,82803.68,SAVINGS,False,LOW,ACTIVE
NSB009072,Lisa,Johnston,1960-06-06,3,15,Architect,72531.26,BUSINESS,False,LOW,ACTIVE
NSB009073,Keith,Benjamin,2005-01-29,12,15,Accountant,40727.74,INVESTMENTS,False,LOW,ACTIVE
NSB009074,Sara,Lawrence,1948-10-05,16,5,Doctor,109208.79,INVESTMENTS,False,LOW,ACTIVE
NSB009075,Alexander,Shepherd,1989-11-23,20,1,Nurse,38917.89,INHERITANCE,False,LOW,ACTIVE
NSB009076,Joshua,Miller,1945-01-14,15,3,Lawyer,113671.92,INVESTMENTS,False,MEDIUM,ACTIVE
NSB009077,Samuel,Miles,1980-09-08,13,18,Data Analyst,41238.4,INHERITANCE,False,LOW,CLOSED
NSB009078,Sara,Moore,1962-08-27,14,14,Architect,71897.36,SALARY,False,LOW,ACTIVE
NSB009079,Melissa,Williams,1984-10-18,12,6,Engineer,56441.22,INHERITANCE,False,LOW,ACTIVE
NSB009080,John,Taylor,1994-10-02,9,20,Accountant,54094.83,SALARY,False,MEDIUM,ACTIVE
NSB009081,Michael,Young,1994-08-24,3,11,Data Analyst,56927.69,INHERITANCE,False,MEDIUM,CLOSED
NSB009082,Peggy,Robertson,1966-02-16,5,9,Accountant,65922.58,PENSION,False,MEDIUM,ACTIVE
NSB009083,Michael,Martin,1989-01-30,3,4,Software Engineer,60323.61,BUSINESS,False,LOW,ACTIVE
NSB009084,Nicholas,Robbins,1952-01-14,14,6,Accountant,55028.58,SALARY,False,MEDIUM,ACTIVE
NSB009085,John,Hayes,1968-03-16,6,15,Teacher,38900.46,INHERITANCE,False,MEDIUM,ACTIVE
NSB009086,Gregory,Baldwin,1969-08-31,17,11,Financial Analyst,115773.9,BUSINESS,False,LOW,ACTIVE
NSB009087,Scott,Mccarty,1986-10-12,5,5,Software Engineer,116940.25,INHERITANCE,False,LOW,ACTIVE
NSB009088,Stephen,Farmer,1970-04-30,3,5,Doctor,69968.42,BUSINESS,False,MEDIUM,ACTIVE
NSB009089,Martin,Clark,1962-02-04,19,16,Data Analyst,61963.62,SALARY,False,LOW,ACTIVE
NSB009090,Melvin,Ortiz,1970-11-03,8,5,Consultant,73936.86,INHERITANCE,False,LOW,ACTIVE
NSB009091,Mary,Dawson,1975-03-21,10,4,Accountant,89759.04,INHERITANCE,False,LOW,ACTIVE
NSB009092,Lacey,Tucker,1960-02-23,2,3,Sales Manager,43654.39,SAVINGS,False,LOW,ACTIVE
NSB009093,Tracey,Chan,1962-08-12,12,13,Marketing Manager,81297.37,INVESTMENTS,False,HIGH,ACTIVE
NSB009094,Rebecca,Osborn,2005-06-28,7,4,Architect,64289.37,INVESTMENTS,False,LOW,ACTIVE
NSB009095,Luis,Hodge,1984-10-18,3,13,Student,5612.64,SALARY,False,HIGH,ACTIVE
NSB009096,Richard,King,1986-05-25,3,13,Accountant,44964.28,PENSION,False,LOW,ACTIVE
NSB009097,John,Farrell,1997-09-01,9,19,Teacher,66529.59,BUSINESS,False,MEDIUM,ACTIVE
NSB009098,Michael,Davis,1972-11-05,15,9,Business Owner,141113.23,INVESTMENTS,False,LOW,ACTIVE
NSB009099,Dylan,Barnes,1954-10-23,17,4,Lawyer,89291.54,PENSION,False,LOW,ACTIVE
NSB009100,Joseph,Lloyd,1986-02-14,2,8,Sales Manager,79674.68,INVESTMENTS,False,MEDIUM,ACTIVE
NSB009101,Jennifer,Evans,1971-03-11,19,13,Business Owner,57414.52,INVESTMENTS,False,LOW,ACTIVE
NSB009102,Joseph,Cisneros,1959-09-15,13,20,Doctor,164381.04,SAVINGS,False,LOW,ACTIVE
NSB009103,Charles,Ramos,2006-04-16,20,9,Nurse,36991.04,SALARY,False,LOW,ACTIVE
NSB009104,Rachel,Cross,1960-05-05,6,14,Consultant,77270.01,SAVINGS,False,MEDIUM,BLOCKED
NSB009105,Michael,Moss,1994-01-30,13,12,Teacher,68452.27,SALARY,False,LOW,ACTIVE
NSB009106,Hunter,Green,1954-12-12,8,9,Financial Analyst,103078.55,BUSINESS,False,LOW,ACTIVE
NSB009107,Robin,Dunlap,1948-12-22,10,9,Doctor,133397.49,BUSINESS,False,MEDIUM,ACTIVE
NSB009108,Timothy,Oliver,1980-04-21,4,14,Architect,54635.11,INVESTMENTS,False,LOW,ACTIVE
NSB009109,Amy,Peck,2003-01-01,3,3,Sales Manager,101388.16,SALARY,False,MEDIUM,ACTIVE
NSB009110,Gail,Smith,1977-02-06,18,11,Accountant,61220.32,PENSION,False,LOW,ACTIVE
NSB009111,Melissa,Wright,1981-12-02,4,18,Consultant,104992.07,INVESTMENTS,False,MEDIUM,ACTIVE
NSB009112,Bryan,Moore,1959-12-11,14,19,Doctor,146074.65,SALARY,False,MEDIUM,DECEASED
NSB009113,Patrick,Alvarez,1981-09-25,2,15,Sales Manager,76920.71,INHERITANCE,False,HIGH,ACTIVE
NSB009114,Suzanne,Quinn,1988-03-02,17,7,Engineer,94614.0,INVESTMENTS,False,LOW,ACTIVE
NSB009115,Mary,Jones,1996-11-09,12,8,Data Analyst,63083.0,SAVINGS,False,LOW,ACTIVE
NSB009116,Jeffery,Mayer,1993-02-01,8,16,Data Analyst,81424.53,INHERITANCE,False,LOW,ACTIVE
NSB009117,Steven,Morton,1999-10-06,16,2,Software Engineer,103041.42,INHERITANCE,False,LOW,ACTIVE
NSB009118,Danielle,Schultz,1965-07-07,4,7,Software Engineer,49924.34,SAVINGS,False,HIGH,ACTIVE
NSB009119,Thomas,Fleming,1991-02-12,4,14,Nurse,55406.36,SALARY,False,MEDIUM,ACTIVE
NSB009120,Kelly,Murphy,1962-04-07,8,3,Sales Manager,114252.01,SALARY,False,MEDIUM,ACTIVE
NSB009121,Ashley,Sanders,1964-11-15,12,20,Accountant,77909.57,INVESTMENTS,False,LOW,ACTIVE
NSB009122,Mary,Hubbard,1970-10-04,20,7,Software Engineer,46925.85,INVESTMENTS,False,LOW,INACTIVE
NSB009123,Christopher,Watson,1987-03-01,19,18,Marketing Manager,102175.25,INHERITANCE,False,MEDIUM,ACTIVE
NSB009124,Shawna,Thompson,1971-05-15,6,2,Doctor,171308.82,INVESTMENTS,False,LOW,INACTIVE
NSB009125,Jesse,Jones,1973-12-09,12,11,Lawyer,157394.54,SAVINGS,False,LOW,DECEASED
NSB009126,Alisha,Craig,1989-07-29,6,9,Consultant,125583.5,INVESTMENTS,False,MEDIUM,CLOSED
NSB009127,Lisa,Wyatt,1974-03-12,8,8,Student,11713.76,SALARY,False,MEDIUM,ACTIVE
NSB009128,Jonathan,Hall,2001-04-06,11,11,Software Engineer,108362.8,BUSINESS,False,MEDIUM,ACTIVE
NSB009129,Shelley,Delgado,1975-04-28,5,12,Nurse,50611.56,PENSION,False,MEDIUM,ACTIVE
NSB009130,Johnathan,Johnson,1993-12-21,3,6,Software Engineer,112238.06,PENSION,False,LOW,ACTIVE
NSB009131,Michael,Camacho,1951-11-04,1,5,Accountant,78691.46,INHERITANCE,False,LOW,ACTIVE
NSB009132,Aaron,Cunningham,1978-06-07,12,4,Marketing Manager,100730.55,SALARY,False,MEDIUM,ACTIVE
NSB009133,Cynthia,Carpenter,1983-10-27,4,13,Student,6054.37,PENSION,False,MEDIUM,ACTIVE
NSB009134,Lisa,Gilbert,1980-12-26,19,18,Accountant,55515.63,INVESTMENTS,False,MEDIUM,ACTIVE
NSB009135,Kimberly,Garcia,1997-07-21,15,20,Nurse,38457.86,PENSION,False,LOW,ACTIVE
NSB009136,Abigail,Ortiz,2004-05-10,16,8,Teacher,34657.81,BUSINESS,False,CRITICAL,ACTIVE
NSB009137,Brian,Burns,1973-03-11,10,7,Lawyer,170106.51,INVESTMENTS,False,LOW,ACTIVE
NSB009138,Jeffrey,Wright,1983-09-20,12,6,Sales Manager,105715.01,INVESTMENTS,False,LOW,ACTIVE
NSB009139,Alicia,Wallace,1970-04-20,15,11,Consultant,66389.73,SALARY,False,LOW,ACTIVE
NSB009140,Gina,Beck,1981-10-11,9,15,Software Engineer,62379.27,SALARY,False,LOW,ACTIVE
NSB009141,Ricky,Roy,1976-03-15,5,2,Teacher,68014.4,PENSION,False,LOW,ACTIVE
NSB009142,Michelle,West,1961-08-20,10,19,Consultant,92990.53,SAVINGS,False,MEDIUM,ACTIVE
NSB009143,Paul,Blake,1980-11-17,19,4,Data Analyst,67186.09,PENSION,False,LOW,ACTIVE
NSB009144,Bryan,Gross,1958-01-15,15,14,Software Engineer,53257.18,INVESTMENTS,False,LOW,ACTIVE
NSB009145,Keith,Mayo,1941-10-09,16,17,Engineer,62120.4,INHERITANCE,False,MEDIUM,ACTIVE
NSB009146,Corey,Turner,1994-08-14,19,14,Data Analyst,54616.6,BUSINESS,False,LOW,ACTIVE
NSB009147,Cynthia,Finley,1955-07-17,10,17,Consultant,113892.3,PENSION,False,MEDIUM,ACTIVE
NSB009148,Kerri,Lindsey,1964-04-23,3,7,Business Owner,55209.45,PENSION,False,HIGH,ACTIVE
NSB009149,Bailey,Clark,1969-05-13,2,11,Financial Analyst,59142.92,INHERITANCE,False,LOW,CLOSED
NSB009150,Paige,Morris,1983-07-10,9,5,Teacher,40303.65,SALARY,False,LOW,ACTIVE
NSB009151,Paul,Lewis,1975-01-09,12,5,Software Engineer,73391.94,PENSION,False,LOW,ACTIVE
NSB009152,Logan,Jenkins,1943-01-29,18,6,Business Owner,228542.81,BUSINESS,False,LOW,ACTIVE
NSB009153,John,Mcguire,1957-12-20,9,20,Accountant,47746.22,BUSINESS,False,LOW,ACTIVE
NSB009154,Stephanie,Jacobs,1988-04-28,2,12,Student,16921.79,INVESTMENTS,False,MEDIUM,CLOSED
NSB009155,Arthur,Jensen,1952-09-12,18,18,Teacher,40366.37,INVESTMENTS,False,MEDIUM,ACTIVE
NSB009156,Brittney,Skinner,1975-04-07,4,14,Marketing Manager,70706.52,BUSINESS,False,LOW,ACTIVE
NSB009157,Jesus,Hill,1982-11-06,17,14,Nurse,57537.37,PENSION,False,LOW,ACTIVE
NSB009158,Benjamin,Bailey,2005-12-17,2,3,Sales Manager,59023.21,INVESTMENTS,False,LOW,ACTIVE
NSB009159,Nichole,Gutierrez,1961-02-07,15,15,Business Owner,279676.69,INHERITANCE,False,HIGH,ACTIVE
NSB009160,Shannon,Jones,1954-09-16,4,16,Accountant,83903.77,INVESTMENTS,False,MEDIUM,ACTIVE
NSB009161,Kenneth,Clark,1991-05-18,18,7,Software Engineer,92499.1,PENSION,False,MEDIUM,ACTIVE
NSB009162,Dana,Dunn,1987-12-07,9,2,Doctor,191316.04,PENSION,False,LOW,ACTIVE
NSB009163,Katherine,Singleton,1983-02-20,7,11,Engineer,92373.32,SAVINGS,False,MEDIUM,ACTIVE
NSB009164,Carol,Hall,1999-07-31,12,1,Doctor,157820.22,PENSION,False,CRITICAL,ACTIVE
NSB009165,Nicole,Hill,1996-08-18,10,15,Student,28056.57,INVESTMENTS,True,HIGH,ACTIVE
NSB009166,Michael,Yu,1963-07-08,16,14,Software Engineer,92325.75,SAVINGS,False,LOW,ACTIVE
NSB009167,Ashley,Mcdonald,1967-03-03,10,18,Engineer,108257.63,SAVINGS,False,MEDIUM,ACTIVE
NSB009168,Victoria,Lee,1957-06-17,8,14,Student,20565.91,INVESTMENTS,False,MEDIUM,ACTIVE
NSB009169,Ryan,Lewis,1981-09-27,5,18,Teacher,62685.8,BUSINESS,False,MEDIUM,ACTIVE
NSB009170,Steven,Thompson,1983-07-05,11,3,Student,7299.49,INHERITANCE,False,MEDIUM,ACTIVE
NSB009171,Paul,Lambert,1956-01-24,18,13,Financial Analyst,50893.4,PENSION,False,LOW,ACTIVE
NSB009172,Cynthia,Cobb,1951-06-04,7,6,Marketing Manager,82727.36,SALARY,False,LOW,BLOCKED
NSB009173,Adam,Benson,2000-11-18,4,4,Data Analyst,96772.22,PENSION,False,LOW,ACTIVE
NSB009174,Alexander,Mason,1983-02-12,18,6,Software Engineer,97555.48,SAVINGS,False,MEDIUM,ACTIVE
NSB009175,Jodi,Andrews,1981-05-23,4,4,Data Analyst,51573.4,BUSINESS,False,LOW,ACTIVE
NSB009176,Benjamin,Knox,1990-09-22,17,18,Sales Manager,71720.22,BUSINESS,False,LOW,ACTIVE
NSB009177,Tyler,Carey,1948-04-20,19,7,Financial Analyst,110932.32,SALARY,False,HIGH,ACTIVE
NSB009178,Richard,Zavala,1965-09-02,8,4,Doctor,182721.79,BUSINESS,False,MEDIUM,ACTIVE
NSB009179,Morgan,Anderson,1945-06-20,9,18,Sales Manager,122745.09,SAVINGS,False,LOW,ACTIVE
NSB009180,Laura,Guerrero,1990-01-13,5,13,Lawyer,151049.06,PENSION,False,MEDIUM,CLOSED
NSB009181,Heather,Meadows,1999-06-29,5,10,Business Owner,197204.36,SAVINGS,False,LOW,ACTIVE
NSB009182,Anthony,Smith,1996-09-02,8,8,Accountant,47939.11,SAVINGS,False,LOW,ACTIVE
NSB009183,Adam,Kirby,1958-08-15,18,16,Financial Analyst,46465.73,BUSINESS,False,MEDIUM,ACTIVE
NSB009184,Laura,Phillips,1965-04-03,3,18,Sales Manager,127519.85,SAVINGS,False,LOW,ACTIVE
NSB009185,Brianna,Garcia,1941-01-12,14,8,Doctor,199534.39,BUSINESS,False,LOW,ACTIVE
NSB009186,Anna,Mccormick,1979-12-29,12,2,Accountant,77651.69,BUSINESS,False,MEDIUM,ACTIVE
NSB009187,Jose,Bailey,1977-07-09,15,20,Architect,89653.65,SALARY,False,MEDIUM,ACTIVE
NSB009188,Danielle,Rose,2003-05-20,3,6,Accountant,45009.62,SAVINGS,False,HIGH,ACTIVE
NSB009189,Steven,Cook,1981-03-22,12,15,Engineer,64491.96,INVESTMENTS,False,MEDIUM,ACTIVE
NSB009190,Erin,Bowers,1954-09-11,2,17,Financial Analyst,89293.96,BUSINESS,False,LOW,CLOSED
NSB009191,Jose,Hodges,1981-05-12,7,10,Teacher,55218.87,PENSION,False,LOW,ACTIVE
NSB009192,Michael,Young,1942-11-07,19,7,Engineer,111465.79,PENSION,False,LOW,ACTIVE
NSB009193,Katelyn,Nelson,1949-09-28,20,12,Student,14552.22,SALARY,False,MEDIUM,ACTIVE
NSB009194,Valerie,Shelton,1997-07-17,7,5,Teacher,65277.33,SALARY,False,HIGH,ACTIVE
NSB009195,Madeline,White,2003-08-03,6,11,Consultant,50738.96,SAVINGS,False,LOW,ACTIVE
NSB009196,John,Fields,1966-05-06,11,5,Doctor,69378.1,PENSION,False,LOW,INACTIVE
NSB009197,Ashley,Cunningham,1946-06-24,14,20,Financial Analyst,94327.97,INVESTMENTS,False,MEDIUM,ACTIVE
NSB009198,Laurie,Snyder,1973-01-18,19,16,Consultant,108217.95,SALARY,False,MEDIUM,ACTIVE
NSB009199,Troy,Salinas,1975-12-02,7,16,Architect,50015.65,INHERITANCE,False,MEDIUM,ACTIVE
NSB009200,Ariana,Johnson,2006-08-13,13,19,Financial Analyst,46607.23,INVESTMENTS,False,MEDIUM,ACTIVE
NSB009201,Victoria,Macdonald,1950-12-27,14,9,Lawyer,91773.48,SAVINGS,False,MEDIUM,ACTIVE
NSB009202,Brett,Bush,1990-04-21,7,19,Marketing Manager,100070.18,BUSINESS,False,LOW,ACTIVE
NSB009203,Stephanie,Rasmussen,1978-04-05,10,13,Software Engineer,89726.86,SAVINGS,False,HIGH,ACTIVE
NSB009204,Angela,Herring,1963-07-17,20,3,Architect,68136.54,SAVINGS,False,MEDIUM,ACTIVE
NSB009205,Jennifer,Moon,1955-11-10,10,5,Nurse,32154.72,INVESTMENTS,False,LOW,ACTIVE
NSB009206,Mary,Moore,1983-08-18,12,11,Accountant,46789.36,INHERITANCE,False,MEDIUM,ACTIVE
NSB009207,Courtney,Swanson,1947-10-27,1,19,Consultant,76491.95,PENSION,False,LOW,ACTIVE
NSB009208,Michael,Parker,1948-07-18,10,10,Engineer,61704.29,INHERITANCE,False,LOW,ACTIVE
NSB009209,Alex,White,1945-10-26,17,15,Marketing Manager,90649.91,SAVINGS,False,LOW,ACTIVE
NSB009210,Charles,Carney,1945-10-07,20,11,Business Owner,151717.35,SAVINGS,False,MEDIUM,ACTIVE
NSB009211,Dana,Cervantes,1952-06-26,2,15,Nurse,39572.09,PENSION,False,HIGH,ACTIVE
NSB009212,Frank,Moore,1998-04-19,2,13,Financial Analyst,97498.55,BUSINESS,False,LOW,ACTIVE
NSB009213,James,Clarke,1968-06-18,3,14,Software Engineer,69671.3,INHERITANCE,False,LOW,ACTIVE
NSB009214,Wanda,Lewis,1995-08-06,4,4,Teacher,69266.27,SALARY,False,LOW,ACTIVE
NSB009215,Sara,Baker,1979-07-20,2,10,Lawyer,63185.25,INHERITANCE,False,LOW,ACTIVE
NSB009216,John,Pineda,1957-08-07,15,18,Sales Manager,73060.88,SALARY,False,MEDIUM,ACTIVE
NSB009217,Glen,Johnson,1948-09-24,17,9,Data Analyst,45734.34,INVESTMENTS,False,LOW,ACTIVE
NSB009218,Christian,Werner,2006-07-19,15,2,Financial Analyst,70495.24,INHERITANCE,False,LOW,ACTIVE
NSB009219,Daniel,Long,1964-01-14,5,2,Accountant,50467.05,BUSINESS,False,MEDIUM,ACTIVE
NSB009220,Michael,Pena,1949-08-21,13,1,Business Owner,225354.42,SAVINGS,False,MEDIUM,ACTIVE
NSB009221,James,Phillips,1949-07-26,1,2,Architect,99001.35,SAVINGS,False,MEDIUM,ACTIVE
NSB009222,David,Richardson,1986-04-29,4,5,Architect,52234.79,SAVINGS,False,LOW,ACTIVE
NSB009223,Annette,Mcguire,1958-07-12,9,15,Architect,79876.0,PENSION,False,LOW,ACTIVE
NSB009224,Michael,Walker,1958-03-30,9,7,Student,32110.32,INHERITANCE,False,LOW,ACTIVE
NSB009225,Paul,Mendoza,1953-05-16,1,1,Teacher,34922.33,PENSION,False,MEDIUM,ACTIVE
NSB009226,April,Poole,2000-07-18,6,18,Sales Manager,62739.83,SAVINGS,False,LOW,ACTIVE
NSB009227,Kevin,Mack,1979-05-20,17,19,Accountant,85243.35,SAVINGS,False,LOW,ACTIVE
NSB009228,Tyler,Boyle,2005-03-28,2,6,Doctor,243793.94,SAVINGS,False,LOW,ACTIVE
NSB009229,Lisa,Smith,1971-12-01,11,13,Nurse,64813.3,SALARY,False,MEDIUM,ACTIVE
NSB009230,Sean,Gutierrez,1943-05-05,16,4,Accountant,50250.0,PENSION,False,LOW,ACTIVE
NSB009231,Wendy,Gonzales,1944-08-24,19,18,Accountant,79607.68,BUSINESS,False,LOW,ACTIVE
NSB009232,Julie,Trujillo,1980-11-18,7,1,Student,7194.8,INHERITANCE,False,MEDIUM,ACTIVE
NSB009233,Anna,Green,1982-03-26,4,18,Software Engineer,79292.16,SALARY,False,HIGH,INACTIVE
NSB009234,Melanie,Smith,1961-08-27,1,6,Architect,76609.94,BUSINESS,False,MEDIUM,ACTIVE
NSB009235,Matthew,Frost,2003-11-18,10,17,Engineer,108804.11,INVESTMENTS,False,LOW,INACTIVE
NSB009236,Clinton,Goodman,1992-06-29,17,14,Architect,67702.9,SALARY,False,LOW,ACTIVE
NSB009237,Kim,Stewart,1980-02-18,12,7,Business Owner,190163.61,INHERITANCE,False,HIGH,ACTIVE
NSB009238,Edgar,Brown,2004-12-17,18,2,Marketing Manager,86589.03,INVESTMENTS,False,MEDIUM,ACTIVE
NSB009239,Shannon,Yang,1963-10-01,13,12,Consultant,89831.04,INHERITANCE,False,LOW,ACTIVE
NSB009240,Mark,Bruce,1946-08-29,1,10,Nurse,32047.91,BUSINESS,False,MEDIUM,ACTIVE
NSB009241,Tina,Stephens,1994-11-18,6,13,Teacher,54958.67,BUSINESS,False,LOW,ACTIVE
NSB009242,Kelsey,Morris,1991-06-08,19,14,Engineer,113663.67,SALARY,False,HIGH,ACTIVE
NSB009243,Matthew,Anderson,2005-05-26,10,12,Data Analyst,87817.55,INVESTMENTS,False,MEDIUM,ACTIVE
NSB009244,Christina,Lawrence,1941-08-13,14,13,Doctor,187537.55,PENSION,False,LOW,DECEASED
NSB009245,Amanda,Robinson,1983-06-09,15,12,Financial Analyst,93074.15,PENSION,False,LOW,CLOSED
NSB009246,Cindy,Wallace,1968-03-31,14,8,Sales Manager,92353.13,INVESTMENTS,False,MEDIUM,ACTIVE
NSB009247,Victor,Reese,1966-03-14,2,11,Financial Analyst,56689.71,INVESTMENTS,False,MEDIUM,ACTIVE
NSB009248,Victor,Franklin,1994-01-10,4,6,Sales Manager,55915.83,INHERITANCE,False,MEDIUM,CLOSED
NSB009249,Susan,Salas,1951-05-26,10,8,Student,29679.05,SAVINGS,False,LOW,ACTIVE
NSB009250,Brian,Torres,1958-10-09,3,13,Financial Analyst,51322.49,BUSINESS,False,LOW,ACTIVE
NSB009251,Casey,Dickerson,1949-08-31,19,2,Engineer,48017.26,PENSION,False,LOW,ACTIVE
NSB009252,Luke,Chavez,1964-07-24,3,20,Accountant,59212.11,INHERITANCE,False,LOW,ACTIVE
NSB009253,Sarah,Molina,2003-07-28,8,5,Doctor,130956.51,SALARY,False,MEDIUM,ACTIVE
NSB009254,Tiffany,Williams,1958-07-14,19,4,Teacher,58735.02,INHERITANCE,False,MEDIUM,ACTIVE
NSB009255,Andrew,Bennett,1962-02-17,10,20,Marketing Manager,65311.55,INVESTMENTS,False,MEDIUM,ACTIVE
NSB009256,Carol,Murphy,1970-11-29,10,19,Financial Analyst,104256.81,BUSINESS,False,MEDIUM,ACTIVE
NSB009257,Madeline,Gill,1964-04-05,15,16,Architect,40584.11,INHERITANCE,False,LOW,ACTIVE
NSB009258,Christina,Hays,1957-04-08,10,6,Architect,80634.09,SALARY,False,LOW,ACTIVE
NSB009259,Martin,Melton,1943-04-22,5,7,Consultant,67266.63,SAVINGS,False,LOW,ACTIVE
NSB009260,Douglas,Hayes,1975-07-15,18,13,Sales Manager,67304.17,SALARY,False,MEDIUM,ACTIVE
NSB009261,James,Stanton,1961-09-16,16,6,Lawyer,61717.36,INVESTMENTS,False,LOW,ACTIVE
NSB009262,Janice,Moreno,1947-08-28,13,15,Engineer,66989.8,SALARY,False,LOW,ACTIVE
NSB009263,Christopher,Miles,1984-03-04,17,16,Nurse,57612.92,INVESTMENTS,False,LOW,ACTIVE
NSB009264,Michele,Morrow,1997-01-23,19,17,Doctor,186024.07,SALARY,False,LOW,ACTIVE
NSB009265,Randall,Harris,1947-05-14,3,6,Doctor,226176.27,SAVINGS,False,MEDIUM,ACTIVE
NSB009266,Kevin,Smith,1995-07-23,16,1,Architect,99201.77,BUSINESS,False,MEDIUM,ACTIVE
NSB009267,Cody,Baker,1961-10-07,14,19,Lawyer,105492.28,PENSION,False,LOW,ACTIVE
NSB009268,Jeremy,Hamilton,1942-09-27,8,9,Accountant,64367.17,PENSION,False,HIGH,ACTIVE
NSB009269,Jenny,Page,2001-07-18,4,11,Consultant,136960.85,INHERITANCE,False,LOW,ACTIVE
NSB009270,Harry,Hill,1962-05-09,9,18,Student,31921.79,BUSINESS,False,LOW,ACTIVE
NSB009271,Arthur,Snyder,1942-04-20,20,20,Financial Analyst,46268.74,INHERITANCE,False,LOW,ACTIVE
NSB009272,Jacqueline,Moore,1945-02-04,18,4,Engineer,102016.93,SAVINGS,True,CRITICAL,ACTIVE
NSB009273,Erica,Gonzalez,1987-11-04,20,5,Data Analyst,59406.67,PENSION,False,HIGH,ACTIVE
NSB009274,Matthew,Shea,1980-01-26,17,17,Business Owner,298062.63,PENSION,False,HIGH,ACTIVE
NSB009275,Dalton,Knight,1943-02-10,13,1,Software Engineer,87885.73,BUSINESS,False,MEDIUM,ACTIVE
NSB009276,Joyce,Robinson,1981-03-27,12,5,Data Analyst,45474.81,INHERITANCE,False,LOW,ACTIVE
NSB009277,Sarah,Moore,1988-04-12,20,18,Financial Analyst,102153.5,PENSION,False,MEDIUM,ACTIVE
NSB009278,Stephanie,Cooper,1983-02-08,3,17,Architect,76656.33,SALARY,False,MEDIUM,ACTIVE
NSB009279,Christopher,Cain,1966-11-08,16,4,Business Owner,150293.5,SAVINGS,False,LOW,CLOSED
NSB009280,Heather,Campbell,1974-03-19,14,4,Nurse,44517.51,SAVINGS,False,LOW,ACTIVE
NSB009281,Kelsey,Flowers,1978-05-20,5,16,Marketing Manager,101370.65,SALARY,False,LOW,ACTIVE
NSB009282,Karen,Johnson,1941-04-07,8,7,Accountant,47560.7,SAVINGS,False,LOW,ACTIVE
NSB009283,Brian,Underwood,1992-03-09,10,6,Nurse,69604.62,SALARY,False,MEDIUM,ACTIVE
NSB009284,Lori,Sullivan,1997-03-17,17,2,Accountant,83173.05,INHERITANCE,False,MEDIUM,ACTIVE
NSB009285,Gene,Ward,1997-09-26,19,17,Student,22543.24,INVESTMENTS,False,MEDIUM,ACTIVE
NSB009286,Faith,Patel,1951-01-03,10,15,Business Owner,276137.72,PENSION,False,LOW,ACTIVE
NSB009287,Ernest,Hunt,1952-11-18,13,13,Accountant,66840.24,SALARY,False,LOW,ACTIVE
NSB009288,Johnny,Johnson,1961-08-28,14,3,Doctor,146001.54,SAVINGS,False,MEDIUM,ACTIVE
NSB009289,Patricia,Allison,1958-09-25,15,16,Consultant,139801.54,SALARY,False,LOW,ACTIVE
NSB009290,Joshua,Rogers,2002-08-18,7,6,Teacher,53816.62,SAVINGS,False,MEDIUM,CLOSED
NSB009291,Tammy,Boyle,1968-12-23,4,3,Financial Analyst,57442.36,SALARY,False,MEDIUM,ACTIVE
NSB009292,Mary,Stewart,1947-10-22,13,6,Consultant,127783.91,INVESTMENTS,False,MEDIUM,ACTIVE
NSB009293,Donna,Chavez,2003-11-08,5,15,Sales Manager,59752.51,INHERITANCE,False,LOW,ACTIVE
NSB009294,Jennifer,Butler,1951-05-06,17,17,Sales Manager,85837.59,INHERITANCE,False,LOW,ACTIVE
NSB009295,Kimberly,Martinez,1971-08-02,17,15,Accountant,80282.3,BUSINESS,False,LOW,ACTIVE
NSB009296,Brittany,Malone,1963-02-28,10,19,Architect,72164.11,INVESTMENTS,False,MEDIUM,ACTIVE
NSB009297,Melissa,Evans,1968-07-05,10,4,Consultant,120700.03,SAVINGS,False,LOW,ACTIVE
NSB009298,Maria,Farmer,1986-07-10,16,14,Marketing Manager,49913.48,INHERITANCE,False,LOW,ACTIVE
NSB009299,Dennis,Gordon,1975-12-01,13,7,Teacher,39772.1,SALARY,False,MEDIUM,ACTIVE
NSB009300,Gerald,Wood,1963-11-23,20,9,Engineer,73677.04,SAVINGS,False,MEDIUM,ACTIVE
NSB009301,Megan,Williamson,1973-02-01,18,9,Sales Manager,67717.54,INVESTMENTS,True,CRITICAL,ACTIVE
NSB009302,Emily,Franklin,1946-06-09,8,20,Engineer,98183.53,PENSION,False,LOW,ACTIVE
NSB009303,Toni,Perkins,1962-04-13,14,8,Doctor,74178.63,PENSION,False,MEDIUM,ACTIVE
NSB009304,Madison,Figueroa,1980-05-26,16,3,Marketing Manager,58999.34,BUSINESS,False,LOW,ACTIVE
NSB009305,Isaac,Jackson,1963-12-21,12,3,Data Analyst,55179.0,INVESTMENTS,False,HIGH,ACTIVE
NSB009306,Jonathan,Torres,1951-07-08,16,10,Architect,53196.16,INHERITANCE,False,HIGH,ACTIVE
NSB009307,Cheryl,Dodson,1998-06-30,13,13,Marketing Manager,100826.81,SALARY,False,LOW,ACTIVE
NSB009308,Theresa,Erickson,1986-06-23,9,11,Architect,66681.61,BUSINESS,False,MEDIUM,ACTIVE
NSB009309,Rebecca,Gamble,2001-11-04,9,1,Architect,80502.09,SAVINGS,False,LOW,ACTIVE
NSB009310,Dustin,Turner,1947-09-13,14,14,Accountant,84069.78,INVESTMENTS,False,MEDIUM,ACTIVE
NSB009311,Scott,Peterson,1951-06-02,16,11,Data Analyst,99835.05,INVESTMENTS,False,HIGH,ACTIVE
NSB009312,Devin,Bailey,1948-12-18,14,16,Student,30879.8,INHERITANCE,False,LOW,ACTIVE
NSB009313,Michael,Fuller,1990-11-29,11,3,Nurse,52530.09,INVESTMENTS,False,MEDIUM,ACTIVE
NSB009314,Kristen,Rowe,1982-11-28,10,8,Nurse,57159.1,INVESTMENTS,False,LOW,ACTIVE
NSB009315,Kendra,Harris,1962-09-01,19,4,Architect,63763.58,BUSINESS,False,MEDIUM,ACTIVE
NSB009316,Caroline,Hall,1965-12-21,16,16,Teacher,68967.02,SALARY,False,LOW,ACTIVE
NSB009317,Jenna,Ramirez,1945-12-01,15,16,Financial Analyst,108769.96,BUSINESS,False,HIGH,ACTIVE
NSB009318,Caitlin,Thompson,1941-01-12,10,9,Business Owner,92382.32,SAVINGS,False,HIGH,ACTIVE
NSB009319,Christopher,Wong,1989-04-04,9,11,Nurse,64779.74,SALARY,False,MEDIUM,BLOCKED
NSB009320,Jerry,Brown,1967-04-22,13,15,Consultant,143428.76,PENSION,False,MEDIUM,ACTIVE
NSB009321,Jane,Hogan,1958-06-14,6,17,Accountant,55031.13,INHERITANCE,False,LOW,ACTIVE
NSB009322,Jessica,Smith,2003-02-18,15,7,Sales Manager,63969.62,BUSINESS,False,LOW,ACTIVE
NSB009323,Jacob,Floyd,1995-02-03,11,8,Consultant,123145.91,INHERITANCE,False,LOW,ACTIVE
NSB009324,Cassandra,Strickland,2000-06-27,10,2,Teacher,64516.48,SAVINGS,False,LOW,ACTIVE
NSB009325,Michelle,Harris,1950-10-31,19,8,Marketing Manager,68803.22,INHERITANCE,False,LOW,ACTIVE
NSB009326,Timothy,Kelly,1974-04-08,8,18,Architect,78237.66,SALARY,False,MEDIUM,ACTIVE
NSB009327,Monique,Harvey,1975-11-01,7,20,Data Analyst,66098.79,SALARY,False,LOW,ACTIVE
NSB009328,Stephanie,Austin,1986-04-25,9,5,Teacher,53517.99,SALARY,False,LOW,ACTIVE
NSB009329,Linda,Brown,1982-03-01,14,3,Software Engineer,107372.9,SALARY,False,LOW,ACTIVE
NSB009330,Kristina,Carter,1979-08-29,6,11,Software Engineer,61469.13,BUSINESS,False,MEDIUM,ACTIVE
NSB009331,Gwendolyn,Dominguez,1970-08-11,11,11,Nurse,67643.23,INVESTMENTS,False,LOW,ACTIVE
NSB009332,Sandra,Pena,1966-04-08,3,19,Student,13307.95,SAVINGS,False,MEDIUM,ACTIVE
NSB009333,Eric,Garcia,1944-09-13,19,17,Teacher,40433.78,INHERITANCE,False,LOW,ACTIVE
NSB009334,James,Chambers,1949-05-21,1,3,Architect,97327.18,BUSINESS,False,LOW,ACTIVE
NSB009335,Maria,Harris,1951-10-02,2,13,Accountant,78043.74,INHERITANCE,False,MEDIUM,ACTIVE
NSB009336,Joseph,Brown,1978-10-30,2,10,Nurse,43124.98,BUSINESS,False,MEDIUM,ACTIVE
NSB009337,Sandra,Whitney,1998-07-07,16,2,Business Owner,196180.59,PENSION,False,LOW,ACTIVE
NSB009338,Gabrielle,Walker,1945-04-28,16,7,Teacher,56068.19,BUSINESS,False,LOW,INACTIVE
NSB009339,Diana,Taylor,1948-02-21,15,3,Sales Manager,82662.5,BUSINESS,False,HIGH,ACTIVE
NSB009340,Christina,Rowe,1995-05-12,1,17,Sales Manager,74461.96,INVESTMENTS,False,LOW,ACTIVE
NSB009341,Leslie,Martin,2000-10-19,7,9,Engineer,100173.4,INHERITANCE,False,LOW,ACTIVE
NSB009342,Brian,Forbes,1957-11-17,8,9,Architect,88824.99,SALARY,False,HIGH,ACTIVE
NSB009343,Ronald,Harper,1990-12-25,4,4,Nurse,39921.73,BUSINESS,False,LOW,CLOSED
NSB009344,Charles,Vincent,1969-10-25,3,9,Financial Analyst,62019.06,SAVINGS,False,LOW,ACTIVE
NSB009345,Kyle,Wilson,1942-05-28,5,1,Lawyer,174003.83,BUSINESS,False,LOW,ACTIVE
NSB009346,Deborah,Marshall,1942-05-19,6,3,Sales Manager,90632.7,INHERITANCE,False,HIGH,ACTIVE
NSB009347,Cynthia,Schneider,1996-04-22,1,4,Doctor,234989.83,BUSINESS,False,LOW,ACTIVE
NSB009348,Alexis,Holmes,1949-08-17,18,4,Data Analyst,97201.21,BUSINESS,False,LOW,ACTIVE
NSB009349,Rebecca,Davis,1959-03-14,16,9,Data Analyst,48664.73,SAVINGS,False,LOW,BLOCKED
NSB009350,Howard,Barker,1991-06-06,15,7,Student,10986.38,SALARY,False,MEDIUM,ACTIVE
NSB009351,Deborah,Herrera,2003-07-01,16,4,Engineer,59652.09,INHERITANCE,False,MEDIUM,ACTIVE
NSB009352,Tiffany,Perry,1977-01-30,7,14,Data Analyst,68859.28,SAVINGS,False,LOW,BLOCKED
NSB009353,Wendy,Miller,1961-04-18,18,17,Doctor,248485.43,SAVINGS,False,LOW,ACTIVE
NSB009354,Gerald,Steele,2002-02-01,7,15,Sales Manager,42743.95,SALARY,True,HIGH,ACTIVE
NSB009355,Sherry,Campos,1942-06-26,17,10,Nurse,44466.34,SAVINGS,False,MEDIUM,ACTIVE
NSB009356,Lisa,Stevens,1946-03-10,12,10,Data Analyst,77174.02,PENSION,False,LOW,ACTIVE
NSB009357,Brandon,Jacobs,1963-08-19,4,10,Sales Manager,112599.29,SAVINGS,False,LOW,ACTIVE
NSB009358,Michael,Duke,1984-01-23,1,20,Accountant,77530.32,INHERITANCE,False,LOW,DECEASED
NSB009359,Christopher,Tanner,1977-05-23,6,14,Sales Manager,102088.03,INVESTMENTS,False,MEDIUM,CLOSED
NSB009360,Kristina,Clayton,2005-05-05,18,19,Sales Manager,99100.45,INHERITANCE,False,MEDIUM,ACTIVE
NSB009361,Lori,Smith,1989-06-27,17,6,Engineer,98663.1,PENSION,False,LOW,ACTIVE
NSB009362,Ricardo,Bell,1955-01-23,8,18,Accountant,46584.98,INVESTMENTS,False,MEDIUM,CLOSED
NSB009363,Bruce,Lane,1975-09-16,20,14,Lawyer,115869.12,INHERITANCE,False,LOW,ACTIVE
NSB009364,Kelsey,Gallegos,1961-04-09,6,17,Engineer,102321.45,INHERITANCE,False,LOW,ACTIVE
NSB009365,Jacob,Armstrong,1996-01-01,11,16,Student,11711.14,SALARY,False,LOW,ACTIVE
NSB009366,Joanna,Garcia,1976-04-03,10,5,Architect,79799.82,PENSION,False,LOW,ACTIVE
NSB009367,Gerald,White,1949-11-26,9,14,Business Owner,194002.34,SAVINGS,False,LOW,ACTIVE
NSB009368,Rachel,Leonard,1976-04-07,18,2,Engineer,96389.31,INVESTMENTS,False,LOW,ACTIVE
NSB009369,Nicole,Morris,1997-10-21,2,9,Nurse,46072.65,PENSION,False,MEDIUM,ACTIVE
NSB009370,Jessica,Silva,1973-12-11,6,6,Data Analyst,79886.31,INHERITANCE,False,LOW,ACTIVE
NSB009371,Cynthia,Martin,1965-01-27,16,19,Doctor,248624.11,SAVINGS,False,CRITICAL,ACTIVE
NSB009372,Melissa,Elliott,1961-02-04,7,18,Marketing Manager,119194.14,INVESTMENTS,True,HIGH,ACTIVE
NSB009373,Rodney,Wood,1993-04-22,20,15,Sales Manager,69092.2,SAVINGS,False,LOW,ACTIVE
NSB009374,Andrew,Roberts,1993-03-02,16,13,Engineer,102522.98,BUSINESS,False,HIGH,ACTIVE
NSB009375,Joseph,Krause,1948-07-09,1,4,Lawyer,149913.31,SALARY,False,LOW,ACTIVE
NSB009376,Crystal,Williams,1948-04-24,6,20,Doctor,74921.08,SALARY,False,LOW,ACTIVE
NSB009377,Peter,Romero,1981-06-10,12,13,Doctor,104344.59,PENSION,False,MEDIUM,ACTIVE
NSB009378,Patrick,Franklin,1942-03-21,5,18,Consultant,146601.59,BUSINESS,False,LOW,ACTIVE
NSB009379,Angela,Wilkinson,2001-01-05,17,16,Nurse,69532.43,SALARY,False,LOW,ACTIVE
NSB009380,Matthew,Hodges,1990-03-14,20,4,Lawyer,54128.12,SALARY,False,MEDIUM,ACTIVE
NSB009381,Crystal,Young,1949-09-02,16,3,Business Owner,141562.29,SAVINGS,False,MEDIUM,ACTIVE
NSB009382,Rebecca,Rich,2006-09-02,5,20,Nurse,57577.84,SALARY,False,LOW,ACTIVE
NSB009383,Courtney,Watkins,1964-03-25,13,20,Teacher,36193.26,SAVINGS,False,LOW,ACTIVE
NSB009384,Shawn,Thomas,1998-12-21,2,3,Teacher,48955.11,PENSION,False,CRITICAL,BLOCKED
NSB009385,Danielle,House,1961-11-29,17,11,Software Engineer,93589.41,BUSINESS,False,HIGH,ACTIVE
NSB009386,Connor,Garcia,1971-06-10,19,15,Lawyer,115805.84,BUSINESS,False,MEDIUM,ACTIVE
NSB009387,Kayla,Doyle,1977-03-31,8,10,Architect,99693.88,PENSION,False,LOW,ACTIVE
NSB009388,Sean,Phillips,1972-05-21,20,12,Lawyer,103510.78,SALARY,False,LOW,ACTIVE
NSB009389,Amber,Larsen,1969-04-19,15,5,Student,15229.94,SAVINGS,False,LOW,CLOSED
NSB009390,John,Yang,1977-01-05,20,20,Accountant,89728.55,INVESTMENTS,False,HIGH,ACTIVE
NSB009391,Deanna,Kelley,1943-08-10,7,2,Sales Manager,94120.01,SAVINGS,False,LOW,ACTIVE
NSB009392,Derek,Rose,1957-06-28,11,8,Student,33935.53,PENSION,False,LOW,ACTIVE
NSB009393,Samuel,Walters,1993-01-25,9,11,Marketing Manager,51481.49,PENSION,False,MEDIUM,ACTIVE
NSB009394,Eric,Elliott,1977-05-14,19,20,Doctor,221252.04,INVESTMENTS,False,MEDIUM,ACTIVE
NSB009395,John,Gomez,1951-10-15,13,8,Teacher,62908.48,INVESTMENTS,False,MEDIUM,ACTIVE
NSB009396,Alicia,Graham,1942-10-08,6,6,Teacher,41988.08,SAVINGS,False,LOW,ACTIVE
NSB009397,Belinda,Gutierrez,2001-11-18,2,19,Student,31115.44,PENSION,False,LOW,ACTIVE
NSB009398,Taylor,Byrd,1988-11-01,9,12,Sales Manager,59919.15,INVESTMENTS,False,MEDIUM,ACTIVE
NSB009399,Michael,Bush,1956-05-02,12,3,Engineer,57670.3,INVESTMENTS,False,LOW,ACTIVE
NSB009400,Dylan,Ball,1947-02-06,20,10,Teacher,35100.57,BUSINESS,False,MEDIUM,ACTIVE
NSB009401,Sheila,West,1969-02-04,20,2,Sales Manager,75415.32,SAVINGS,False,LOW,ACTIVE
NSB009402,Timothy,Stewart,1974-10-15,5,11,Lawyer,114414.08,SAVINGS,False,LOW,ACTIVE
NSB009403,Carl,Tapia,2002-03-02,18,13,Business Owner,202586.9,SAVINGS,True,MEDIUM,ACTIVE
NSB009404,Virginia,Williams,1964-03-29,18,14,Software Engineer,65266.19,SAVINGS,False,MEDIUM,ACTIVE
NSB009405,Juan,Brown,1944-01-12,18,1,Financial Analyst,99892.74,INVESTMENTS,False,MEDIUM,ACTIVE
NSB009406,Holly,Summers,2003-12-23,3,16,Sales Manager,90675.72,INHERITANCE,False,LOW,ACTIVE
NSB009407,Sean,Johnson,1960-04-28,12,16,Lawyer,148030.41,INHERITANCE,False,LOW,ACTIVE
NSB009408,Kelli,Phillips,1948-04-01,17,6,Financial Analyst,59663.6,SALARY,False,MEDIUM,ACTIVE
NSB009409,Erin,Holloway,1997-03-31,5,18,Engineer,90927.99,BUSINESS,False,MEDIUM,ACTIVE
NSB009410,Maria,Castillo,1953-07-05,7,14,Software Engineer,65048.34,SAVINGS,False,LOW,INACTIVE
NSB009411,Michele,Johnson,1963-08-27,20,7,Data Analyst,99454.7,INVESTMENTS,False,LOW,ACTIVE
NSB009412,Jacob,Henderson,1941-01-06,18,16,Doctor,241177.53,PENSION,False,LOW,DECEASED
NSB009413,Wendy,Leonard,2002-11-14,13,13,Sales Manager,102788.8,BUSINESS,False,MEDIUM,ACTIVE
NSB009414,Rebecca,Gonzalez,1992-05-28,11,10,Data Analyst,86149.06,SAVINGS,False,LOW,ACTIVE
NSB009415,Casey,Peters,1961-01-20,20,3,Teacher,53860.18,BUSINESS,False,MEDIUM,ACTIVE
NSB009416,Robert,Vega,1951-07-31,14,18,Nurse,41070.1,BUSINESS,False,MEDIUM,ACTIVE
NSB009417,Joshua,Watson,1987-01-10,11,7,Software Engineer,76360.83,PENSION,False,LOW,ACTIVE
NSB009418,Ellen,Cooley,1959-10-04,19,1,Lawyer,63115.55,SAVINGS,False,MEDIUM,ACTIVE
NSB009419,Debra,Johnson,1980-06-09,6,12,Business Owner,86402.92,SALARY,False,LOW,ACTIVE
NSB009420,Margaret,Smith,1948-09-26,12,5,Data Analyst,79591.29,INVESTMENTS,False,MEDIUM,ACTIVE
NSB009421,Jose,Ramos,2003-09-08,14,12,Architect,75720.85,BUSINESS,False,LOW,ACTIVE
NSB009422,Jessica,Walton,1963-05-11,10,17,Financial Analyst,112828.74,BUSINESS,False,MEDIUM,ACTIVE
NSB009423,Michelle,Sanchez,1992-11-13,8,6,Architect,55023.59,SAVINGS,False,MEDIUM,ACTIVE
NSB009424,Michael,Weaver,1981-12-02,14,13,Consultant,122830.46,BUSINESS,False,LOW,ACTIVE
NSB009425,Douglas,Madden,2000-07-15,19,9,Data Analyst,72831.66,INHERITANCE,False,LOW,ACTIVE
NSB009426,Mark,Owens,1958-04-05,20,18,Sales Manager,117944.6,INVESTMENTS,False,HIGH,ACTIVE
NSB009427,Paul,Rodriguez,2004-12-01,18,13,Marketing Manager,105103.97,SALARY,False,LOW,ACTIVE
NSB009428,Ryan,Reeves,1992-03-03,16,15,Accountant,57748.03,BUSINESS,True,MEDIUM,ACTIVE
NSB009429,Margaret,Douglas,1959-10-16,3,13,Software Engineer,54798.8,BUSINESS,False,LOW,ACTIVE
NSB009430,Kelly,Booth,1980-09-20,20,14,Financial Analyst,61320.4,SAVINGS,False,HIGH,ACTIVE
NSB009431,Mark,Webster,1952-01-27,15,15,Accountant,57452.54,PENSION,False,LOW,ACTIVE
NSB009432,Pamela,Morales,1975-06-12,16,14,Financial Analyst,56961.58,PENSION,False,LOW,ACTIVE
NSB009433,Jill,Evans,1958-10-25,18,9,Marketing Manager,54096.53,SALARY,False,CRITICAL,CLOSED
NSB009434,Justin,Williams,2004-06-13,15,11,Marketing Manager,89217.13,SALARY,False,MEDIUM,ACTIVE
NSB009435,Benjamin,Hunter,1965-12-06,7,6,Engineer,98807.11,SAVINGS,False,LOW,ACTIVE
NSB009436,Tammy,Snyder,1962-07-26,9,20,Business Owner,267304.76,BUSINESS,False,LOW,ACTIVE
NSB009437,Kim,Cordova,1955-03-06,11,6,Doctor,230905.66,INHERITANCE,False,MEDIUM,ACTIVE
NSB009438,Michael,Avery,2003-08-26,10,18,Business Owner,217100.76,PENSION,False,MEDIUM,ACTIVE
NSB009439,Shawn,Simon,1994-05-28,7,13,Sales Manager,89846.55,SAVINGS,False,LOW,ACTIVE
NSB009440,Jonathan,Shaw,1993-08-05,17,14,Software Engineer,119129.78,SAVINGS,False,LOW,ACTIVE
NSB009441,Ryan,Smith,1969-03-24,5,9,Business Owner,208440.94,BUSINESS,False,MEDIUM,CLOSED
NSB009442,Denise,Mcgrath,1954-04-15,8,14,Nurse,30438.93,SALARY,False,MEDIUM,ACTIVE
NSB009443,Gabriel,Rodriguez,1974-10-24,20,11,Lawyer,150245.24,SALARY,False,LOW,ACTIVE
NSB009444,Vicki,Franklin,1951-12-05,4,19,Accountant,44108.35,SALARY,False,MEDIUM,ACTIVE
NSB009445,Lauren,Hamilton,1982-05-14,3,10,Business Owner,128847.66,INHERITANCE,False,LOW,ACTIVE
NSB009446,Mary,Davis,1986-05-10,6,4,Marketing Manager,76235.84,PENSION,False,MEDIUM,INACTIVE
NSB009447,William,Jackson,1959-04-03,12,19,Financial Analyst,95415.91,INVESTMENTS,False,MEDIUM,ACTIVE
NSB009448,Joseph,Williams,1977-11-27,12,17,Lawyer,141661.88,BUSINESS,False,LOW,ACTIVE
NSB009449,Stephanie,Nicholson,1954-09-30,13,3,Teacher,54400.41,SALARY,False,HIGH,ACTIVE
NSB009450,Linda,Ferguson,2000-02-26,16,5,Accountant,80507.64,INHERITANCE,True,CRITICAL,ACTIVE
NSB009451,Katrina,Taylor,1956-03-19,12,4,Accountant,67591.02,INVESTMENTS,False,LOW,ACTIVE
NSB009452,Michael,Snow,1970-12-25,9,18,Accountant,60937.74,BUSINESS,False,LOW,ACTIVE
NSB009453,Destiny,Friedman,1966-09-03,13,13,Doctor,64115.87,INVESTMENTS,False,LOW,ACTIVE
NSB009454,Lauren,Cameron,2002-09-12,6,19,Architect,43101.77,SALARY,False,HIGH,ACTIVE
NSB009455,Timothy,Haynes,1950-05-28,10,9,Lawyer,162365.19,SALARY,False,MEDIUM,ACTIVE
NSB009456,Abigail,Garcia,1950-09-11,14,14,Doctor,203775.41,INVESTMENTS,False,LOW,ACTIVE
NSB009457,Lori,Murphy,1996-07-24,13,19,Software Engineer,83230.97,INHERITANCE,False,MEDIUM,ACTIVE
NSB009458,Robert,Wright,1972-08-25,17,1,Nurse,63036.96,BUSINESS,False,LOW,ACTIVE
NSB009459,Renee,Williams,2004-10-12,5,17,Lawyer,67489.05,SAVINGS,False,LOW,DECEASED
NSB009460,Christopher,Cunningham,1982-04-04,18,19,Accountant,82236.39,INHERITANCE,False,LOW,ACTIVE
NSB009461,Victoria,Berg,1955-08-27,12,8,Software Engineer,113349.31,INHERITANCE,False,MEDIUM,ACTIVE
NSB009462,Rebecca,Smith,1984-04-12,10,16,Doctor,196296.44,PENSION,False,LOW,INACTIVE
NSB009463,Martha,Davis,1981-09-29,13,9,Teacher,49508.07,SALARY,False,MEDIUM,ACTIVE
NSB009464,Kevin,Barnes,1976-07-18,7,6,Software Engineer,47895.66,SALARY,False,LOW,ACTIVE
NSB009465,Glenn,White,1990-06-29,1,11,Nurse,39541.22,BUSINESS,False,LOW,ACTIVE
NSB009466,Christopher,Hancock,1950-04-02,8,13,Accountant,59118.84,PENSION,False,LOW,ACTIVE
NSB009467,Nicole,Jackson,1961-06-29,9,12,Software Engineer,118584.52,BUSINESS,False,LOW,ACTIVE
NSB009468,Sarah,Reese,1968-05-18,13,11,Lawyer,64340.4,SALARY,False,LOW,ACTIVE
NSB009469,Mark,George,1948-02-15,16,20,Accountant,69608.96,BUSINESS,False,MEDIUM,ACTIVE
NSB009470,Mark,Hall,1971-04-30,18,4,Consultant,92949.22,SAVINGS,False,LOW,ACTIVE
NSB009471,Barbara,Smith,1968-07-04,16,8,Nurse,66829.16,INHERITANCE,False,LOW,ACTIVE
NSB009472,Timothy,Riley,2003-12-25,7,5,Data Analyst,56855.1,INHERITANCE,False,LOW,ACTIVE
NSB009473,Stacy,Welch,1998-05-24,8,9,Consultant,53191.48,PENSION,False,LOW,ACTIVE
NSB009474,Jeffrey,Cardenas,1948-09-20,18,18,Software Engineer,96087.24,SALARY,False,LOW,ACTIVE
NSB009475,Pamela,Schneider,1964-04-13,7,13,Architect,46295.54,INHERITANCE,False,LOW,ACTIVE
NSB009476,David,Bishop,1969-02-20,2,4,Data Analyst,65563.65,INHERITANCE,False,LOW,ACTIVE
NSB009477,Jacqueline,Santos,1969-07-02,6,5,Software Engineer,50195.27,SALARY,False,HIGH,ACTIVE
NSB009478,Tricia,Watts,1977-05-07,15,9,Accountant,86107.18,SAVINGS,False,LOW,ACTIVE
NSB009479,Brianna,Walker,1989-01-07,20,1,Engineer,88961.71,SAVINGS,False,LOW,ACTIVE
NSB009480,Lisa,Calhoun,2004-11-29,1,4,Engineer,69059.97,PENSION,False,LOW,ACTIVE
NSB009481,John,Goodman,1953-01-02,17,15,Business Owner,213798.69,SAVINGS,False,LOW,ACTIVE
NSB009482,Jessica,Maxwell,1986-12-10,4,10,Doctor,177632.98,PENSION,False,LOW,ACTIVE
NSB009483,Harold,Barron,1996-12-16,7,7,Nurse,40458.82,PENSION,False,LOW,ACTIVE
NSB009484,Mark,Stout,1976-02-03,11,8,Architect,79384.68,BUSINESS,False,LOW,ACTIVE
NSB009485,Joshua,Carrillo,1979-01-17,13,16,Engineer,46609.94,SAVINGS,False,LOW,ACTIVE
NSB009486,Mason,Maxwell,1965-07-02,18,11,Data Analyst,68332.27,BUSINESS,False,LOW,ACTIVE
NSB009487,Linda,Johnson,1976-04-19,12,1,Data Analyst,45365.89,PENSION,False,LOW,ACTIVE
NSB009488,Jose,Cross,1985-06-05,2,13,Data Analyst,84574.65,BUSINESS,False,LOW,ACTIVE
NSB009489,Michelle,Rodriguez,1969-07-01,6,16,Consultant,96387.26,PENSION,False,HIGH,CLOSED
NSB009490,Samuel,Munoz,1942-02-20,1,8,Doctor,165707.01,BUSINESS,False,MEDIUM,BLOCKED
NSB009491,Jessica,Franklin,1993-11-13,1,18,Business Owner,89553.47,INHERITANCE,False,MEDIUM,ACTIVE
NSB009492,Thomas,Fernandez,1996-12-21,19,19,Business Owner,108471.19,INHERITANCE,False,MEDIUM,ACTIVE
NSB009493,Brian,Quinn,1982-05-28,11,13,Doctor,103277.41,SALARY,False,LOW,ACTIVE
NSB009494,Jose,Clark,1966-03-13,15,19,Architect,70043.82,SALARY,False,LOW,ACTIVE
NSB009495,Janice,Herman,1951-05-12,20,20,Architect,49730.57,SAVINGS,False,MEDIUM,ACTIVE
NSB009496,Bradley,Thompson,2000-06-09,19,4,Teacher,46693.2,BUSINESS,False,LOW,ACTIVE
NSB009497,Rachel,Henderson,1976-08-07,18,19,Data Analyst,95770.57,PENSION,False,MEDIUM,ACTIVE
NSB009498,Jasmine,Shaw,1963-08-06,10,4,Software Engineer,75633.77,INVESTMENTS,False,LOW,ACTIVE
NSB009499,Tyler,Vazquez,1954-06-12,15,16,Data Analyst,99677.42,INHERITANCE,True,HIGH,ACTIVE
NSB009500,Paul,Brady,1975-12-26,9,13,Engineer,63013.75,INHERITANCE,False,MEDIUM,ACTIVE
NSB009501,Yvonne,Watts,1944-12-17,7,11,Teacher,66351.17,INVESTMENTS,False,LOW,ACTIVE
NSB009502,Michelle,Bass,1968-05-13,1,8,Teacher,65165.31,SAVINGS,False,MEDIUM,ACTIVE
NSB009503,Jackie,Kim,1958-12-07,5,19,Data Analyst,58791.12,SALARY,False,MEDIUM,ACTIVE
NSB009504,Linda,Miller,1979-07-13,3,7,Sales Manager,71475.05,SALARY,False,LOW,ACTIVE
NSB009505,Anna,Collins,1999-10-16,14,11,Doctor,193876.05,SAVINGS,False,MEDIUM,ACTIVE
NSB009506,Joanne,Patterson,1972-11-25,1,18,Business Owner,109830.37,INVESTMENTS,False,LOW,ACTIVE
NSB009507,Michele,Graham,1985-08-30,20,12,Engineer,55445.12,INHERITANCE,False,LOW,ACTIVE
NSB009508,Mark,Williams,1947-10-11,12,9,Consultant,148679.48,SAVINGS,False,HIGH,ACTIVE
NSB009509,Allison,Li,1951-07-27,3,11,Financial Analyst,109646.95,INHERITANCE,False,LOW,ACTIVE
NSB009510,Jeffrey,Wall,1975-01-11,16,4,Architect,75760.06,INVESTMENTS,False,LOW,ACTIVE
NSB009511,Caroline,Hicks,1990-03-20,11,18,Business Owner,182269.46,BUSINESS,False,LOW,ACTIVE
NSB009512,Mark,Collier,1989-04-23,13,2,Student,28357.51,INHERITANCE,False,MEDIUM,ACTIVE
NSB009513,Melissa,Kline,1956-11-11,18,13,Student,17104.71,INHERITANCE,False,LOW,ACTIVE
NSB009514,William,Gonzalez,1962-05-14,12,20,Architect,56440.43,INHERITANCE,False,MEDIUM,ACTIVE
NSB009515,Charles,Rodriguez,1944-02-25,6,14,Teacher,60873.24,SAVINGS,False,MEDIUM,ACTIVE
NSB009516,Mary,Vance,1968-06-17,12,20,Business Owner,105386.35,SAVINGS,True,CRITICAL,ACTIVE
NSB009517,Jared,Clarke,1951-06-21,2,8,Financial Analyst,56736.24,BUSINESS,False,LOW,ACTIVE
NSB009518,Ashley,Perez,1970-05-19,6,20,Sales Manager,56012.39,INHERITANCE,False,LOW,ACTIVE
NSB009519,Tyler,Lang,1967-12-07,4,5,Financial Analyst,114469.14,BUSINESS,False,LOW,ACTIVE
NSB009520,Brian,Simmons,1978-05-04,8,14,Data Analyst,72654.97,SALARY,False,LOW,ACTIVE
NSB009521,Michael,Dunn,1960-07-18,2,10,Engineer,53346.99,SAVINGS,False,LOW,ACTIVE
NSB009522,Brianna,James,1942-06-12,9,18,Software Engineer,103054.85,INVESTMENTS,False,LOW,ACTIVE
NSB009523,Brooke,Ward,1957-06-22,18,5,Marketing Manager,59060.31,PENSION,False,MEDIUM,ACTIVE
NSB009524,Jessica,Hernandez,1987-04-18,20,3,Doctor,64948.12,INVESTMENTS,False,MEDIUM,ACTIVE
NSB009525,Brandon,Bowen,1966-03-17,14,11,Engineer,62980.57,INVESTMENTS,False,MEDIUM,ACTIVE
NSB009526,Melissa,Stuart,1993-10-31,6,13,Doctor,64315.33,SALARY,False,LOW,ACTIVE
NSB009527,Jacob,Garrison,2004-05-27,14,16,Nurse,49631.7,PENSION,False,LOW,ACTIVE
NSB009528,Michelle,Smith,1942-02-09,2,18,Consultant,121408.33,SALARY,False,MEDIUM,ACTIVE
NSB009529,Margaret,Baldwin,1955-07-25,17,13,Software Engineer,113818.61,PENSION,False,LOW,ACTIVE
NSB009530,Ashley,Reid,2006-06-30,4,7,Financial Analyst,68308.93,PENSION,False,CRITICAL,ACTIVE
NSB009531,Matthew,Martinez,1969-12-25,9,5,Architect,63839.93,SALARY,False,LOW,ACTIVE
NSB009532,Joshua,Williams,1981-08-03,13,8,Business Owner,35898.07,INVESTMENTS,False,LOW,CLOSED
NSB009533,Elizabeth,Dixon,2000-05-24,14,17,Sales Manager,107847.34,INHERITANCE,True,HIGH,ACTIVE
NSB009534,Jonathan,Adams,1978-08-10,9,9,Engineer,77592.52,SALARY,False,MEDIUM,ACTIVE
NSB009535,Oscar,Park,1954-09-07,10,5,Sales Manager,75303.53,PENSION,False,LOW,ACTIVE
NSB009536,Sandra,Hernandez,1946-05-12,20,3,Consultant,86493.49,INHERITANCE,False,LOW,ACTIVE
NSB009537,Allison,Cortez,1957-11-29,14,2,Financial Analyst,56483.97,SAVINGS,False,LOW,ACTIVE
NSB009538,Victoria,Spencer,1959-04-12,16,5,Teacher,32861.33,INVESTMENTS,False,HIGH,ACTIVE
NSB009539,Christopher,Perez,2005-03-04,6,20,Financial Analyst,71343.32,SAVINGS,False,LOW,ACTIVE
NSB009540,Mary,Berry,1959-12-17,16,18,Doctor,111565.59,BUSINESS,False,CRITICAL,CLOSED
NSB009541,Angela,Campbell,1976-02-26,19,10,Data Analyst,71862.17,INHERITANCE,False,MEDIUM,ACTIVE
NSB009542,Jennifer,Martinez,1947-04-11,10,3,Business Owner,282285.21,INHERITANCE,False,LOW,ACTIVE
NSB009543,Lori,Chang,1950-07-08,7,1,Teacher,61338.62,SAVINGS,False,LOW,CLOSED
NSB009544,Anthony,Hill,2003-06-06,3,1,Accountant,38768.18,INHERITANCE,False,MEDIUM,ACTIVE
NSB009545,Kyle,Bradley,1993-10-02,18,19,Consultant,113720.27,PENSION,False,LOW,ACTIVE
NSB009546,Katie,Owens,1974-04-03,12,20,Business Owner,232012.76,INHERITANCE,False,LOW,ACTIVE
NSB009547,Robert,Cooke,1953-05-02,9,15,Lawyer,157128.95,BUSINESS,False,MEDIUM,ACTIVE
NSB009548,Jason,Hobbs,1992-05-10,17,10,Accountant,52205.06,SALARY,False,MEDIUM,INACTIVE
NSB009549,Cory,Zhang,1991-06-15,10,2,Lawyer,168195.33,SALARY,False,MEDIUM,ACTIVE
NSB009550,Grace,Francis,1984-11-04,6,19,Lawyer,143821.36,SAVINGS,False,LOW,ACTIVE
NSB009551,Danielle,Jackson,1988-04-08,14,11,Software Engineer,77754.21,SALARY,False,MEDIUM,ACTIVE
NSB009552,Charles,Wagner,1994-11-04,15,1,Teacher,50482.39,INVESTMENTS,False,MEDIUM,ACTIVE
NSB009553,Timothy,Jacobs,1974-02-04,17,6,Engineer,82698.18,PENSION,False,LOW,ACTIVE
NSB009554,David,Franco,1976-10-14,5,4,Financial Analyst,68575.03,SAVINGS,False,LOW,ACTIVE
NSB009555,Alyssa,Alvarez,1943-03-29,2,16,Software Engineer,90761.41,SAVINGS,False,MEDIUM,ACTIVE
NSB009556,Nathan,Browning,2006-05-09,2,12,Consultant,55522.34,BUSINESS,False,MEDIUM,ACTIVE
NSB009557,Joseph,Rodriguez,1993-02-17,15,6,Software Engineer,118832.52,SALARY,False,LOW,CLOSED
NSB009558,Kevin,White,1951-06-21,17,1,Business Owner,122154.08,PENSION,False,MEDIUM,ACTIVE
NSB009559,Alan,Thornton,1974-04-10,13,9,Sales Manager,120890.68,SAVINGS,False,LOW,ACTIVE
NSB009560,Thomas,Davis,1945-09-25,3,9,Student,10094.67,PENSION,False,LOW,ACTIVE
NSB009561,Victoria,Bryan,1944-05-22,8,17,Business Owner,143317.1,INVESTMENTS,False,MEDIUM,ACTIVE
NSB009562,Alex,Stephens,1948-01-10,20,13,Teacher,49215.22,SAVINGS,False,LOW,ACTIVE
NSB009563,Amy,Clark,1973-08-04,5,17,Lawyer,62997.26,INVESTMENTS,False,LOW,ACTIVE
NSB009564,Maria,Vaughan,2001-11-22,9,20,Lawyer,155467.13,INVESTMENTS,False,LOW,ACTIVE
NSB009565,Cristian,King,1987-11-14,5,18,Accountant,70430.84,INVESTMENTS,False,LOW,ACTIVE
NSB009566,Kimberly,Smith,1980-09-30,1,17,Consultant,62379.76,SAVINGS,False,MEDIUM,ACTIVE
NSB009567,Steven,Turner,1997-05-22,4,9,Accountant,67098.33,BUSINESS,False,LOW,ACTIVE
NSB009568,Eugene,Scott,1957-02-27,1,9,Consultant,60008.96,INVESTMENTS,False,HIGH,ACTIVE
NSB009569,Roger,Hall,1990-09-26,5,15,Data Analyst,99268.01,PENSION,False,LOW,ACTIVE
NSB009570,Scott,Taylor,1975-01-15,9,7,Engineer,94532.13,INVESTMENTS,False,LOW,ACTIVE
NSB009571,Steve,Mckay,2001-04-04,15,19,Consultant,48820.04,SALARY,False,LOW,ACTIVE
NSB009572,Angela,Johnson,1957-10-11,11,16,Nurse,60608.04,BUSINESS,False,MEDIUM,ACTIVE
NSB009573,Linda,Little,1954-04-18,18,12,Nurse,65412.62,PENSION,False,MEDIUM,ACTIVE
NSB009574,Patricia,Benitez,2005-03-09,16,11,Nurse,39372.71,SAVINGS,False,LOW,ACTIVE
NSB009575,Heather,Pierce,1987-09-26,10,8,Business Owner,129743.1,INVESTMENTS,False,HIGH,CLOSED
NSB009576,Jennifer,Rodriguez,1987-05-07,8,3,Marketing Manager,99718.85,INHERITANCE,False,MEDIUM,ACTIVE
NSB009577,Brian,Williams,1958-11-13,11,2,Nurse,41516.57,PENSION,False,LOW,ACTIVE
NSB009578,Brett,Crane,1995-01-24,12,7,Architect,49831.6,INHERITANCE,False,LOW,ACTIVE
NSB009579,Cory,Brooks,1950-01-23,5,13,Sales Manager,50466.67,INVESTMENTS,False,LOW,INACTIVE
NSB009580,Michelle,Wallace,2003-09-20,11,16,Lawyer,156636.27,INVESTMENTS,False,LOW,INACTIVE
NSB009581,Matthew,Ward,2002-12-24,17,20,Doctor,63557.45,INVESTMENTS,False,MEDIUM,ACTIVE
NSB009582,Katherine,Bryant,1942-05-31,8,7,Consultant,119999.73,SAVINGS,False,HIGH,ACTIVE
NSB009583,Jeanette,Gibson,1955-03-06,16,4,Marketing Manager,96910.52,PENSION,False,LOW,ACTIVE
NSB009584,Diana,Miles,1957-02-16,7,15,Doctor,72458.67,INHERITANCE,False,MEDIUM,ACTIVE
NSB009585,Aaron,Edwards,1954-03-04,5,11,Lawyer,97687.66,INVESTMENTS,False,LOW,ACTIVE
NSB009586,James,Wilkerson,1961-05-03,9,8,Student,31690.02,SALARY,False,LOW,ACTIVE
NSB009587,Elizabeth,Edwards,1996-09-14,9,7,Lawyer,148853.89,SALARY,False,MEDIUM,ACTIVE
NSB009588,Daniel,Diaz,1992-04-22,15,5,Consultant,71795.26,INVESTMENTS,False,LOW,ACTIVE
NSB009589,Hannah,Jones,1952-08-26,14,1,Financial Analyst,52782.56,PENSION,False,MEDIUM,ACTIVE
NSB009590,Mark,White,1994-02-15,19,15,Consultant,78376.51,BUSINESS,False,LOW,ACTIVE
NSB009591,Kristina,Butler,1967-07-12,18,19,Sales Manager,121616.47,BUSINESS,False,MEDIUM,ACTIVE
NSB009592,David,Guzman,2005-07-04,14,11,Lawyer,64657.38,PENSION,False,MEDIUM,ACTIVE
NSB009593,Mary,Flores,1987-01-25,19,18,Nurse,31339.04,SALARY,False,LOW,ACTIVE
NSB009594,Dawn,Robinson,2005-01-17,19,12,Business Owner,236053.54,BUSINESS,False,LOW,ACTIVE
NSB009595,Andrew,Campbell,1996-03-18,20,1,Sales Manager,94495.31,BUSINESS,False,MEDIUM,ACTIVE
NSB009596,Timothy,Williams,1996-04-30,19,18,Lawyer,56445.93,INHERITANCE,False,MEDIUM,ACTIVE
NSB009597,Edwin,Bowman,1942-01-04,1,10,Teacher,34594.34,SALARY,False,LOW,ACTIVE
NSB009598,John,Atkins,2005-08-21,20,18,Consultant,129599.4,SALARY,False,LOW,ACTIVE
NSB009599,Kevin,Clark,1992-12-18,16,7,Marketing Manager,86792.73,SALARY,False,LOW,ACTIVE
NSB009600,Gregory,Thomas,1974-09-13,12,12,Software Engineer,58111.78,BUSINESS,False,LOW,ACTIVE
NSB009601,James,Savage,1971-03-20,17,20,Financial Analyst,110748.42,BUSINESS,False,LOW,ACTIVE
NSB009602,John,Soto,1942-02-12,6,3,Lawyer,75143.36,SAVINGS,False,LOW,ACTIVE
NSB009603,Kristi,Anderson,1958-03-11,3,16,Student,10916.26,SALARY,False,LOW,CLOSED
NSB009604,Tiffany,Doyle,1984-01-16,17,20,Sales Manager,60315.78,SALARY,False,MEDIUM,ACTIVE
NSB009605,Suzanne,Smith,1958-11-07,19,1,Doctor,91995.76,SAVINGS,False,MEDIUM,ACTIVE
NSB009606,Caroline,Davidson,1946-10-15,7,10,Software Engineer,74195.64,BUSINESS,False,LOW,ACTIVE
NSB009607,Jennifer,Gomez,1980-05-17,2,13,Consultant,144037.14,INHERITANCE,False,MEDIUM,ACTIVE
NSB009608,Javier,Fry,1983-02-17,4,18,Teacher,57839.4,SALARY,False,MEDIUM,ACTIVE
NSB009609,Johnny,Evans,1986-05-29,17,9,Sales Manager,66404.55,INVESTMENTS,False,MEDIUM,ACTIVE
NSB009610,Anna,Parks,1984-02-06,3,12,Financial Analyst,54761.8,PENSION,False,LOW,ACTIVE
NSB009611,Jocelyn,Scott,1997-03-27,5,19,Accountant,48439.52,INVESTMENTS,False,LOW,ACTIVE
NSB009612,Joseph,Taylor,1989-01-15,5,4,Engineer,59868.71,INVESTMENTS,False,LOW,ACTIVE
NSB009613,Christopher,Horn,2006-02-09,19,3,Nurse,40093.32,INHERITANCE,False,LOW,BLOCKED
NSB009614,Chelsea,Vance,1980-03-17,2,19,Business Owner,231402.45,SALARY,False,MEDIUM,ACTIVE
NSB009615,Christina,Dorsey,1963-11-06,12,14,Nurse,69728.05,SALARY,False,MEDIUM,ACTIVE
NSB009616,Laura,Smith,1972-03-04,8,10,Marketing Manager,64364.17,INHERITANCE,False,LOW,ACTIVE
NSB009617,Brandon,Wilson,1990-04-01,18,15,Software Engineer,113129.46,PENSION,False,LOW,CLOSED
NSB009618,Ian,Gardner,1968-04-22,7,14,Lawyer,65245.19,INHERITANCE,False,MEDIUM,ACTIVE
NSB009619,Blake,Anderson,1985-07-25,10,18,Accountant,78477.03,SALARY,False,MEDIUM,ACTIVE
NSB009620,Vernon,Tran,1960-05-26,12,19,Accountant,88776.81,SAVINGS,False,MEDIUM,ACTIVE
NSB009621,Eric,Torres,1941-04-15,20,2,Business Owner,247464.75,INVESTMENTS,False,MEDIUM,ACTIVE
NSB009622,Sarah,Harris,1982-02-07,7,9,Sales Manager,107053.91,SALARY,False,MEDIUM,ACTIVE
NSB009623,Cynthia,Gutierrez,1960-01-23,8,11,Lawyer,155119.86,PENSION,False,LOW,ACTIVE
NSB009624,Matthew,Adams,1998-03-03,6,8,Consultant,88046.04,SAVINGS,False,LOW,ACTIVE
NSB009625,Jacqueline,Ortiz,1962-03-17,16,15,Data Analyst,92603.37,SAVINGS,False,MEDIUM,ACTIVE
NSB009626,Sandra,Flowers,1975-01-22,18,14,Data Analyst,46913.2,INHERITANCE,False,LOW,INACTIVE
NSB009627,Tyler,Weaver,1967-04-08,3,14,Lawyer,163263.4,PENSION,False,MEDIUM,ACTIVE
NSB009628,Gary,Reyes,1947-06-03,3,9,Engineer,69454.4,SALARY,False,MEDIUM,ACTIVE
NSB009629,Keith,Brewer,1969-07-07,4,18,Accountant,84226.36,PENSION,False,LOW,ACTIVE
NSB009630,Jose,Miller,1947-08-14,9,11,Marketing Manager,81031.1,SAVINGS,False,LOW,INACTIVE
NSB009631,Jerry,Lee,1980-10-23,4,12,Sales Manager,94306.28,SAVINGS,False,LOW,ACTIVE
NSB009632,Lisa,Williams,1947-06-13,10,2,Software Engineer,92097.46,PENSION,False,MEDIUM,ACTIVE
NSB009633,Lori,Hicks,1963-04-14,16,8,Teacher,56953.69,SAVINGS,False,MEDIUM,ACTIVE
NSB009634,Hailey,Jordan,1958-11-04,1,16,Business Owner,81657.49,SALARY,False,CRITICAL,DECEASED
NSB009635,Christopher,Coleman,1962-07-06,7,13,Business Owner,98610.23,BUSINESS,False,HIGH,ACTIVE
NSB009636,Bruce,Jones,1986-10-20,19,20,Financial Analyst,59535.82,INHERITANCE,False,HIGH,ACTIVE
NSB009637,Mark,Johnston,1968-03-01,16,20,Doctor,180520.78,INHERITANCE,False,MEDIUM,ACTIVE
NSB009638,Chad,Greer,1963-05-04,7,9,Architect,90059.96,PENSION,False,HIGH,ACTIVE
NSB009639,John,Smith,1992-05-13,17,16,Nurse,54048.41,INVESTMENTS,False,HIGH,ACTIVE
NSB009640,Laurie,Thompson,1946-09-22,16,13,Software Engineer,100468.57,SAVINGS,False,MEDIUM,ACTIVE
NSB009641,Sarah,Thomas,1944-03-07,8,12,Sales Manager,73683.62,INHERITANCE,False,LOW,ACTIVE
NSB009642,Judy,White,1988-02-02,4,6,Nurse,34362.75,SALARY,False,LOW,ACTIVE
NSB009643,Alyssa,Aguilar,2005-06-25,7,3,Data Analyst,68420.2,INVESTMENTS,False,MEDIUM,ACTIVE
NSB009644,Ryan,Morgan,1965-11-21,2,10,Sales Manager,96691.23,SALARY,False,LOW,ACTIVE
NSB009645,Rebecca,Ramirez,1965-08-24,10,7,Business Owner,116507.05,INHERITANCE,True,MEDIUM,ACTIVE
NSB009646,Rhonda,Patterson,1984-05-04,14,9,Software Engineer,53631.23,INHERITANCE,False,HIGH,ACTIVE
NSB009647,Lisa,Bruce,1976-07-08,8,1,Engineer,108323.06,INVESTMENTS,False,LOW,ACTIVE
NSB009648,Paul,Villarreal,1992-05-29,16,10,Data Analyst,55826.09,BUSINESS,False,LOW,ACTIVE
NSB009649,Jeffery,Lawson,1982-05-29,16,17,Data Analyst,63514.73,PENSION,False,MEDIUM,ACTIVE
NSB009650,Melinda,Jackson,1997-06-27,3,14,Marketing Manager,67877.89,SAVINGS,False,MEDIUM,ACTIVE
NSB009651,William,Soto,1967-04-24,12,18,Consultant,126796.26,SALARY,False,LOW,CLOSED
NSB009652,Thomas,Lopez,1989-07-26,18,11,Financial Analyst,80928.35,SAVINGS,False,MEDIUM,ACTIVE
NSB009653,Kirk,Mccarthy,1973-06-19,4,20,Data Analyst,72090.02,SAVINGS,False,MEDIUM,ACTIVE
NSB009654,Christina,Thomas,1947-06-27,12,13,Doctor,162696.85,INHERITANCE,True,HIGH,ACTIVE
NSB009655,Brian,Robbins,1972-03-26,11,9,Architect,74240.92,PENSION,False,LOW,ACTIVE
NSB009656,Marcia,Gutierrez,1965-11-01,16,15,Sales Manager,128658.85,SALARY,False,MEDIUM,CLOSED
NSB009657,Valerie,Nguyen,1977-12-09,3,15,Software Engineer,115313.49,PENSION,False,MEDIUM,ACTIVE
NSB009658,Donald,Church,1997-01-04,10,2,Doctor,220935.54,SAVINGS,False,LOW,ACTIVE
NSB009659,Richard,Jones,1963-11-21,19,11,Marketing Manager,109236.44,INHERITANCE,False,MEDIUM,ACTIVE
NSB009660,Kara,Diaz,1944-10-28,6,11,Data Analyst,83666.28,INVESTMENTS,False,LOW,ACTIVE
NSB009661,Joseph,Castillo,1982-06-12,8,8,Engineer,82041.01,PENSION,False,LOW,ACTIVE
NSB009662,Andrea,Boyd,1980-01-16,16,4,Engineer,63581.5,INHERITANCE,False,MEDIUM,ACTIVE
NSB009663,Linda,Smith,1972-10-08,3,2,Doctor,126604.33,BUSINESS,False,MEDIUM,ACTIVE
NSB009664,Frank,Munoz,1976-09-07,19,7,Marketing Manager,108961.65,SALARY,False,LOW,BLOCKED
NSB009665,Stephen,Townsend,1947-05-17,20,3,Lawyer,83159.51,BUSINESS,False,LOW,ACTIVE
NSB009666,Robert,Schroeder,1988-05-19,11,11,Student,23712.24,INHERITANCE,False,LOW,ACTIVE
NSB009667,Annette,Bennett,1945-02-08,2,17,Software Engineer,89103.63,SAVINGS,False,MEDIUM,ACTIVE
NSB009668,Steven,Lopez,1989-01-09,2,9,Architect,62616.15,INVESTMENTS,False,MEDIUM,ACTIVE
NSB009669,Heather,Ortiz,1999-10-14,18,17,Teacher,43892.96,PENSION,False,HIGH,ACTIVE
NSB009670,Christopher,Carter,1970-03-07,6,9,Doctor,201685.13,PENSION,False,MEDIUM,ACTIVE
NSB009671,Angela,Murphy,1957-06-22,15,14,Accountant,77584.1,INVESTMENTS,False,MEDIUM,ACTIVE
NSB009672,David,Kaufman,1955-01-19,13,19,Lawyer,89828.14,SAVINGS,False,LOW,DECEASED
NSB009673,Rebecca,Meyer,1945-11-17,18,5,Lawyer,105544.83,BUSINESS,False,LOW,ACTIVE
NSB009674,Travis,Dennis,1958-10-06,10,3,Engineer,86885.27,INHERITANCE,False,LOW,ACTIVE
NSB009675,Mitchell,Flores,1955-08-30,18,16,Lawyer,84347.87,BUSINESS,False,LOW,ACTIVE
NSB009676,Melody,Brown,1964-11-22,5,16,Business Owner,253511.8,INVESTMENTS,False,CRITICAL,ACTIVE
NSB009677,Jessica,Wilkins,1955-11-11,15,18,Teacher,54173.52,PENSION,False,MEDIUM,ACTIVE
NSB009678,Michael,Larsen,1974-04-01,18,17,Architect,78890.0,SALARY,False,MEDIUM,INACTIVE
NSB009679,Jennifer,Cox,1967-06-05,4,13,Financial Analyst,95522.12,INHERITANCE,False,LOW,ACTIVE
NSB009680,Kimberly,Lynch,1985-01-18,6,11,Sales Manager,45630.94,INHERITANCE,False,LOW,ACTIVE
NSB009681,John,Ramirez,1991-10-14,20,9,Financial Analyst,83681.92,INHERITANCE,False,LOW,ACTIVE
NSB009682,Kaitlyn,Skinner,1988-11-27,3,19,Teacher,52596.07,SAVINGS,False,LOW,ACTIVE
NSB009683,David,Smith,1985-06-30,2,10,Engineer,79088.13,SAVINGS,False,MEDIUM,ACTIVE
NSB009684,Cassie,Brooks,1956-08-20,4,5,Business Owner,146843.54,PENSION,False,LOW,ACTIVE
NSB009685,Alexander,Andrade,1998-05-06,4,17,Student,14936.37,BUSINESS,False,MEDIUM,ACTIVE
NSB009686,Lauren,Torres,1962-12-03,9,8,Financial Analyst,74600.4,SALARY,False,LOW,ACTIVE
NSB009687,Jason,Bryant,1974-07-18,1,9,Business Owner,280490.09,BUSINESS,False,LOW,ACTIVE
NSB009688,Amy,Cohen,1940-10-23,20,4,Nurse,67751.31,BUSINESS,False,HIGH,ACTIVE
NSB009689,Holly,Wright,1978-12-07,10,18,Business Owner,162755.53,INVESTMENTS,False,LOW,ACTIVE
NSB009690,Kevin,Pena,1943-07-10,5,7,Engineer,47051.41,INVESTMENTS,False,LOW,ACTIVE
NSB009691,Joseph,Esparza,1955-01-21,19,15,Software Engineer,46718.83,INVESTMENTS,False,LOW,ACTIVE
NSB009692,Amanda,Reed,1960-08-01,20,6,Data Analyst,47603.73,INVESTMENTS,False,LOW,ACTIVE
NSB009693,Andrew,Davis,1951-06-16,18,19,Financial Analyst,82773.29,BUSINESS,False,MEDIUM,ACTIVE
NSB009694,Jessica,Dyer,1994-07-05,8,3,Accountant,84592.65,BUSINESS,False,LOW,ACTIVE
NSB009695,Alexander,Ruiz,1979-02-22,5,13,Sales Manager,87653.75,BUSINESS,False,MEDIUM,ACTIVE
NSB009696,Eric,Chandler,1944-04-15,18,4,Lawyer,160544.68,SAVINGS,False,LOW,ACTIVE
NSB009697,Allison,Herman,1977-01-04,11,17,Business Owner,40651.82,PENSION,False,LOW,ACTIVE
NSB009698,Tonya,Moore,1943-10-19,14,12,Lawyer,126401.16,BUSINESS,False,LOW,ACTIVE
NSB009699,Natasha,Fuller,2005-08-20,19,3,Lawyer,69075.57,BUSINESS,False,MEDIUM,ACTIVE
NSB009700,Samuel,Holder,1988-08-25,10,4,Business Owner,59291.11,PENSION,False,MEDIUM,ACTIVE
NSB009701,Robert,Hernandez,1990-07-20,16,5,Engineer,91475.69,SAVINGS,False,HIGH,CLOSED
NSB009702,Sean,Hutchinson,1969-05-12,9,8,Engineer,49549.3,SALARY,False,MEDIUM,ACTIVE
NSB009703,Eric,Guzman,1986-04-17,15,18,Doctor,215318.59,SAVINGS,False,MEDIUM,ACTIVE
NSB009704,Megan,David,2006-07-13,20,4,Marketing Manager,103981.2,PENSION,False,LOW,ACTIVE
NSB009705,Michael,Howard,1953-08-04,11,16,Sales Manager,70519.84,BUSINESS,False,LOW,ACTIVE
NSB009706,Michael,Ortiz,1984-12-14,2,14,Student,11751.65,PENSION,False,MEDIUM,ACTIVE
NSB009707,Brett,Schneider,1996-02-08,11,11,Nurse,57612.27,SAVINGS,False,LOW,ACTIVE
NSB009708,Justin,Wilson,1995-03-04,17,16,Consultant,75762.42,SAVINGS,False,LOW,ACTIVE
NSB009709,Samuel,Smith,1954-05-03,10,3,Teacher,48124.2,INHERITANCE,False,LOW,ACTIVE
NSB009710,Andre,Walters,1952-02-21,2,18,Sales Manager,43305.37,INHERITANCE,False,MEDIUM,ACTIVE
NSB009711,Christopher,Stone,1952-12-18,7,4,Data Analyst,61350.77,INHERITANCE,False,LOW,ACTIVE
NSB009712,John,Sanchez,1955-11-01,17,20,Sales Manager,124758.49,PENSION,False,MEDIUM,ACTIVE
NSB009713,Crystal,Oconnell,1962-03-10,20,13,Lawyer,120687.81,INVESTMENTS,False,LOW,ACTIVE
NSB009714,Valerie,Stevenson,1942-11-09,5,13,Doctor,181323.32,SALARY,False,LOW,ACTIVE
NSB009715,Donna,Diaz,1997-06-30,9,6,Nurse,58633.03,BUSINESS,False,MEDIUM,ACTIVE
NSB009716,Nathan,Pacheco,1956-10-08,4,2,Lawyer,179440.74,SALARY,False,LOW,BLOCKED
NSB009717,Deborah,Harrell,1988-05-26,1,12,Marketing Manager,76748.83,SAVINGS,False,LOW,INACTIVE
NSB009718,Michelle,Robinson,1983-02-13,17,19,Teacher,63926.73,INHERITANCE,False,MEDIUM,ACTIVE
NSB009719,Angela,Doyle,1945-02-21,8,3,Consultant,148191.95,INHERITANCE,False,LOW,BLOCKED
NSB009720,Robert,Barry,1965-11-28,10,11,Sales Manager,53639.73,BUSINESS,False,LOW,ACTIVE
NSB009721,Robert,Johns,1976-04-08,20,2,Teacher,48360.24,BUSINESS,False,LOW,ACTIVE
NSB009722,Tiffany,Little,1955-12-03,10,11,Accountant,42633.63,PENSION,False,LOW,ACTIVE
NSB009723,James,Brown,1941-03-17,14,7,Accountant,83261.97,PENSION,False,LOW,ACTIVE
NSB009724,April,Baxter,1988-12-18,2,7,Teacher,43353.12,BUSINESS,False,LOW,ACTIVE
NSB009725,Christopher,Gonzales,1973-06-17,1,15,Financial Analyst,70395.56,INHERITANCE,False,MEDIUM,ACTIVE
NSB009726,James,Bush,1985-01-05,10,19,Marketing Manager,70637.94,INHERITANCE,False,LOW,ACTIVE
NSB009727,Jesse,Oconnor,2001-07-27,18,18,Marketing Manager,94026.49,BUSINESS,False,HIGH,ACTIVE
NSB009728,Jack,Morrow,1986-06-12,12,16,Consultant,77303.34,PENSION,False,LOW,ACTIVE
NSB009729,Mark,Davis,2005-03-01,1,14,Nurse,31111.1,INVESTMENTS,False,MEDIUM,ACTIVE
NSB009730,Penny,Joseph,1979-10-05,18,15,Doctor,91393.32,BUSINESS,False,LOW,ACTIVE
NSB009731,Sandy,Blackwell,1955-12-20,4,9,Financial Analyst,69326.8,SALARY,False,LOW,ACTIVE
NSB009732,Heather,Ellis,1970-05-13,12,11,Lawyer,132899.53,INHERITANCE,False,HIGH,ACTIVE
NSB009733,Debra,Clark,1954-05-23,14,9,Software Engineer,52621.88,INVESTMENTS,False,HIGH,ACTIVE
NSB009734,Elizabeth,Powell,1951-06-10,4,1,Financial Analyst,118033.45,SAVINGS,False,LOW,DECEASED
NSB009735,Christine,Patterson,1975-03-28,12,12,Teacher,49693.77,INVESTMENTS,False,LOW,ACTIVE
NSB009736,David,Brown,1987-11-19,6,12,Sales Manager,91126.16,SAVINGS,False,LOW,ACTIVE
NSB009737,Taylor,Robinson,1976-05-11,10,15,Sales Manager,52122.3,BUSINESS,False,LOW,ACTIVE
NSB009738,Angela,Dickerson,2003-12-27,11,8,Teacher,33546.71,INHERITANCE,False,LOW,ACTIVE
NSB009739,Nicole,Collins,1966-09-21,19,1,Teacher,59868.03,SALARY,False,LOW,ACTIVE
NSB009740,Linda,Hernandez,1945-12-07,2,14,Engineer,80155.24,PENSION,False,LOW,ACTIVE
NSB009741,Christopher,Giles,1987-02-02,15,1,Engineer,95258.86,INVESTMENTS,False,MEDIUM,ACTIVE
NSB009742,Steven,Wilson,2000-05-21,15,7,Doctor,96313.66,INHERITANCE,False,MEDIUM,ACTIVE
NSB009743,Edward,Burton,1964-08-28,16,11,Teacher,40845.0,SALARY,False,MEDIUM,ACTIVE
NSB009744,Carlos,Smith,1944-07-05,16,2,Software Engineer,85201.75,SAVINGS,False,MEDIUM,ACTIVE
NSB009745,Jon,Bailey,1962-08-31,14,13,Sales Manager,122567.65,INHERITANCE,False,MEDIUM,ACTIVE
NSB009746,Amy,Lewis,1959-09-21,2,15,Data Analyst,74710.56,SAVINGS,False,LOW,DECEASED
NSB009747,Heather,Willis,1940-09-08,2,6,Marketing Manager,101858.56,SALARY,False,LOW,ACTIVE
NSB009748,Amber,Smith,1976-10-03,3,12,Doctor,107044.43,SALARY,False,LOW,ACTIVE
NSB009749,Linda,Paul,1975-01-03,20,7,Student,7172.77,SALARY,False,MEDIUM,CLOSED
NSB009750,John,Craig,1983-09-02,18,1,Student,28578.4,SALARY,False,LOW,ACTIVE
NSB009751,Benjamin,Hodges,1988-09-02,13,15,Data Analyst,78838.75,SAVINGS,False,MEDIUM,ACTIVE
NSB009752,Sara,Hansen,1963-01-23,12,17,Business Owner,143904.97,SALARY,False,LOW,BLOCKED
NSB009753,James,Duffy,1963-01-10,18,12,Doctor,163002.22,INVESTMENTS,False,LOW,ACTIVE
NSB009754,Jackie,Deleon,1996-02-23,5,7,Data Analyst,68009.16,PENSION,False,HIGH,ACTIVE
NSB009755,Susan,Smith,1967-12-25,3,16,Consultant,57528.13,SAVINGS,False,MEDIUM,ACTIVE
NSB009756,Amanda,Clark,1987-08-24,13,10,Architect,90373.66,SAVINGS,False,MEDIUM,ACTIVE
NSB009757,Michael,Woodard,1978-02-12,4,7,Lawyer,62642.56,SAVINGS,True,HIGH,ACTIVE
NSB009758,Debbie,Miller,1985-07-29,11,13,Lawyer,71089.93,SALARY,False,MEDIUM,ACTIVE
NSB009759,Andrew,Stone,1998-11-17,5,12,Nurse,37733.75,SAVINGS,True,HIGH,ACTIVE
NSB009760,Edward,Olsen,1962-02-28,4,5,Doctor,220752.02,SALARY,False,LOW,ACTIVE
NSB009761,Denise,Ward,1963-12-04,12,7,Consultant,49943.37,PENSION,False,MEDIUM,ACTIVE
NSB009762,Oscar,Potter,1971-10-24,20,2,Lawyer,166843.83,SAVINGS,False,LOW,ACTIVE
NSB009763,Catherine,Garner,1979-02-12,19,5,Data Analyst,40035.21,INVESTMENTS,False,HIGH,INACTIVE
NSB009764,Monica,Smith,1983-03-13,6,18,Teacher,31571.29,BUSINESS,False,MEDIUM,ACTIVE
NSB009765,Brianna,Freeman,1970-05-27,9,16,Marketing Manager,97478.06,INVESTMENTS,False,LOW,ACTIVE
NSB009766,Denise,Haney,1981-10-20,9,10,Teacher,33851.51,PENSION,False,HIGH,CLOSED
NSB009767,Vickie,Smith,1946-06-21,17,10,Student,12890.02,PENSION,False,LOW,ACTIVE
NSB009768,Lynn,Stokes,2000-07-13,10,8,Data Analyst,95444.44,BUSINESS,False,MEDIUM,ACTIVE
NSB009769,Christopher,Foster,2000-07-14,1,11,Accountant,75581.24,SAVINGS,False,LOW,ACTIVE
NSB009770,Sarah,Eaton,1950-04-15,4,19,Doctor,73022.08,BUSINESS,False,HIGH,ACTIVE
NSB009771,Austin,Hoffman,1941-12-09,9,20,Financial Analyst,49887.21,SALARY,False,LOW,ACTIVE
NSB009772,Latoya,Carroll,1973-11-27,18,3,Student,34228.75,SALARY,False,LOW,ACTIVE
NSB009773,Vanessa,Johnson,1985-07-21,8,18,Nurse,61580.02,SALARY,False,LOW,ACTIVE
NSB009774,Audrey,Chavez,1958-04-13,16,6,Data Analyst,74268.74,INVESTMENTS,False,LOW,ACTIVE
NSB009775,Nicholas,Schneider,1943-01-06,14,6,Financial Analyst,89223.92,SAVINGS,False,LOW,ACTIVE
NSB009776,Kaitlyn,Dodson,1962-08-03,11,3,Software Engineer,72808.16,INHERITANCE,False,LOW,ACTIVE
NSB009777,Susan,Wall,1942-11-18,16,6,Student,11916.72,BUSINESS,False,LOW,CLOSED
NSB009778,Matthew,Butler,1972-09-01,13,12,Sales Manager,78430.42,PENSION,False,LOW,ACTIVE
NSB009779,Joseph,Sullivan,1994-09-17,6,15,Student,26540.74,BUSINESS,False,LOW,ACTIVE
NSB009780,Tiffany,White,1967-06-25,17,16,Financial Analyst,75486.99,INVESTMENTS,False,LOW,ACTIVE
NSB009781,Jillian,Brown,1975-06-18,3,18,Student,18335.54,PENSION,False,LOW,ACTIVE
NSB009782,Bradley,Mcconnell,1993-04-28,15,3,Accountant,51289.0,INVESTMENTS,False,HIGH,ACTIVE
NSB009783,Jeffery,Li,1974-06-26,15,17,Data Analyst,80434.32,INHERITANCE,False,MEDIUM,ACTIVE
NSB009784,Meredith,Munoz,1958-08-17,14,6,Sales Manager,55999.38,SALARY,False,MEDIUM,ACTIVE
NSB009785,Timothy,Spence,1992-07-13,7,7,Business Owner,246026.57,SAVINGS,False,CRITICAL,ACTIVE
NSB009786,Jonathan,Johnson,1953-06-15,8,1,Architect,68435.47,INVESTMENTS,False,MEDIUM,ACTIVE
NSB009787,Melissa,Fernandez,1994-10-11,6,7,Consultant,78800.07,INVESTMENTS,False,LOW,ACTIVE
NSB009788,Carolyn,Ortiz,1954-06-22,14,15,Teacher,38361.17,SAVINGS,False,MEDIUM,ACTIVE
NSB009789,Mariah,Clayton,1970-08-23,12,13,Engineer,91751.36,SAVINGS,False,LOW,ACTIVE
NSB009790,Amber,Gregory,1996-07-24,20,4,Business Owner,237474.12,INVESTMENTS,False,LOW,ACTIVE
NSB009791,Michelle,Kim,1988-01-13,9,15,Engineer,96837.18,SALARY,False,LOW,ACTIVE
NSB009792,Shawn,Stokes,2000-03-17,9,18,Software Engineer,74889.39,INVESTMENTS,True,HIGH,ACTIVE
NSB009793,Patricia,Bowman,1997-06-08,19,10,Nurse,62641.19,PENSION,False,LOW,ACTIVE
NSB009794,Rebecca,Williamson,1946-08-26,16,15,Accountant,60095.71,SALARY,False,HIGH,ACTIVE
NSB009795,Kenneth,Chaney,1947-12-10,13,20,Marketing Manager,99483.53,SALARY,False,MEDIUM,ACTIVE
NSB009796,Ronald,Brown,1953-01-03,19,2,Nurse,58035.72,SALARY,False,LOW,ACTIVE
NSB009797,Christopher,Dunn,1961-12-19,15,6,Business Owner,193106.76,SALARY,False,LOW,ACTIVE
NSB009798,Christopher,Hobbs,1976-12-19,20,7,Sales Manager,60367.21,INHERITANCE,False,LOW,ACTIVE
NSB009799,William,Elliott,1973-04-18,12,1,Teacher,37293.03,INHERITANCE,False,LOW,ACTIVE
NSB009800,Dan,Chambers,1952-01-14,1,7,Architect,83712.94,INHERITANCE,False,LOW,ACTIVE
NSB009801,Sarah,Hunt,1983-02-15,19,5,Financial Analyst,74867.83,BUSINESS,False,LOW,ACTIVE
NSB009802,Judy,Estes,1979-02-09,17,1,Student,12186.18,INVESTMENTS,False,HIGH,ACTIVE
NSB009803,Denise,Hanson,1969-03-11,19,2,Teacher,38897.25,INHERITANCE,False,LOW,ACTIVE
NSB009804,Courtney,Williams,1944-08-07,17,9,Nurse,40826.63,PENSION,False,LOW,ACTIVE
NSB009805,Angel,Foster,1979-11-01,14,6,Doctor,241852.74,SALARY,False,LOW,INACTIVE
NSB009806,Sarah,Rodgers,1958-07-30,10,14,Student,28065.63,INVESTMENTS,False,MEDIUM,ACTIVE
NSB009807,Robin,Mcdowell,2003-05-18,5,1,Engineer,75210.64,SAVINGS,False,MEDIUM,CLOSED
NSB009808,Rebecca,Cox,2000-12-16,1,5,Student,28397.76,INHERITANCE,False,MEDIUM,ACTIVE
NSB009809,Alexis,Keller,1958-03-31,18,17,Data Analyst,98718.46,SALARY,False,MEDIUM,ACTIVE
NSB009810,Samantha,Hill,1957-08-18,4,8,Student,8960.84,PENSION,False,HIGH,ACTIVE
NSB009811,James,Hinton,1951-11-13,16,7,Architect,89381.33,BUSINESS,False,MEDIUM,INACTIVE
NSB009812,Alexander,Thompson,1979-05-25,10,3,Accountant,74377.14,SALARY,False,LOW,ACTIVE
NSB009813,Bianca,Cabrera,2003-01-14,9,7,Marketing Manager,45594.7,SAVINGS,False,LOW,INACTIVE
NSB009814,Alicia,Evans,1975-11-25,15,14,Marketing Manager,92234.63,SALARY,False,MEDIUM,ACTIVE
NSB009815,Taylor,Diaz,1983-01-01,5,20,Business Owner,185394.71,BUSINESS,False,LOW,ACTIVE
NSB009816,Colleen,Barnes,1944-03-28,2,2,Accountant,88875.54,INVESTMENTS,False,MEDIUM,ACTIVE
NSB009817,Mike,Olsen,1964-07-09,11,5,Nurse,38461.73,PENSION,False,LOW,ACTIVE
NSB009818,Taylor,Daniel,2001-08-18,8,3,Consultant,149626.98,PENSION,False,LOW,ACTIVE
NSB009819,Joseph,Parker,1972-04-27,20,5,Lawyer,76842.51,PENSION,False,MEDIUM,ACTIVE
NSB009820,Erika,Ross,1987-12-08,10,18,Lawyer,119685.51,INVESTMENTS,False,MEDIUM,ACTIVE
NSB009821,Jennifer,Cummings,1992-02-18,10,19,Software Engineer,103763.12,SALARY,False,LOW,ACTIVE
NSB009822,Olivia,Graham,1980-01-04,11,19,Data Analyst,76713.55,PENSION,False,LOW,ACTIVE
NSB009823,Adrian,Butler,1948-07-10,13,10,Student,32912.01,INVESTMENTS,False,LOW,ACTIVE
NSB009824,Jerry,Harris,1977-11-07,14,16,Doctor,71706.62,PENSION,False,LOW,ACTIVE
NSB009825,Sandra,Williams,1953-01-19,11,1,Sales Manager,123536.58,BUSINESS,False,LOW,ACTIVE
NSB009826,Thomas,Day,1968-05-05,1,5,Accountant,83424.64,PENSION,False,LOW,ACTIVE
NSB009827,Johnny,Miller,1988-02-15,16,4,Marketing Manager,106971.83,SAVINGS,False,LOW,CLOSED
NSB009828,Jeffrey,Richards,1966-04-20,9,16,Marketing Manager,107679.9,SAVINGS,False,LOW,ACTIVE
NSB009829,Paul,Juarez,1965-06-29,12,1,Sales Manager,116587.78,PENSION,False,LOW,ACTIVE
NSB009830,Thomas,Wall,1986-04-23,10,2,Financial Analyst,47907.83,SALARY,False,LOW,ACTIVE
NSB009831,Elizabeth,Johnson,1975-06-02,15,11,Sales Manager,42379.71,SAVINGS,False,LOW,ACTIVE
NSB009832,Mariah,Ramirez,1999-11-18,6,13,Data Analyst,73118.5,SAVINGS,False,CRITICAL,ACTIVE
NSB009833,Rodney,Bolton,1999-12-25,13,6,Engineer,50471.99,SALARY,False,MEDIUM,ACTIVE
NSB009834,William,Johnson,1989-07-27,13,19,Teacher,58054.73,SALARY,False,LOW,ACTIVE
NSB009835,Tyler,Mitchell,2000-03-16,18,13,Student,26130.04,PENSION,False,MEDIUM,CLOSED
NSB009836,Catherine,Howard,1954-06-27,18,19,Lawyer,143299.4,INVESTMENTS,False,MEDIUM,ACTIVE
NSB009837,Donald,Hensley,1983-01-19,7,4,Marketing Manager,109772.22,INHERITANCE,False,LOW,ACTIVE
NSB009838,Sara,Sharp,1959-11-03,12,11,Lawyer,82313.81,BUSINESS,False,LOW,CLOSED
NSB009839,John,Lewis,1980-07-03,16,2,Doctor,186459.65,INHERITANCE,False,LOW,BLOCKED
NSB009840,Rebecca,White,1976-09-11,2,2,Teacher,66755.68,BUSINESS,False,MEDIUM,ACTIVE
NSB009841,Katherine,Barnett,1951-10-22,5,17,Architect,91968.78,BUSINESS,False,LOW,ACTIVE
NSB009842,Steven,Bishop,1950-11-10,3,3,Teacher,55011.85,SALARY,False,HIGH,ACTIVE
NSB009843,Katrina,Mitchell,1971-05-21,3,10,Data Analyst,90565.09,PENSION,False,LOW,ACTIVE
NSB009844,Sharon,Sanders,1953-09-18,12,9,Software Engineer,87447.55,PENSION,False,MEDIUM,ACTIVE
NSB009845,Susan,Nelson,1985-10-29,11,7,Business Owner,223285.64,INHERITANCE,False,LOW,ACTIVE
NSB009846,Brooke,Rhodes,1957-01-07,11,5,Consultant,78057.45,BUSINESS,False,MEDIUM,ACTIVE
NSB009847,Heather,Lin,1989-08-18,6,11,Student,11461.39,PENSION,False,MEDIUM,ACTIVE
NSB009848,April,Ball,1966-07-23,16,19,Student,11811.93,PENSION,False,MEDIUM,ACTIVE
NSB009849,Lauren,Sullivan,1942-11-08,16,8,Business Owner,126827.77,PENSION,False,CRITICAL,ACTIVE
NSB009850,Brent,Sanchez,1959-09-17,4,11,Marketing Manager,93120.05,PENSION,False,MEDIUM,CLOSED
NSB009851,Mary,Ray,1964-03-10,6,19,Student,14450.8,PENSION,False,LOW,ACTIVE
NSB009852,Jeffrey,Delgado,1983-07-11,12,17,Architect,57153.6,INHERITANCE,False,MEDIUM,ACTIVE
NSB009853,Andrew,Moreno,1958-06-02,17,11,Business Owner,30880.66,PENSION,False,LOW,ACTIVE
NSB009854,Tiffany,Petersen,1976-01-16,11,7,Software Engineer,69412.86,INVESTMENTS,True,LOW,ACTIVE
NSB009855,Patricia,Brooks,1952-07-06,10,19,Engineer,52591.51,PENSION,False,MEDIUM,ACTIVE
NSB009856,Melissa,Rodriguez,1988-12-11,18,15,Lawyer,142612.91,PENSION,False,MEDIUM,ACTIVE
NSB009857,Meredith,White,1986-03-12,10,8,Accountant,60593.21,BUSINESS,False,LOW,ACTIVE
NSB009858,Kimberly,Beltran,1986-08-10,14,11,Sales Manager,88485.98,SAVINGS,False,LOW,ACTIVE
NSB009859,Rebecca,Greene,1974-10-31,18,18,Marketing Manager,100274.48,SALARY,False,LOW,INACTIVE
NSB009860,Brittany,Murray,1959-05-01,7,14,Business Owner,245326.56,PENSION,False,MEDIUM,ACTIVE
NSB009861,Sean,Estrada,1965-02-08,5,19,Business Owner,131196.58,BUSINESS,False,LOW,ACTIVE
NSB009862,Luke,Ortega,1993-07-30,10,10,Nurse,32058.99,INHERITANCE,False,HIGH,ACTIVE
NSB009863,Adrian,Stevens,1985-09-28,10,19,Sales Manager,94173.27,SALARY,False,CRITICAL,ACTIVE
NSB009864,Arthur,Gardner,1943-01-24,6,19,Engineer,55930.54,SALARY,False,MEDIUM,ACTIVE
NSB009865,Molly,Williams,1988-01-22,10,17,Engineer,105635.29,INVESTMENTS,False,HIGH,ACTIVE
NSB009866,Jeffrey,Cohen,1972-11-22,12,18,Student,24426.87,SAVINGS,False,LOW,ACTIVE
NSB009867,Austin,Diaz,1949-03-11,11,10,Software Engineer,101040.29,INHERITANCE,False,LOW,INACTIVE
NSB009868,Aaron,Austin,2004-04-13,1,8,Financial Analyst,59217.09,SALARY,False,LOW,ACTIVE
NSB009869,Rachel,Leonard,1981-12-30,15,4,Data Analyst,47351.13,INVESTMENTS,False,LOW,ACTIVE
NSB009870,Jessica,Moreno,1983-02-05,5,4,Accountant,86090.42,BUSINESS,False,MEDIUM,ACTIVE
NSB009871,Andre,Wright,1997-04-05,6,1,Architect,92728.82,BUSINESS,False,LOW,ACTIVE
NSB009872,Alyssa,Wheeler,1965-05-06,20,1,Accountant,75088.4,PENSION,False,MEDIUM,ACTIVE
NSB009873,Matthew,Miller,1989-02-21,1,17,Doctor,204486.62,SAVINGS,False,MEDIUM,ACTIVE
NSB009874,Danielle,Bond,1943-09-20,18,4,Financial Analyst,77379.85,SALARY,False,LOW,ACTIVE
NSB009875,Karen,Dawson,1982-04-25,8,7,Architect,48478.54,PENSION,False,HIGH,ACTIVE
NSB009876,Kristopher,Mccoy,1979-05-19,14,2,Sales Manager,120189.7,SAVINGS,False,LOW,ACTIVE
NSB009877,Stephen,Key,1953-06-01,7,19,Data Analyst,49983.51,INVESTMENTS,False,LOW,ACTIVE
NSB009878,Thomas,Murphy,1957-01-13,19,17,Consultant,72758.63,SAVINGS,False,CRITICAL,ACTIVE
NSB009879,Kenneth,Brown,1956-09-07,9,2,Financial Analyst,116476.31,INHERITANCE,False,LOW,ACTIVE
NSB009880,Samuel,Garcia,1950-08-22,11,17,Student,32360.1,PENSION,False,MEDIUM,ACTIVE
NSB009881,Christopher,Jackson,1946-10-24,10,1,Nurse,66190.07,INVESTMENTS,False,MEDIUM,ACTIVE
NSB009882,Dillon,Nguyen,1967-05-27,14,3,Consultant,84718.7,SALARY,False,LOW,ACTIVE
NSB009883,Paul,Mayo,1949-04-05,18,14,Architect,79798.31,PENSION,False,CRITICAL,ACTIVE
NSB009884,Joann,Short,2005-05-24,8,10,Engineer,112396.12,PENSION,False,HIGH,ACTIVE
NSB009885,Mario,Dunlap,1953-06-20,17,6,Business Owner,78303.21,INVESTMENTS,False,LOW,ACTIVE
NSB009886,John,Bennett,1963-03-31,20,2,Consultant,56120.41,SALARY,False,MEDIUM,ACTIVE
NSB009887,Sharon,Griffin,1989-04-08,5,9,Sales Manager,127613.59,BUSINESS,False,LOW,BLOCKED
NSB009888,Kaitlin,Moore,1952-06-24,16,6,Accountant,46182.71,SAVINGS,False,MEDIUM,ACTIVE
NSB009889,Peter,Lopez,1945-12-23,17,9,Doctor,175207.43,SAVINGS,False,MEDIUM,ACTIVE
NSB009890,Richard,Hughes,1952-03-30,14,6,Marketing Manager,97393.95,INHERITANCE,False,LOW,ACTIVE
NSB009891,Tamara,Armstrong,1999-04-24,19,2,Business Owner,111145.16,SAVINGS,False,MEDIUM,ACTIVE
NSB009892,Allen,Banks,1986-04-12,10,14,Software Engineer,58567.13,PENSION,False,LOW,ACTIVE
NSB009893,Mary,Jensen,1959-09-19,11,4,Financial Analyst,61895.43,INHERITANCE,False,LOW,ACTIVE
NSB009894,Jennifer,Wilkins,1980-12-06,4,7,Marketing Manager,90559.1,INVESTMENTS,False,LOW,ACTIVE
NSB009895,Andrea,Clarke,2001-02-26,11,19,Financial Analyst,91131.6,INHERITANCE,False,LOW,ACTIVE
NSB009896,Jerry,Lucas,1949-09-05,10,6,Teacher,62844.95,INHERITANCE,True,CRITICAL,ACTIVE
NSB009897,Steven,Walsh,1952-11-14,7,2,Student,6877.25,SAVINGS,False,MEDIUM,ACTIVE
NSB009898,Lauren,Ramos,1978-01-23,13,2,Software Engineer,93384.32,SALARY,False,MEDIUM,ACTIVE
NSB009899,Danielle,Price,1956-06-14,2,9,Financial Analyst,82641.0,INHERITANCE,False,LOW,INACTIVE
NSB009900,Andrea,Stevens,1989-10-01,18,9,Marketing Manager,59981.23,INVESTMENTS,False,MEDIUM,ACTIVE
NSB009901,Kenneth,Brown,1997-11-22,4,13,Software Engineer,100848.04,INVESTMENTS,False,MEDIUM,ACTIVE
NSB009902,Johnny,Osborn,1992-05-15,2,16,Sales Manager,63024.65,SAVINGS,False,HIGH,ACTIVE
NSB009903,Kimberly,Walton,1956-11-16,5,16,Lawyer,135815.02,INVESTMENTS,False,LOW,ACTIVE
NSB009904,Gregory,Bell,1977-03-11,5,7,Business Owner,149221.44,BUSINESS,False,LOW,ACTIVE
NSB009905,Christine,Martin,1995-07-09,3,11,Student,15725.65,BUSINESS,False,LOW,ACTIVE
NSB009906,Nicole,Park,1977-09-25,2,20,Financial Analyst,91363.61,INHERITANCE,False,LOW,ACTIVE
NSB009907,Michelle,Fry,1968-03-21,20,3,Lawyer,103749.08,BUSINESS,False,HIGH,ACTIVE
NSB009908,Lisa,Jackson,1974-06-11,8,8,Teacher,63152.83,INVESTMENTS,False,LOW,ACTIVE
NSB009909,Daniel,Watkins,1953-07-26,8,12,Engineer,102597.9,PENSION,False,LOW,ACTIVE
NSB009910,Carrie,Cardenas,1986-04-04,2,5,Accountant,56395.19,PENSION,False,HIGH,ACTIVE
NSB009911,Nicholas,Jackson,1973-07-05,13,4,Financial Analyst,111590.21,SALARY,False,LOW,ACTIVE
NSB009912,Savannah,Garcia,1978-01-25,15,2,Software Engineer,83541.6,INVESTMENTS,False,LOW,CLOSED
NSB009913,Christopher,Sullivan,1979-05-11,8,17,Business Owner,141471.96,INVESTMENTS,False,MEDIUM,ACTIVE
NSB009914,Darryl,Newman,1959-09-12,1,6,Student,12473.15,BUSINESS,False,MEDIUM,ACTIVE
NSB009915,Anne,Woodward,1961-04-08,9,10,Nurse,37509.44,BUSINESS,False,HIGH,ACTIVE
NSB009916,Paul,Robinson,1971-07-26,3,14,Consultant,73664.95,INVESTMENTS,False,MEDIUM,DECEASED
NSB009917,Terrence,Schmidt,1974-03-23,8,18,Sales Manager,70100.28,SAVINGS,False,LOW,ACTIVE
NSB009918,Kevin,Collins,1980-06-22,13,20,Architect,76993.33,INHERITANCE,False,LOW,ACTIVE
NSB009919,Brian,Marshall,1991-12-29,9,5,Software Engineer,53985.52,SALARY,False,MEDIUM,ACTIVE
NSB009920,Kyle,Wu,1942-03-05,11,3,Teacher,64332.19,SAVINGS,False,LOW,ACTIVE
NSB009921,Madison,Mosley,1967-10-15,10,12,Consultant,142471.98,SALARY,False,MEDIUM,BLOCKED
NSB009922,Tiffany,Clark,1972-01-13,13,1,Marketing Manager,83341.87,PENSION,False,LOW,CLOSED
NSB009923,Danielle,Porter,1954-07-19,8,20,Software Engineer,99728.18,BUSINESS,False,MEDIUM,ACTIVE
NSB009924,Ryan,Parker,1950-07-19,20,9,Architect,89521.4,SALARY,False,LOW,ACTIVE
NSB009925,Susan,Hunt,1963-12-18,13,2,Financial Analyst,83191.18,INVESTMENTS,False,LOW,ACTIVE
NSB009926,Kimberly,Boyle,2006-03-08,3,15,Business Owner,192084.87,INVESTMENTS,False,LOW,ACTIVE
NSB009927,Paula,Stein,1946-05-29,15,15,Business Owner,187827.25,INVESTMENTS,False,LOW,ACTIVE
NSB009928,Vanessa,Phillips,2001-08-21,13,17,Business Owner,79994.44,INVESTMENTS,False,LOW,ACTIVE
NSB009929,Christopher,Spencer,1973-04-01,6,15,Consultant,78541.7,INHERITANCE,False,LOW,ACTIVE
NSB009930,Sarah,Anderson,1942-10-21,13,12,Doctor,238787.47,INVESTMENTS,False,LOW,ACTIVE
NSB009931,Kristin,Lane,1977-03-29,10,20,Doctor,63821.83,INHERITANCE,False,LOW,ACTIVE
NSB009932,Isaiah,Shaw,1999-04-22,16,15,Marketing Manager,119954.29,SAVINGS,False,LOW,ACTIVE
NSB009933,Troy,Lang,1949-01-31,7,14,Data Analyst,45196.38,INVESTMENTS,False,HIGH,ACTIVE
NSB009934,Richard,Hunt,1943-02-04,17,5,Consultant,57059.64,INHERITANCE,False,MEDIUM,ACTIVE
NSB009935,Frederick,Burch,1996-05-08,20,10,Lawyer,76030.45,INVESTMENTS,False,LOW,INACTIVE
NSB009936,Victoria,Bennett,1999-08-07,17,9,Business Owner,104245.66,SAVINGS,False,CRITICAL,ACTIVE
NSB009937,Benjamin,Willis,1975-11-05,10,12,Business Owner,104257.31,SAVINGS,False,LOW,ACTIVE
NSB009938,Andrew,Charles,2003-09-24,4,9,Architect,78673.02,INHERITANCE,False,LOW,INACTIVE
NSB009939,Timothy,Shaffer,1988-07-12,10,20,Financial Analyst,53308.46,INVESTMENTS,False,MEDIUM,ACTIVE
NSB009940,Caroline,Wong,1962-09-23,7,6,Engineer,71721.74,SALARY,False,MEDIUM,ACTIVE
NSB009941,Gabrielle,Jones,1968-07-28,11,6,Consultant,141301.43,INVESTMENTS,False,HIGH,ACTIVE
NSB009942,Amanda,Knight,1967-06-26,4,1,Software Engineer,105742.32,INHERITANCE,False,LOW,ACTIVE
NSB009943,Eduardo,Contreras,1966-10-05,3,8,Engineer,99104.54,BUSINESS,False,MEDIUM,ACTIVE
NSB009944,Gregory,Graham,1996-09-14,14,20,Nurse,65472.41,SAVINGS,False,LOW,ACTIVE
NSB009945,Jessica,Clark,1959-01-17,12,9,Teacher,35089.54,INVESTMENTS,False,MEDIUM,ACTIVE
NSB009946,Jennifer,Schmitt,1943-05-29,17,16,Sales Manager,125458.83,SALARY,False,LOW,ACTIVE
NSB009947,Julie,Medina,1977-08-02,5,6,Accountant,87346.5,INHERITANCE,False,LOW,ACTIVE
NSB009948,Adam,Gibson,1993-10-27,19,5,Software Engineer,62513.2,INVESTMENTS,False,HIGH,ACTIVE
NSB009949,Gregory,Davis,1960-06-13,2,6,Sales Manager,113209.69,PENSION,False,LOW,ACTIVE
NSB009950,Danielle,Little,1990-02-15,18,16,Teacher,34110.17,INVESTMENTS,False,MEDIUM,ACTIVE
NSB009951,Drew,Hendrix,1987-05-01,4,15,Accountant,38462.95,SAVINGS,False,LOW,ACTIVE
NSB009952,Robin,Walters,1986-05-17,16,7,Lawyer,160850.25,BUSINESS,False,LOW,ACTIVE
NSB009953,Matthew,Clark,1951-06-18,10,1,Business Owner,289387.05,BUSINESS,False,LOW,ACTIVE
NSB009954,Andrew,Brown,2004-04-10,1,1,Accountant,71982.28,SALARY,False,LOW,ACTIVE
NSB009955,Jose,Ramos,1952-12-22,20,18,Lawyer,116258.51,SAVINGS,False,LOW,ACTIVE
NSB009956,Laura,Hull,1977-04-05,13,12,Doctor,191730.93,INHERITANCE,False,LOW,ACTIVE
NSB009957,Joshua,Travis,1954-10-22,9,11,Lawyer,81103.1,BUSINESS,False,MEDIUM,BLOCKED
NSB009958,Janice,Wilson,1967-12-15,12,1,Nurse,57446.95,SAVINGS,False,MEDIUM,ACTIVE
NSB009959,Laurie,Elliott,1968-06-06,17,15,Teacher,56966.85,SALARY,False,LOW,ACTIVE
NSB009960,Adam,Allen,1992-08-26,9,2,Sales Manager,94452.34,BUSINESS,True,HIGH,ACTIVE
NSB009961,Katelyn,Harrison,1976-05-15,2,4,Accountant,35017.46,INVESTMENTS,False,CRITICAL,ACTIVE
NSB009962,Ryan,Valentine,1992-09-16,4,3,Student,25155.05,INVESTMENTS,False,MEDIUM,ACTIVE
NSB009963,Roger,Wilson,1973-12-10,4,4,Nurse,40499.58,BUSINESS,False,LOW,ACTIVE
NSB009964,Gina,Salinas,1992-08-07,5,18,Student,18337.92,SALARY,False,LOW,ACTIVE
NSB009965,Sean,Hernandez,2005-08-28,11,8,Financial Analyst,90740.38,SALARY,False,LOW,ACTIVE
NSB009966,Jeffrey,Parker,1992-01-01,5,2,Student,12113.54,SAVINGS,False,LOW,ACTIVE
NSB009967,Nicholas,Martinez,1984-02-07,14,13,Engineer,111399.37,INHERITANCE,False,LOW,ACTIVE
NSB009968,Susan,Lopez,1990-09-15,14,20,Architect,82855.28,PENSION,False,LOW,ACTIVE
NSB009969,Megan,Franklin,1998-09-17,7,18,Business Owner,165393.23,SALARY,False,LOW,ACTIVE
NSB009970,John,Schmidt,1984-06-06,8,2,Accountant,44069.08,PENSION,False,LOW,ACTIVE
NSB009971,Christopher,Miller,2002-04-30,13,3,Nurse,48882.35,INHERITANCE,False,LOW,ACTIVE
NSB009972,Kenneth,Stewart,2004-11-01,9,7,Accountant,36895.39,PENSION,False,MEDIUM,ACTIVE
NSB009973,Christine,West,1945-09-07,10,6,Data Analyst,83519.85,SALARY,False,LOW,ACTIVE
NSB009974,Jennifer,Mcdonald,1955-01-25,10,1,Architect,45117.67,INVESTMENTS,False,CRITICAL,ACTIVE
NSB009975,Vickie,Mcconnell,1970-08-04,16,7,Data Analyst,68544.77,SAVINGS,False,LOW,ACTIVE
NSB009976,Walter,Thomas,1994-11-13,17,1,Accountant,48532.78,INHERITANCE,False,LOW,ACTIVE
NSB009977,Crystal,Mack,1964-06-07,20,15,Data Analyst,66634.64,INHERITANCE,False,LOW,ACTIVE
NSB009978,Tammy,James,1946-02-27,4,17,Lawyer,64701.56,BUSINESS,False,LOW,INACTIVE
NSB009979,Francisco,Macias,1957-04-09,3,3,Accountant,89825.6,BUSINESS,False,MEDIUM,DECEASED
NSB009980,Jennifer,Edwards,1991-03-10,15,3,Consultant,82730.49,INHERITANCE,False,LOW,ACTIVE
NSB009981,Crystal,Hicks,1957-09-14,17,16,Engineer,57447.52,SAVINGS,False,LOW,ACTIVE
NSB009982,Kathleen,Rodriguez,1995-10-24,15,15,Consultant,76036.48,INHERITANCE,False,LOW,ACTIVE
NSB009983,Robert,Williams,1957-03-03,3,16,Teacher,52839.05,BUSINESS,False,MEDIUM,ACTIVE
NSB009984,Olivia,Evans,1997-05-27,20,9,Financial Analyst,75169.29,INHERITANCE,False,HIGH,ACTIVE
NSB009985,Stacy,Lewis,1951-08-29,15,17,Doctor,175381.4,PENSION,False,MEDIUM,BLOCKED
NSB009986,Derek,Thompson,1944-08-10,15,6,Sales Manager,108677.83,BUSINESS,False,LOW,ACTIVE
NSB009987,Austin,Peck,2005-07-31,5,9,Software Engineer,88314.74,SAVINGS,False,LOW,ACTIVE
NSB009988,Julie,Berry,1999-01-26,12,2,Student,23501.89,INVESTMENTS,False,MEDIUM,ACTIVE
NSB009989,Kathryn,Jones,1940-11-10,14,12,Engineer,50572.04,SAVINGS,False,MEDIUM,ACTIVE
NSB009990,Daniel,Willis,1947-05-28,12,17,Financial Analyst,54210.01,BUSINESS,False,LOW,ACTIVE
NSB009991,Teresa,Jenkins,1974-10-05,17,6,Doctor,89417.69,PENSION,False,LOW,ACTIVE
NSB009992,Mark,Brooks,1990-10-25,14,4,Business Owner,89074.25,SALARY,False,MEDIUM,ACTIVE
NSB009993,Tonya,Boone,1952-06-05,7,12,Marketing Manager,55873.13,INVESTMENTS,False,HIGH,ACTIVE
NSB009994,Joshua,Herrera,1991-12-03,16,7,Student,12969.79,INHERITANCE,False,HIGH,ACTIVE
NSB009995,Ryan,Smith,2004-04-04,2,19,Sales Manager,61779.42,INVESTMENTS,False,LOW,CLOSED
NSB009996,Christopher,Davidson,1985-03-04,2,6,Architect,80462.9,BUSINESS,True,HIGH,ACTIVE
NSB009997,Nicholas,Clarke,1951-01-15,10,3,Data Analyst,76917.43,SALARY,False,MEDIUM,INACTIVE
NSB009998,Amanda,Hess,1988-02-01,17,13,Doctor,234233.71,SAVINGS,False,LOW,ACTIVE
NSB009999,William,Allen,1960-05-28,6,19,Nurse,62845.53,SALARY,False,LOW,ACTIVE
NSB010000,Bryan,Orozco,1961-03-14,16,19,Lawyer,125529.46,INVESTMENTS,False,MEDIUM,ACTIVE
